=== FreeRTOS Scheduler Latency Test ===
[CRITICAL] Cycles: 161492
[MEDIUM] Cycles: 80583
[CTXSW] Cycles: 0
[CTXSW] Cycles: 1111
[CTXSW] Cycles: 24
[CTXSW] Cycles: 17
[CTXSW] Cycles: 15
[CTXSW] Cycles: 11
[CTXSW] Cycles: 8
[CTXSW] Cycles: 8
[CTXSW] Cycles: 7
[CRITICAL] Cycles: 160040
[OBSERVER] Preemption gap: 177227 cycles
[CTXSW] Cycles: 9
[CTXSW] Cycles: 20
[CTXSW] Cycles: 35
[CTXSW] Cycles: 12
[CTXSW] Cycles: 12
[CTXSW] Cycles: 8
[CTXSW] Cycles: 19
[CTXSW] Cycles: 13
[CTXSW] Cycles: 17
[CTXSW] Cycles: 12
[CTXSW] Cycles: 25
[CTXSW] Cycles: 12
[CTXSW] Cycles: 20
[CTXSW] Cycles: 10
[CTXSW] Cycles: 11
[CTXSW] Cycles: 23
[CTXSW] Cycles: 7
[CTXSW] Cycles: 8
[CTXSW] Cycles: 7
[CTXSW] Cycles: 8
[CTXSW] Cycles: 8
[CRITICAL] Cycles: 162729
[MEDIUM] Cycles: 80035
[OBSERVER] Preemption gap: 263406 cycles
[CTXSW] Cycles: 10
[CTXSW] Cycles: 11
[CTXSW] Cycles: 21
[CTXSW] Cycles: 30
[CTXSW] Cycles: 10
[CTXSW] Cycles: 177
[CTXSW] Cycles: 9
[CTXSW] Cycles: 7
[CTXSW] Cycles: 24
[CTXSW] Cycles: 194
[CRITICAL] Cycles: 160030
[MEDIUM] Cycles: 80027
[OBSERVER] Preemption gap: 261458 cycles
[CTXSW] Cycles: 10
[CTXSW] Cycles: 7
[CTXSW] Cycles: 15
[CTXSW] Cycles: 27
[CTXSW] Cycles: 16
[CTXSW] Cycles: 8
[CTXSW] Cycles: 9
[CTXSW] Cycles: 7
[CTXSW] Cycles: 8
[CTXSW] Cycles: 19
[CRITICAL] Cycles: 160031
[OBSERVER] Preemption gap: 180155 cycles
[CTXSW] Cycles: 8
[CTXSW] Cycles: 56
[CTXSW] Cycles: 23
[CTXSW] Cycles: 11
[CTXSW] Cycles: 7
[CTXSW] Cycles: 7
[CTXSW] Cycles: 7
[CTXSW] Cycles: 8
[CTXSW] Cycles: 13
[CTXSW] Cycles: 9
[CTXSW] Cycles: 16
[CTXSW] Cycles: 9
[CTXSW] Cycles: 20
[CTXSW] Cycles: 13
[CTXSW] Cycles: 15
[CTXSW] Cycles: 8
[CTXSW] Cycles: 7
[CTXSW] Cycles: 8
[CTXSW] Cycles: 16
[CTXSW] Cycles: 12
[CTXSW] Cycles: 168
[CRITICAL] Cycles: 160053
[MEDIUM] Cycles: 80042
[OBSERVER] Preemption gap: 256344 cycles
[CTXSW] Cycles: 9
[CTXSW] Cycles: 6
[CTXSW] Cycles: 33
[CTXSW] Cycles: 16
[CTXSW] Cycles: 9
[CTXSW] Cycles: 8
[CTXSW] Cycles: 8
[CTXSW] Cycles: 7
[CTXSW] Cycles: 8
[CTXSW] Cycles: 9
[CTXSW] Cycles: 8
[CTXSW] Cycles: 8
[CRITICAL] Cycles: 166809
[MEDIUM] Cycles: 80034
[OBSERVER] Preemption gap: 260597 cycles
[CTXSW] Cycles: 8
[CTXSW] Cycles: 8
[CTXSW] Cycles: 11
[CTXSW] Cycles: 26
[CTXSW] Cycles: 18
[CTXSW] Cycles: 16
[CTXSW] Cycles: 9
[CTXSW] Cycles: 7
[CTXSW] Cycles: 8
[CTXSW] Cycles: 7
[CRITICAL] Cycles: 160034
[OBSERVER] Preemption gap: 176851 cycles
[CTXSW] Cycles: 7
[CTXSW] Cycles: 12
[CTXSW] Cycles: 22
[CTXSW] Cycles: 9
[CTXSW] Cycles: 10
[CTXSW] Cycles: 8
[CTXSW] Cycles: 21
[CTXSW] Cycles: 13
[CTXSW] Cycles: 8
[CTXSW] Cycles: 8
[CTXSW] Cycles: 16
[CTXSW] Cycles: 11
[CTXSW] Cycles: 21
[CTXSW] Cycles: 8
[CTXSW] Cycles: 10
[CTXSW] Cycles: 8
[CTXSW] Cycles: 39
[CTXSW] Cycles: 13
[CTXSW] Cycles: 91
[CTXSW] Cycles: 8
[CTXSW] Cycles: 7
[CRITICAL] Cycles: 168973
[MEDIUM] Cycles: 80028
[OBSERVER] Preemption gap: 259156 cycles
[CTXSW] Cycles: 7
[CTXSW] Cycles: 7
[CTXSW] Cycles: 16
[CTXSW] Cycles: 0
[CTXSW] Cycles: 10
[CTXSW] Cycles: 10
[CTXSW] Cycles: 8
[CTXSW] Cycles: 7
[CTXSW] Cycles: 17
[CTXSW] Cycles: 17
[CRITICAL] Cycles: 160051
[MEDIUM] Cycles: 80029
[OBSERVER] Preemption gap: 258837 cycles
[CTXSW] Cycles: 11
[CTXSW] Cycles: 8
[CTXSW] Cycles: 19
[CTXSW] Cycles: 23
[CTXSW] Cycles: 9
[CTXSW] Cycles: 8
[CTXSW] Cycles: 7
[CTXSW] Cycles: 17
[CTXSW] Cycles: 11
[CTXSW] Cycles: 7
[CTXSW] Cycles: 9
[CTXSW] Cycles: 6
[CRITICAL] Cycles: 160038
[OBSERVER] Preemption gap: 184222 cycles
[CTXSW] Cycles: 8
[CTXSW] Cycles: 7
[CTXSW] Cycles: 35
[CTXSW] Cycles: 12
[CTXSW] Cycles: 8
[CTXSW] Cycles: 9
[CTXSW] Cycles: 20
[CTXSW] Cycles: 17
[CTXSW] Cycles: 8
[CTXSW] Cycles: 12
[CTXSW] Cycles: 18
[CTXSW] Cycles: 8
[CTXSW] Cycles: 9
[CTXSW] Cycles: 9
[CTXSW] Cycles: 7
[CTXSW] Cycles: 8
[CTXSW] Cycles: 20
[CTXSW] Cycles: 17
[CTXSW] Cycles: 9
[OBSERVER] Preemption gap: 24744 cycles
[CTXSW] Cycles: 8
[CTXSW] Cycles: 130
[CRITICAL] Cycles: 162387
[MEDIUM] Cycles: 80032
[OBSERVER] Preemption gap: 247317 cycles
[CTXSW] Cycles: 8
[CTXSW] Cycles: 7
[CTXSW] Cycles: 20
[CTXSW] Cycles: 20
[CTXSW] Cycles: 9
[CTXSW] Cycles: 7
[CTXSW] Cycles: 8
[CTXSW] Cycles: 6
[CTXSW] Cycles: 11
[CTXSW] Cycles: 7
[CTXSW] Cycles: 7
[CTXSW] Cycles: 6
[CRITICAL] Cycles: 164263
[MEDIUM] Cycles: 81426
[OBSERVER] Preemption gap: 256513 cycles
[CTXSW] Cycles: 7
[CTXSW] Cycles: 7
[CTXSW] Cycles: 16
[CTXSW] Cycles: 14
[CTXSW] Cycles: 7
[CTXSW] Cycles: 7
[CTXSW] Cycles: 8
[CTXSW] Cycles: 9
[CTXSW] Cycles: 8
[CTXSW] Cycles: 141
[CTXSW] Cycles: 7
[CTXSW] Cycles: 7
[CRITICAL] Cycles: 160050
[OBSERVER] Preemption gap: 179406 cycles
[CTXSW] Cycles: 8
[CTXSW] Cycles: 7
[CTXSW] Cycles: 38
[CTXSW] Cycles: 11
[CTXSW] Cycles: 8
[CTXSW] Cycles: 8
[CTXSW] Cycles: 148
[CTXSW] Cycles: 10
[CTXSW] Cycles: 6
[CTXSW] Cycles: 8
[CTXSW] Cycles: 8
[CTXSW] Cycles: 7
[CTXSW] Cycles: 8
[CTXSW] Cycles: 8
[CTXSW] Cycles: 8
[CTXSW] Cycles: 8
[CTXSW] Cycles: 6
[CTXSW] Cycles: 8
[CTXSW] Cycles: 9
[CTXSW] Cycles: 21
[CTXSW] Cycles: 7
[CRITICAL] Cycles: 160029
[MEDIUM] Cycles: 80030
[OBSERVER] Preemption gap: 256930 cycles
[CTXSW] Cycles: 8
[CTXSW] Cycles: 15
[CTXSW] Cycles: 11
[CTXSW] Cycles: 13
[CTXSW] Cycles: 8
[CTXSW] Cycles: 139
[CTXSW] Cycles: 8
[CTXSW] Cycles: 8
[CTXSW] Cycles: 7
[CTXSW] Cycles: 6
[CTXSW] Cycles: 7
[CTXSW] Cycles: 7
[CRITICAL] Cycles: 160040
[MEDIUM] Cycles: 80042
[OBSERVER] Preemption gap: 248233 cycles
[CTXSW] Cycles: 8
[CTXSW] Cycles: 21
[CTXSW] Cycles: 37
[CTXSW] Cycles: 19
[CTXSW] Cycles: 15
[CTXSW] Cycles: 11
[CTXSW] Cycles: 8
[CTXSW] Cycles: 25
[CTXSW] Cycles: 8
[CTXSW] Cycles: 129
[OBSERVER] Preemption gap: 24180 cycles
[CTXSW] Cycles: 8
[CTXSW] Cycles: 8
[CRITICAL] Cycles: 161767
[OBSERVER] Preemption gap: 167987 cycles
[CTXSW] Cycles: 8
[CTXSW] Cycles: 7
[CTXSW] Cycles: 24
[CTXSW] Cycles: 9
[CTXSW] Cycles: 8
[CTXSW] Cycles: 8
[CTXSW] Cycles: 123
[CTXSW] Cycles: 8
[CTXSW] Cycles: 7
[CTXSW] Cycles: 8
[CTXSW] Cycles: 7
[CTXSW] Cycles: 8
[CTXSW] Cycles: 7
[CTXSW] Cycles: 8
[CTXSW] Cycles: 8
[CTXSW] Cycles: 7
[CTXSW] Cycles: 7
[CTXSW] Cycles: 8
[CTXSW] Cycles: 7
[CTXSW] Cycles: 8
[CTXSW] Cycles: 7
[CRITICAL] Cycles: 160038
[MEDIUM] Cycles: 80029
[OBSERVER] Preemption gap: 257764 cycles
[CTXSW] Cycles: 8
[CTXSW] Cycles: 7
[CTXSW] Cycles: 29
[CTXSW] Cycles: 26
[CTXSW] Cycles: 10
[CTXSW] Cycles: 12
[CTXSW] Cycles: 9
[CTXSW] Cycles: 38
[CTXSW] Cycles: 9
[CTXSW] Cycles: 22
[CTXSW] Cycles: 11
[CTXSW] Cycles: 9
[CRITICAL] Cycles: 160047
[MEDIUM] Cycles: 80031
[OBSERVER] Preemption gap: 256903 cycles
[CTXSW] Cycles: 9
[CTXSW] Cycles: 17
[CTXSW] Cycles: 30
[CTXSW] Cycles: 24
[CTXSW] Cycles: 12
[CTXSW] Cycles: 8
[CTXSW] Cycles: 8
[CTXSW] Cycles: 7
[CTXSW] Cycles: 8
[CTXSW] Cycles: 7
[OBSERVER] Preemption gap: 24298 cycles
[CTXSW] Cycles: 13
[CTXSW] Cycles: 34
[CRITICAL] Cycles: 160038
[OBSERVER] Preemption gap: 167931 cycles
[CTXSW] Cycles: 7
[CTXSW] Cycles: 7
[CTXSW] Cycles: 16
[CTXSW] Cycles: 8
[CTXSW] Cycles: 9
[CTXSW] Cycles: 8
[CTXSW] Cycles: 7
[CTXSW] Cycles: 9
[CTXSW] Cycles: 21
[CTXSW] Cycles: 7
[CTXSW] Cycles: 11
[CTXSW] Cycles: 8
[CTXSW] Cycles: 8
[CTXSW] Cycles: 8
[CTXSW] Cycles: 7
[CTXSW] Cycles: 8
[CTXSW] Cycles: 35
[CTXSW] Cycles: 18
[CTXSW] Cycles: 9
[CTXSW] Cycles: 7
[CTXSW] Cycles: 21
[CRITICAL] Cycles: 164786
[MEDIUM] Cycles: 80032
[OBSERVER] Preemption gap: 263202 cycles
[CTXSW] Cycles: 14
[CTXSW] Cycles: 6
[CTXSW] Cycles: 49
[CTXSW] Cycles: 19
[CTXSW] Cycles: 15
[CTXSW] Cycles: 20
[CTXSW] Cycles: 16
[CTXSW] Cycles: 7
[CTXSW] Cycles: 9
[CTXSW] Cycles: 13
[CTXSW] Cycles: 8
[CTXSW] Cycles: 27
[CRITICAL] Cycles: 160037
[MEDIUM] Cycles: 80032
[OBSERVER] Preemption gap: 260914 cycles
[CTXSW] Cycles: 12
[CTXSW] Cycles: 121
[CTXSW] Cycles: 23
[CTXSW] Cycles: 13
[CTXSW] Cycles: 8
[CTXSW] Cycles: 7
[CTXSW] Cycles: 7
[CTXSW] Cycles: 7
[CTXSW] Cycles: 11
[CTXSW] Cycles: 9
[CTXSW] Cycles: 9
[CTXSW] Cycles: 7
[CRITICAL] Cycles: 160039
[OBSERVER] Preemption gap: 172860 cycles
[CTXSW] Cycles: 7
[CTXSW] Cycles: 6
[CTXSW] Cycles: 14
[CTXSW] Cycles: 9
[CTXSW] Cycles: 7
[CTXSW] Cycles: 8
[CTXSW] Cycles: 7
[CTXSW] Cycles: 7
[CTXSW] Cycles: 8
[CTXSW] Cycles: 7
[CTXSW] Cycles: 8
[CTXSW] Cycles: 8
[CTXSW] Cycles: 6
[CTXSW] Cycles: 8
[CTXSW] Cycles: 6
[CTXSW] Cycles: 7
[CTXSW] Cycles: 6
[CTXSW] Cycles: 7
[CTXSW] Cycles: 6
[CTXSW] Cycles: 8
[CTXSW] Cycles: 6
[CRITICAL] Cycles: 160022
[MEDIUM] Cycles: 80287
[OBSERVER] Preemption gap: 259207 cycles
[CTXSW] Cycles: 8
[CTXSW] Cycles: 7
[CTXSW] Cycles: 15
[CTXSW] Cycles: 11
[CTXSW] Cycles: 8
[CTXSW] Cycles: 14
[CTXSW] Cycles: 7
[CTXSW] Cycles: 6
[CTXSW] Cycles: 7
[CTXSW] Cycles: 7
[CTXSW] Cycles: 8
[CTXSW] Cycles: 7
[CRITICAL] Cycles: 160031
[MEDIUM] Cycles: 80027
[OBSERVER] Preemption gap: 259167 cycles
[CTXSW] Cycles: 8
[CTXSW] Cycles: 6
[CTXSW] Cycles: 11
[CTXSW] Cycles: 10
[CTXSW] Cycles: 7
[CTXSW] Cycles: 7
[CTXSW] Cycles: 8
[CTXSW] Cycles: 7
[CTXSW] Cycles: 8
[CTXSW] Cycles: 6
[CTXSW] Cycles: 8
[CTXSW] Cycles: 7
[CRITICAL] Cycles: 160919
[OBSERVER] Preemption gap: 174237 cycles
[CTXSW] Cycles: 8
[CTXSW] Cycles: 6
[CTXSW] Cycles: 10
[CTXSW] Cycles: 9
[CTXSW] Cycles: 7
[OBSERVER] Preemption gap: 24696 cycles
[CTXSW] Cycles: 8
[CTXSW] Cycles: 178
[CTXSW] Cycles: 10
[CTXSW] Cycles: 30
[CTXSW] Cycles: 9
[CTXSW] Cycles: 132
[CTXSW] Cycles: 8
[CTXSW] Cycles: 7
[OBSERVER] Preemption gap: 24671 cycles
[CTXSW] Cycles: 9
[CTXSW] Cycles: 6
[CTXSW] Cycles: 8
[CTXSW] Cycles: 18
[CTXSW] Cycles: 8
[CTXSW] Cycles: 6
[CTXSW] Cycles: 18
[CTXSW] Cycles: 33
[CRITICAL] Cycles: 160020
[MEDIUM] Cycles: 80021
[OBSERVER] Preemption gap: 254563 cycles
[CTXSW] Cycles: 9
[CTXSW] Cycles: 7
[CTXSW] Cycles: 19
[CTXSW] Cycles: 10
[CTXSW] Cycles: 7
[CTXSW] Cycles: 6
[CTXSW] Cycles: 7
[CTXSW] Cycles: 7
[CTXSW] Cycles: 7
[CTXSW] Cycles: 7
[CTXSW] Cycles: 7
[CTXSW] Cycles: 7
[CRITICAL] Cycles: 169160
[MEDIUM] Cycles: 80031
[OBSERVER] Preemption gap: 262235 cycles
[CTXSW] Cycles: 7
[CTXSW] Cycles: 114
[CTXSW] Cycles: 24
[CTXSW] Cycles: 17
[CTXSW] Cycles: 9
[CTXSW] Cycles: 7
[CTXSW] Cycles: 8
[CTXSW] Cycles: 6
[CTXSW] Cycles: 8
[CTXSW] Cycles: 7
[CTXSW] Cycles: 7
[CTXSW] Cycles: 7
[CRITICAL] Cycles: 160033
[OBSERVER] Preemption gap: 178873 cycles
[CTXSW] Cycles: 8
[CTXSW] Cycles: 6
[CTXSW] Cycles: 14
[CTXSW] Cycles: 7
[CTXSW] Cycles: 7
[CTXSW] Cycles: 8
[CTXSW] Cycles: 37
[CTXSW] Cycles: 7
[CTXSW] Cycles: 7
[CTXSW] Cycles: 7
[CTXSW] Cycles: 20
[CTXSW] Cycles: 7
[CTXSW] Cycles: 7
[CTXSW] Cycles: 7
[CTXSW] Cycles: 7
[CTXSW] Cycles: 8
[CTXSW] Cycles: 7
[CTXSW] Cycles: 8
[CTXSW] Cycles: 7
[OBSERVER] Preemption gap: 24381 cycles
[CTXSW] Cycles: 8
[CTXSW] Cycles: 6
[CRITICAL] Cycles: 160019
[MEDIUM] Cycles: 80030
[OBSERVER] Preemption gap: 251486 cycles
[CTXSW] Cycles: 8
[CTXSW] Cycles: 7
[CTXSW] Cycles: 9
[CTXSW] Cycles: 10
[CTXSW] Cycles: 8
[CTXSW] Cycles: 7
[CTXSW] Cycles: 8
[CTXSW] Cycles: 8
[CTXSW] Cycles: 8
[CTXSW] Cycles: 7
[CTXSW] Cycles: 13
[CTXSW] Cycles: 6
[CRITICAL] Cycles: 160034
[MEDIUM] Cycles: 80279
[OBSERVER] Preemption gap: 259883 cycles
[CTXSW] Cycles: 8
[CTXSW] Cycles: 6
[CTXSW] Cycles: 33
[CTXSW] Cycles: 17
[CTXSW] Cycles: 9
[CTXSW] Cycles: 7
[CTXSW] Cycles: 7
[CTXSW] Cycles: 21
[CTXSW] Cycles: 13
[CTXSW] Cycles: 7
[CTXSW] Cycles: 9
[CTXSW] Cycles: 12
[CRITICAL] Cycles: 164202
[OBSERVER] Preemption gap: 172033 cycles
[CTXSW] Cycles: 11
[CTXSW] Cycles: 11
[CTXSW] Cycles: 24
[CTXSW] Cycles: 10
[CTXSW] Cycles: 13
[CTXSW] Cycles: 7
[CTXSW] Cycles: 35
[CTXSW] Cycles: 8
[CTXSW] Cycles: 20
[CTXSW] Cycles: 8
[CTXSW] Cycles: 23
[OBSERVER] Preemption gap: 27546 cycles
[CTXSW] Cycles: 9
[CTXSW] Cycles: 0
[CTXSW] Cycles: 8
[CTXSW] Cycles: 6
[OBSERVER] Preemption gap: 29850 cycles
[CTXSW] Cycles: 8
[CTXSW] Cycles: 7
[CTXSW] Cycles: 8
[CTXSW] Cycles: 5
[CRITICAL] Cycles: 160151
[MEDIUM] Cycles: 80028
[OBSERVER] Preemption gap: 266108 cycles
[CTXSW] Cycles: 6
[CTXSW] Cycles: 7
[CTXSW] Cycles: 26
[CTXSW] Cycles: 21
[CTXSW] Cycles: 9
[CTXSW] Cycles: 17
[CTXSW] Cycles: 19
[CTXSW] Cycles: 10
[CTXSW] Cycles: 8
[CTXSW] Cycles: 14
[CTXSW] Cycles: 10
[CTXSW] Cycles: 12
[CRITICAL] Cycles: 160036
[MEDIUM] Cycles: 80029
[OBSERVER] Preemption gap: 263385 cycles
[CTXSW] Cycles: 10
[CTXSW] Cycles: 7
[CTXSW] Cycles: 13
[CTXSW] Cycles: 16
[CTXSW] Cycles: 8
[CTXSW] Cycles: 7
[CTXSW] Cycles: 8
[CTXSW] Cycles: 6
[CTXSW] Cycles: 7
[CTXSW] Cycles: 7
[CTXSW] Cycles: 8
[CTXSW] Cycles: 7
[CRITICAL] Cycles: 160031
[OBSERVER] Preemption gap: 182750 cycles
[CTXSW] Cycles: 8
[CTXSW] Cycles: 7
[CTXSW] Cycles: 21
[CTXSW] Cycles: 11
[CTXSW] Cycles: 140
[CTXSW] Cycles: 8
[CTXSW] Cycles: 8
[CTXSW] Cycles: 8
[CTXSW] Cycles: 27
[CTXSW] Cycles: 7
[CTXSW] Cycles: 23
[CTXSW] Cycles: 7
[CTXSW] Cycles: 18
[CTXSW] Cycles: 7
[CTXSW] Cycles: 18
[CTXSW] Cycles: 12
[CTXSW] Cycles: 12
[CTXSW] Cycles: 9
[CTXSW] Cycles: 6
[CTXSW] Cycles: 7
[CTXSW] Cycles: 6
[CRITICAL] Cycles: 161643
[MEDIUM] Cycles: 80026
[OBSERVER] Preemption gap: 255065 cycles
[CTXSW] Cycles: 7
[CTXSW] Cycles: 7
[CTXSW] Cycles: 37
[CTXSW] Cycles: 23
[CTXSW] Cycles: 8
[CTXSW] Cycles: 14
[CTXSW] Cycles: 7
[CTXSW] Cycles: 7
[CTXSW] Cycles: 8
[CTXSW] Cycles: 10
[CTXSW] Cycles: 8
[CTXSW] Cycles: 7
[CRITICAL] Cycles: 160184
[MEDIUM] Cycles: 80026
[OBSERVER] Preemption gap: 257550 cycles
[CTXSW] Cycles: 8
[CTXSW] Cycles: 45
[CTXSW] Cycles: 18
[CTXSW] Cycles: 18
[CTXSW] Cycles: 8
[CTXSW] Cycles: 9
[CTXSW] Cycles: 8
[CTXSW] Cycles: 21
[CTXSW] Cycles: 12
[CTXSW] Cycles: 11
[OBSERVER] Preemption gap: 26004 cycles
[CTXSW] Cycles: 9
[CTXSW] Cycles: 19
[CRITICAL] Cycles: 160038
[OBSERVER] Preemption gap: 168608 cycles
[CTXSW] Cycles: 11
[CTXSW] Cycles: 7
[CTXSW] Cycles: 16
[CTXSW] Cycles: 9
[CTXSW] Cycles: 19
[CTXSW] Cycles: 8
[CTXSW] Cycles: 8
[CTXSW] Cycles: 7
[CTXSW] Cycles: 10
[CTXSW] Cycles: 8
[CTXSW] Cycles: 47
[CTXSW] Cycles: 9
[CTXSW] Cycles: 126
[CTXSW] Cycles: 8
[CTXSW] Cycles: 7
[CTXSW] Cycles: 8
[CTXSW] Cycles: 7
[CTXSW] Cycles: 7
[CTXSW] Cycles: 8
[CTXSW] Cycles: 8
[CTXSW] Cycles: 8
[CRITICAL] Cycles: 160029
[MEDIUM] Cycles: 80030
[OBSERVER] Preemption gap: 259036 cycles
[CTXSW] Cycles: 7
[CTXSW] Cycles: 6
[CTXSW] Cycles: 18
[CTXSW] Cycles: 28
[CTXSW] Cycles: 9
[CTXSW] Cycles: 36
[CTXSW] Cycles: 8
[CTXSW] Cycles: 7
[CTXSW] Cycles: 7
[CTXSW] Cycles: 7
[CTXSW] Cycles: 8
[CTXSW] Cycles: 7
[CRITICAL] Cycles: 160036
[MEDIUM] Cycles: 85604
[OBSERVER] Preemption gap: 264849 cycles
[CTXSW] Cycles: 8
[CTXSW] Cycles: 9
[CTXSW] Cycles: 29
[CTXSW] Cycles: 18
[CTXSW] Cycles: 11
[CTXSW] Cycles: 8
[CTXSW] Cycles: 8
[CTXSW] Cycles: 6
[OBSERVER] Preemption gap: 24334 cycles
[CTXSW] Cycles: 8
[CTXSW] Cycles: 19
[CTXSW] Cycles: 13
[CTXSW] Cycles: 8
[CRITICAL] Cycles: 161051
[OBSERVER] Preemption gap: 176528 cycles
[CTXSW] Cycles: 9
[CTXSW] Cycles: 7
[CTXSW] Cycles: 16
[CTXSW] Cycles: 11
[CTXSW] Cycles: 7
[CTXSW] Cycles: 8
[CTXSW] Cycles: 11
[CTXSW] Cycles: 9
[CTXSW] Cycles: 33
[CTXSW] Cycles: 7
[CTXSW] Cycles: 22
[CTXSW] Cycles: 9
[CTXSW] Cycles: 131
[CTXSW] Cycles: 8
[CTXSW] Cycles: 18
[CTXSW] Cycles: 7
[CTXSW] Cycles: 15
[CTXSW] Cycles: 9
[CTXSW] Cycles: 12
[CTXSW] Cycles: 8
[CTXSW] Cycles: 7
[CRITICAL] Cycles: 160260
[MEDIUM] Cycles: 80028
[OBSERVER] Preemption gap: 255583 cycles
[CTXSW] Cycles: 7
[CTXSW] Cycles: 17
[CTXSW] Cycles: 17
[CTXSW] Cycles: 21
[CTXSW] Cycles: 9
[CTXSW] Cycles: 26
[CTXSW] Cycles: 14
[CTXSW] Cycles: 6
[CTXSW] Cycles: 8
[CTXSW] Cycles: 33
[CTXSW] Cycles: 7
[CTXSW] Cycles: 6
[CRITICAL] Cycles: 162593
[MEDIUM] Cycles: 80034
[OBSERVER] Preemption gap: 257115 cycles
[CTXSW] Cycles: 7
[CTXSW] Cycles: 7
[CTXSW] Cycles: 40
[CTXSW] Cycles: 20
[CTXSW] Cycles: 9
[CTXSW] Cycles: 8
[CTXSW] Cycles: 7
[CTXSW] Cycles: 20
[CTXSW] Cycles: 13
[CTXSW] Cycles: 7
[CTXSW] Cycles: 8
[CTXSW] Cycles: 7
[CRITICAL] Cycles: 160178
[OBSERVER] Preemption gap: 185862 cycles
[CTXSW] Cycles: 8
[CTXSW] Cycles: 19
[CTXSW] Cycles: 13
[CTXSW] Cycles: 8
[CTXSW] Cycles: 7
[CTXSW] Cycles: 9
[CTXSW] Cycles: 10
[CTXSW] Cycles: 7
[CTXSW] Cycles: 13
[CTXSW] Cycles: 9
[CTXSW] Cycles: 29
[CTXSW] Cycles: 9
[CTXSW] Cycles: 8
[CTXSW] Cycles: 8
[CTXSW] Cycles: 6
[CTXSW] Cycles: 8
[CTXSW] Cycles: 33
[CTXSW] Cycles: 8
[CTXSW] Cycles: 7
[CTXSW] Cycles: 8
[CTXSW] Cycles: 7
[CRITICAL] Cycles: 163329
[MEDIUM] Cycles: 80029
[OBSERVER] Preemption gap: 265955 cycles
[CTXSW] Cycles: 7
[CTXSW] Cycles: 17
[CTXSW] Cycles: 23
[CTXSW] Cycles: 16
[CTXSW] Cycles: 10
[CTXSW] Cycles: 7
[CTXSW] Cycles: 8
[CTXSW] Cycles: 17
[CTXSW] Cycles: 12
[CTXSW] Cycles: 10
[CTXSW] Cycles: 10
[CTXSW] Cycles: 6
[CRITICAL] Cycles: 160044
[MEDIUM] Cycles: 80025
[OBSERVER] Preemption gap: 265447 cycles
[CTXSW] Cycles: 8
[CTXSW] Cycles: 6
[CTXSW] Cycles: 24
[CTXSW] Cycles: 16
[CTXSW] Cycles: 10
[CTXSW] Cycles: 21
[CTXSW] Cycles: 20
[CTXSW] Cycles: 17
[CTXSW] Cycles: 12
[CTXSW] Cycles: 7
[CTXSW] Cycles: 8
[CTXSW] Cycles: 7
[CRITICAL] Cycles: 167351
[OBSERVER] Preemption gap: 179580 cycles
[CTXSW] Cycles: 8
[CTXSW] Cycles: 6
[CTXSW] Cycles: 13
[CTXSW] Cycles: 10
[CTXSW] Cycles: 11
[CTXSW] Cycles: 12
[CTXSW] Cycles: 15
[CTXSW] Cycles: 9
[CTXSW] Cycles: 33
[CTXSW] Cycles: 14
[CTXSW] Cycles: 20
[CTXSW] Cycles: 8
[CTXSW] Cycles: 7
[OBSERVER] Preemption gap: 24058 cycles
[CTXSW] Cycles: 8
[CTXSW] Cycles: 116
[CTXSW] Cycles: 8
[CTXSW] Cycles: 33
[CTXSW] Cycles: 8
[CTXSW] Cycles: 6
[CRITICAL] Cycles: 160667
[MEDIUM] Cycles: 80034
[OBSERVER] Preemption gap: 263202 cycles
[CTXSW] Cycles: 7
[CTXSW] Cycles: 6
[CTXSW] Cycles: 17
[CTXSW] Cycles: 12
[CTXSW] Cycles: 8
[CTXSW] Cycles: 22
[CTXSW] Cycles: 12
[CTXSW] Cycles: 9
[CTXSW] Cycles: 12
[CTXSW] Cycles: 8
[CTXSW] Cycles: 8
[CTXSW] Cycles: 142
[CRITICAL] Cycles: 160044
[MEDIUM] Cycles: 81225
[OBSERVER] Preemption gap: 259313 cycles
[CTXSW] Cycles: 10
[CTXSW] Cycles: 7
[CTXSW] Cycles: 26
[CTXSW] Cycles: 26
[CTXSW] Cycles: 9
[CTXSW] Cycles: 16
[CTXSW] Cycles: 16
[CTXSW] Cycles: 7
[CTXSW] Cycles: 8
[CTXSW] Cycles: 7
[CTXSW] Cycles: 9
[CTXSW] Cycles: 10
[CRITICAL] Cycles: 160041
[OBSERVER] Preemption gap: 175700 cycles
[CTXSW] Cycles: 9
[CTXSW] Cycles: 126
[CTXSW] Cycles: 17
[CTXSW] Cycles: 9
[CTXSW] Cycles: 24
[CTXSW] Cycles: 10
[CTXSW] Cycles: 8
[CTXSW] Cycles: 7
[CTXSW] Cycles: 124
[CTXSW] Cycles: 8
[CTXSW] Cycles: 239
[CTXSW] Cycles: 13
[CTXSW] Cycles: 19
[CTXSW] Cycles: 8
[CTXSW] Cycles: 6
[CTXSW] Cycles: 8
[CTXSW] Cycles: 6
[CTXSW] Cycles: 7
[CTXSW] Cycles: 6
[CTXSW] Cycles: 7
[CTXSW] Cycles: 7
[CRITICAL] Cycles: 169260
[MEDIUM] Cycles: 80027
[OBSERVER] Preemption gap: 256647 cycles
[CTXSW] Cycles: 8
[CTXSW] Cycles: 6
[CTXSW] Cycles: 17
[CTXSW] Cycles: 18
[CTXSW] Cycles: 8
[CTXSW] Cycles: 7
[CTXSW] Cycles: 8
[CTXSW] Cycles: 7
[CTXSW] Cycles: 7
[CTXSW] Cycles: 18
[CTXSW] Cycles: 12
[CTXSW] Cycles: 7
[CRITICAL] Cycles: 160033
[MEDIUM] Cycles: 80032
[OBSERVER] Preemption gap: 263138 cycles
[CTXSW] Cycles: 8
[CTXSW] Cycles: 15
[CTXSW] Cycles: 18
[CTXSW] Cycles: 21
[CTXSW] Cycles: 10
[CTXSW] Cycles: 7
[CTXSW] Cycles: 7
[CTXSW] Cycles: 7
[CTXSW] Cycles: 7
[CTXSW] Cycles: 18
[CTXSW] Cycles: 8
[CTXSW] Cycles: 7
[CRITICAL] Cycles: 160036
[OBSERVER] Preemption gap: 178771 cycles
[CTXSW] Cycles: 8
[CTXSW] Cycles: 7
[CTXSW] Cycles: 20
[CTXSW] Cycles: 10
[CTXSW] Cycles: 7
[CTXSW] Cycles: 8
[CTXSW] Cycles: 24
[CTXSW] Cycles: 12
[CTXSW] Cycles: 7
[CTXSW] Cycles: 9
[CTXSW] Cycles: 15
[CTXSW] Cycles: 10
[CTXSW] Cycles: 6
[CTXSW] Cycles: 8
[CTXSW] Cycles: 7
[CTXSW] Cycles: 7
[CTXSW] Cycles: 11
[CTXSW] Cycles: 9
[CTXSW] Cycles: 7
[CRITICAL] Cycles: 160028
[MEDIUM] Cycles: 80028
[OBSERVER] Preemption gap: 253171 cycles
[CTXSW] Cycles: 8
[CTXSW] Cycles: 6
[CTXSW] Cycles: 14
[CTXSW] Cycles: 87
[CTXSW] Cycles: 9
[CTXSW] Cycles: 8
[CTXSW] Cycles: 8
[CTXSW] Cycles: 6
[CTXSW] Cycles: 8
[CTXSW] Cycles: 6
[OBSERVER] Preemption gap: 24249 cycles
[CTXSW] Cycles: 7
[CTXSW] Cycles: 7
[CRITICAL] Cycles: 160032
[MEDIUM] Cycles: 80030
[OBSERVER] Preemption gap: 248069 cycles
[CTXSW] Cycles: 8
[CTXSW] Cycles: 7
[CTXSW] Cycles: 14
[CTXSW] Cycles: 21
[CTXSW] Cycles: 8
[CTXSW] Cycles: 8
[CTXSW] Cycles: 8
[CTXSW] Cycles: 6
[CTXSW] Cycles: 8
[CTXSW] Cycles: 7
[CTXSW] Cycles: 7
[CTXSW] Cycles: 6
[CRITICAL] Cycles: 160037
[OBSERVER] Preemption gap: 182450 cycles
[CTXSW] Cycles: 8
[CTXSW] Cycles: 6
[CTXSW] Cycles: 25
[CTXSW] Cycles: 11
[CTXSW] Cycles: 11
[CTXSW] Cycles: 8
[CTXSW] Cycles: 31
[CTXSW] Cycles: 13
[CTXSW] Cycles: 7
[CTXSW] Cycles: 9
[CTXSW] Cycles: 7
[CTXSW] Cycles: 8
[CTXSW] Cycles: 14
[CTXSW] Cycles: 10
[CTXSW] Cycles: 20
[CTXSW] Cycles: 8
[CTXSW] Cycles: 7
[CTXSW] Cycles: 8
[CTXSW] Cycles: 7
[CTXSW] Cycles: 7
[CTXSW] Cycles: 7
[CRITICAL] Cycles: 160200
[MEDIUM] Cycles: 80029
[OBSERVER] Preemption gap: 258175 cycles
[CTXSW] Cycles: 8
[CTXSW] Cycles: 6
[CTXSW] Cycles: 28
[CTXSW] Cycles: 12
[CTXSW] Cycles: 7
[CTXSW] Cycles: 7
[CTXSW] Cycles: 8
[CTXSW] Cycles: 7
[CTXSW] Cycles: 8
[CTXSW] Cycles: 7
[CTXSW] Cycles: 8
[CTXSW] Cycles: 6
[CRITICAL] Cycles: 173264
[MEDIUM] Cycles: 80029
[OBSERVER] Preemption gap: 268906 cycles
[CTXSW] Cycles: 8
[CTXSW] Cycles: 6
[CTXSW] Cycles: 17
[CTXSW] Cycles: 17
[CTXSW] Cycles: 8
[CTXSW] Cycles: 7
[CTXSW] Cycles: 8
[CTXSW] Cycles: 9
[CTXSW] Cycles: 9
[CTXSW] Cycles: 54
[CTXSW] Cycles: 16
[CTXSW] Cycles: 7
[CRITICAL] Cycles: 160046
[OBSERVER] Preemption gap: 179176 cycles
[CTXSW] Cycles: 8
[CTXSW] Cycles: 7
[CTXSW] Cycles: 16
[CTXSW] Cycles: 8
[CTXSW] Cycles: 7
[CTXSW] Cycles: 8
[CTXSW] Cycles: 8
[CTXSW] Cycles: 7
[CTXSW] Cycles: 10
[CTXSW] Cycles: 8
[CTXSW] Cycles: 13
[CTXSW] Cycles: 11
[CTXSW] Cycles: 19
[CTXSW] Cycles: 12
[CTXSW] Cycles: 35
[CTXSW] Cycles: 8
[CTXSW] Cycles: 7
[CTXSW] Cycles: 7
[CTXSW] Cycles: 14
[CTXSW] Cycles: 16
[CTXSW] Cycles: 9
[CRITICAL] Cycles: 161570
[MEDIUM] Cycles: 80030
[OBSERVER] Preemption gap: 256738 cycles
[CTXSW] Cycles: 9
[CTXSW] Cycles: 7
[CTXSW] Cycles: 19
[CTXSW] Cycles: 25
[CTXSW] Cycles: 8
[CTXSW] Cycles: 7
[CTXSW] Cycles: 8
[CTXSW] Cycles: 6
[CTXSW] Cycles: 7
[CTXSW] Cycles: 7
[CTXSW] Cycles: 8
[CTXSW] Cycles: 12
[CRITICAL] Cycles: 160035
[MEDIUM] Cycles: 80032
[OBSERVER] Preemption gap: 259784 cycles
[CTXSW] Cycles: 8
[CTXSW] Cycles: 7
[CTXSW] Cycles: 17
[CTXSW] Cycles: 12
[CTXSW] Cycles: 7
[CTXSW] Cycles: 7
[OBSERVER] Preemption gap: 24308 cycles
[CTXSW] Cycles: 7
[CTXSW] Cycles: 7
[CTXSW] Cycles: 7
[CTXSW] Cycles: 7
[CTXSW] Cycles: 8
[CTXSW] Cycles: 7
[CRITICAL] Cycles: 160027
[OBSERVER] Preemption gap: 171483 cycles
[CTXSW] Cycles: 7
[CTXSW] Cycles: 7
[CTXSW] Cycles: 10
[CTXSW] Cycles: 12
[CTXSW] Cycles: 6
[CTXSW] Cycles: 8
[CTXSW] Cycles: 7
[CTXSW] Cycles: 8
[CTXSW] Cycles: 12
[CTXSW] Cycles: 8
[CTXSW] Cycles: 8
[CTXSW] Cycles: 81
[CTXSW] Cycles: 7
[CTXSW] Cycles: 7
[CTXSW] Cycles: 7
[CTXSW] Cycles: 7
[CTXSW] Cycles: 7
[CTXSW] Cycles: 8
[CTXSW] Cycles: 7
[CTXSW] Cycles: 7
[CTXSW] Cycles: 7
[CRITICAL] Cycles: 162367
[MEDIUM] Cycles: 80030
[OBSERVER] Preemption gap: 257671 cycles
[CTXSW] Cycles: 8
[CTXSW] Cycles: 7
[CTXSW] Cycles: 15
[CTXSW] Cycles: 14
[CTXSW] Cycles: 7
[CTXSW] Cycles: 8
[CTXSW] Cycles: 8
[CTXSW] Cycles: 6
[CTXSW] Cycles: 8
[CTXSW] Cycles: 7
[CTXSW] Cycles: 8
[CTXSW] Cycles: 7
[CRITICAL] Cycles: 160035
[MEDIUM] Cycles: 80029
[OBSERVER] Preemption gap: 259357 cycles
[CTXSW] Cycles: 8
[CTXSW] Cycles: 7
[CTXSW] Cycles: 17
[CTXSW] Cycles: 15
[CTXSW] Cycles: 8
[CTXSW] Cycles: 7
[CTXSW] Cycles: 8
[CTXSW] Cycles: 19
[CTXSW] Cycles: 8
[CTXSW] Cycles: 8
[CTXSW] Cycles: 7
[CTXSW] Cycles: 7
[CRITICAL] Cycles: 160025
[OBSERVER] Preemption gap: 169312 cycles
[CTXSW] Cycles: 8
[CTXSW] Cycles: 6
[CTXSW] Cycles: 9
[CTXSW] Cycles: 7
[CTXSW] Cycles: 8
[CTXSW] Cycles: 7
[CTXSW] Cycles: 7
[CTXSW] Cycles: 8
[CTXSW] Cycles: 7
[CTXSW] Cycles: 8
[CTXSW] Cycles: 132
[OBSERVER] Preemption gap: 25275 cycles
[CTXSW] Cycles: 8
[CTXSW] Cycles: 6
[CTXSW] Cycles: 7
[CTXSW] Cycles: 7
[CTXSW] Cycles: 7
[CTXSW] Cycles: 7
[CTXSW] Cycles: 8
[CTXSW] Cycles: 6
[CTXSW] Cycles: 19
[CTXSW] Cycles: 7
[CRITICAL] Cycles: 161745
[MEDIUM] Cycles: 80728
[OBSERVER] Preemption gap: 255926 cycles
[CTXSW] Cycles: 7
[CTXSW] Cycles: 6
[CTXSW] Cycles: 20
[CTXSW] Cycles: 18
[CTXSW] Cycles: 10
[CTXSW] Cycles: 13
[CTXSW] Cycles: 11
[CTXSW] Cycles: 7
[CTXSW] Cycles: 8
[CTXSW] Cycles: 7
[CTXSW] Cycles: 8
[CTXSW] Cycles: 16
[CRITICAL] Cycles: 160035
[MEDIUM] Cycles: 80028
[OBSERVER] Preemption gap: 252509 cycles
[CTXSW] Cycles: 11
[CTXSW] Cycles: 13
[CTXSW] Cycles: 33
[CTXSW] Cycles: 23
[CTXSW] Cycles: 10
[CTXSW] Cycles: 9
[CTXSW] Cycles: 8
[CTXSW] Cycles: 7
[CTXSW] Cycles: 8
[CTXSW] Cycles: 6
[CTXSW] Cycles: 7
[CTXSW] Cycles: 33
[CRITICAL] Cycles: 160044
[OBSERVER] Preemption gap: 173736 cycles
[CTXSW] Cycles: 7
[CTXSW] Cycles: 6
[CTXSW] Cycles: 33
[CTXSW] Cycles: 11
[CTXSW] Cycles: 7
[CTXSW] Cycles: 9
[CTXSW] Cycles: 6
[CTXSW] Cycles: 9
[CTXSW] Cycles: 10
[CTXSW] Cycles: 11
[CTXSW] Cycles: 8
[CTXSW] Cycles: 8
[CTXSW] Cycles: 6
[CTXSW] Cycles: 8
[CTXSW] Cycles: 6
[CTXSW] Cycles: 7
[CTXSW] Cycles: 6
[CTXSW] Cycles: 7
[CTXSW] Cycles: 6
[OBSERVER] Preemption gap: 25780 cycles
[CTXSW] Cycles: 8
[CTXSW] Cycles: 7
[CRITICAL] Cycles: 165071
[MEDIUM] Cycles: 80031
[OBSERVER] Preemption gap: 251227 cycles
[CTXSW] Cycles: 8
[CTXSW] Cycles: 8
[CTXSW] Cycles: 17
[CTXSW] Cycles: 28
[CTXSW] Cycles: 16
[CTXSW] Cycles: 113
[OBSERVER] Preemption gap: 24440 cycles
[CTXSW] Cycles: 10
[CTXSW] Cycles: 26
[CTXSW] Cycles: 12
[CTXSW] Cycles: 7
[CTXSW] Cycles: 7
[CTXSW] Cycles: 18
[CRITICAL] Cycles: 171090
[MEDIUM] Cycles: 80036
[OBSERVER] Preemption gap: 266072 cycles
[CTXSW] Cycles: 7
[CTXSW] Cycles: 7
[CTXSW] Cycles: 10
[CTXSW] Cycles: 31
[CTXSW] Cycles: 9
[CTXSW] Cycles: 7
[CTXSW] Cycles: 8
[CTXSW] Cycles: 6
[CTXSW] Cycles: 7
[CTXSW] Cycles: 6
[CTXSW] Cycles: 7
[CTXSW] Cycles: 6
[CRITICAL] Cycles: 160119
[OBSERVER] Preemption gap: 176853 cycles
[CTXSW] Cycles: 7
[CTXSW] Cycles: 7
[CTXSW] Cycles: 12
[CTXSW] Cycles: 7
[CTXSW] Cycles: 8
[CTXSW] Cycles: 8
[CTXSW] Cycles: 7
[CTXSW] Cycles: 8
[CTXSW] Cycles: 7
[CTXSW] Cycles: 11
[CTXSW] Cycles: 30
[CTXSW] Cycles: 7
[CTXSW] Cycles: 8
[CTXSW] Cycles: 7
[CTXSW] Cycles: 18
[CTXSW] Cycles: 11
[CTXSW] Cycles: 8
[CTXSW] Cycles: 9
[CTXSW] Cycles: 13
[CTXSW] Cycles: 10
[CTXSW] Cycles: 8
[CRITICAL] Cycles: 160030
[MEDIUM] Cycles: 80032
[OBSERVER] Preemption gap: 254820 cycles
[CTXSW] Cycles: 8
[CTXSW] Cycles: 6
[CTXSW] Cycles: 14
[CTXSW] Cycles: 31
[CTXSW] Cycles: 10
[CTXSW] Cycles: 8
[CTXSW] Cycles: 8
[CTXSW] Cycles: 7
[CTXSW] Cycles: 8
[CTXSW] Cycles: 7
[CTXSW] Cycles: 7
[CTXSW] Cycles: 10
[CRITICAL] Cycles: 160029
[MEDIUM] Cycles: 80026
[OBSERVER] Preemption gap: 245995 cycles
[CTXSW] Cycles: 8
[CTXSW] Cycles: 6
[CTXSW] Cycles: 14
[CTXSW] Cycles: 15
[CTXSW] Cycles: 9
[CTXSW] Cycles: 7
[CTXSW] Cycles: 8
[CTXSW] Cycles: 7
[CTXSW] Cycles: 8
[CTXSW] Cycles: 7
[CTXSW] Cycles: 8
[CTXSW] Cycles: 6
[CRITICAL] Cycles: 162416
[OBSERVER] Preemption gap: 165693 cycles
[CTXSW] Cycles: 8
[CTXSW] Cycles: 6
[CTXSW] Cycles: 16
[CTXSW] Cycles: 7
[CTXSW] Cycles: 9
[CTXSW] Cycles: 8
[CTXSW] Cycles: 6
[CTXSW] Cycles: 8
[CTXSW] Cycles: 6
[CTXSW] Cycles: 9
[CTXSW] Cycles: 324
[CTXSW] Cycles: 9
[CTXSW] Cycles: 10
[CTXSW] Cycles: 8
[CTXSW] Cycles: 7
[CTXSW] Cycles: 19
[CTXSW] Cycles: 7
[CTXSW] Cycles: 7
[CTXSW] Cycles: 6
[CTXSW] Cycles: 7
[CTXSW] Cycles: 6
[CRITICAL] Cycles: 160032
[MEDIUM] Cycles: 82051
[OBSERVER] Preemption gap: 257088 cycles
[CTXSW] Cycles: 7
[CTXSW] Cycles: 7
[CTXSW] Cycles: 32
[CTXSW] Cycles: 21
[CTXSW] Cycles: 8
[CTXSW] Cycles: 7
[CTXSW] Cycles: 8
[CTXSW] Cycles: 7
[CTXSW] Cycles: 8
[CTXSW] Cycles: 7
[CTXSW] Cycles: 8
[CTXSW] Cycles: 7
[CRITICAL] Cycles: 160045
[MEDIUM] Cycles: 82305
[OBSERVER] Preemption gap: 263481 cycles
[CTXSW] Cycles: 8
[CTXSW] Cycles: 7
[CTXSW] Cycles: 17
[CTXSW] Cycles: 17
[CTXSW] Cycles: 8
[CTXSW] Cycles: 7
[CTXSW] Cycles: 8
[CTXSW] Cycles: 6
[CTXSW] Cycles: 7
[CTXSW] Cycles: 6
[CTXSW] Cycles: 7
[CTXSW] Cycles: 6
[CRITICAL] Cycles: 160033
[OBSERVER] Preemption gap: 178487 cycles
[CTXSW] Cycles: 7
[CTXSW] Cycles: 6
[CTXSW] Cycles: 18
[CTXSW] Cycles: 7
[CTXSW] Cycles: 7
[CTXSW] Cycles: 8
[CTXSW] Cycles: 6
[CTXSW] Cycles: 8
[CTXSW] Cycles: 24
[CTXSW] Cycles: 8
[CTXSW] Cycles: 8
[CTXSW] Cycles: 8
[CTXSW] Cycles: 6
[CTXSW] Cycles: 7
[CTXSW] Cycles: 6
[CTXSW] Cycles: 8
[CTXSW] Cycles: 6
[CTXSW] Cycles: 19
[CTXSW] Cycles: 7
[OBSERVER] Preemption gap: 24813 cycles
[CTXSW] Cycles: 8
[CTXSW] Cycles: 6
[CRITICAL] Cycles: 165256
[MEDIUM] Cycles: 80029
[OBSERVER] Preemption gap: 254455 cycles
[CTXSW] Cycles: 8
[CTXSW] Cycles: 6
[CTXSW] Cycles: 21
[CTXSW] Cycles: 12
[CTXSW] Cycles: 8
[CTXSW] Cycles: 6
[OBSERVER] Preemption gap: 26314 cycles
[CTXSW] Cycles: 7
[CTXSW] Cycles: 6
[CTXSW] Cycles: 8
[CTXSW] Cycles: 6
[CTXSW] Cycles: 8
[CTXSW] Cycles: 6
[CRITICAL] Cycles: 160040
[MEDIUM] Cycles: 80029
[OBSERVER] Preemption gap: 262731 cycles
[CTXSW] Cycles: 7
[CTXSW] Cycles: 6
[CTXSW] Cycles: 26
[CTXSW] Cycles: 19
[CTXSW] Cycles: 11
[CTXSW] Cycles: 9
[CTXSW] Cycles: 8
[CTXSW] Cycles: 6
[CTXSW] Cycles: 7
[CTXSW] Cycles: 6
[CTXSW] Cycles: 8
[CTXSW] Cycles: 7
[CRITICAL] Cycles: 160047
[OBSERVER] Preemption gap: 174670 cycles
[CTXSW] Cycles: 7
[CTXSW] Cycles: 8
[CTXSW] Cycles: 21
[CTXSW] Cycles: 9
[CTXSW] Cycles: 8
[CTXSW] Cycles: 8
[CTXSW] Cycles: 6
[CTXSW] Cycles: 7
[CTXSW] Cycles: 8
[CTXSW] Cycles: 7
[CTXSW] Cycles: 17
[CTXSW] Cycles: 8
[CTXSW] Cycles: 6
[CTXSW] Cycles: 9
[CTXSW] Cycles: 7
[CTXSW] Cycles: 10
[CTXSW] Cycles: 22
[CTXSW] Cycles: 11
[CTXSW] Cycles: 6
[CTXSW] Cycles: 8
[CTXSW] Cycles: 7
[CRITICAL] Cycles: 160036
[MEDIUM] Cycles: 81668
[OBSERVER] Preemption gap: 258812 cycles
[CTXSW] Cycles: 7
[CTXSW] Cycles: 22
[CTXSW] Cycles: 24
[CTXSW] Cycles: 21
[CTXSW] Cycles: 11
[CTXSW] Cycles: 8
[CTXSW] Cycles: 8
[CTXSW] Cycles: 6
[CTXSW] Cycles: 7
[CTXSW] Cycles: 23
[CTXSW] Cycles: 12
[CTXSW] Cycles: 7
[CRITICAL] Cycles: 168988
[MEDIUM] Cycles: 80029
[OBSERVER] Preemption gap: 263065 cycles
[CTXSW] Cycles: 8
[CTXSW] Cycles: 7
[CTXSW] Cycles: 16
[CTXSW] Cycles: 18
[CTXSW] Cycles: 9
[CTXSW] Cycles: 8
[CTXSW] Cycles: 8
[CTXSW] Cycles: 6
[CTXSW] Cycles: 8
[CTXSW] Cycles: 12
[CTXSW] Cycles: 10
[CTXSW] Cycles: 8
[CRITICAL] Cycles: 160033
[OBSERVER] Preemption gap: 179992 cycles
[CTXSW] Cycles: 8
[CTXSW] Cycles: 8
[CTXSW] Cycles: 16
[CTXSW] Cycles: 8
[CTXSW] Cycles: 8
[CTXSW] Cycles: 9
[CTXSW] Cycles: 8
[CTXSW] Cycles: 7
[CTXSW] Cycles: 37
[CTXSW] Cycles: 8
[CTXSW] Cycles: 9
[CTXSW] Cycles: 8
[CTXSW] Cycles: 6
[CTXSW] Cycles: 8
[CTXSW] Cycles: 7
[CTXSW] Cycles: 8
[CTXSW] Cycles: 7
[CTXSW] Cycles: 8
[CTXSW] Cycles: 7
[CTXSW] Cycles: 7
[CTXSW] Cycles: 7
[CRITICAL] Cycles: 160040
[MEDIUM] Cycles: 80026
[OBSERVER] Preemption gap: 254985 cycles
[CTXSW] Cycles: 8
[CTXSW] Cycles: 6
[CTXSW] Cycles: 15
[CTXSW] Cycles: 12
[CTXSW] Cycles: 7
[CTXSW] Cycles: 7
[CTXSW] Cycles: 7
[CTXSW] Cycles: 34
[CTXSW] Cycles: 11
[CTXSW] Cycles: 27
[CTXSW] Cycles: 10
[CTXSW] Cycles: 7
[CRITICAL] Cycles: 160029
[MEDIUM] Cycles: 80030
[OBSERVER] Preemption gap: 262998 cycles
[CTXSW] Cycles: 8
[CTXSW] Cycles: 7
[CTXSW] Cycles: 27
[CTXSW] Cycles: 21
[CTXSW] Cycles: 9
[CTXSW] Cycles: 8
[CTXSW] Cycles: 8
[CTXSW] Cycles: 6
[CTXSW] Cycles: 8
[CTXSW] Cycles: 7
[CTXSW] Cycles: 9
[CTXSW] Cycles: 8
[CRITICAL] Cycles: 160029
[OBSERVER] Preemption gap: 170853 cycles
[CTXSW] Cycles: 8
[CTXSW] Cycles: 7
[CTXSW] Cycles: 18
[CTXSW] Cycles: 7
[CTXSW] Cycles: 9
[CTXSW] Cycles: 7
[CTXSW] Cycles: 10
[CTXSW] Cycles: 8
[CTXSW] Cycles: 7
[CTXSW] Cycles: 10
[CTXSW] Cycles: 41
[CTXSW] Cycles: 15
[CTXSW] Cycles: 7
[CTXSW] Cycles: 8
[CTXSW] Cycles: 171
[CTXSW] Cycles: 15
[CTXSW] Cycles: 24
[CTXSW] Cycles: 9
[CTXSW] Cycles: 7
[CTXSW] Cycles: 8
[CTXSW] Cycles: 16
[CRITICAL] Cycles: 160031
[MEDIUM] Cycles: 80882
[OBSERVER] Preemption gap: 262259 cycles
[CTXSW] Cycles: 8
[CTXSW] Cycles: 7
[CTXSW] Cycles: 31
[CTXSW] Cycles: 17
[CTXSW] Cycles: 9
[CTXSW] Cycles: 7
[CTXSW] Cycles: 8
[CTXSW] Cycles: 7
[CTXSW] Cycles: 8
[CTXSW] Cycles: 115
[CTXSW] Cycles: 7
[CTXSW] Cycles: 20
[CRITICAL] Cycles: 161843
[MEDIUM] Cycles: 81492
[OBSERVER] Preemption gap: 248388 cycles
[CTXSW] Cycles: 13
[CTXSW] Cycles: 17
[CTXSW] Cycles: 15
[CTXSW] Cycles: 17
[CTXSW] Cycles: 11
[CTXSW] Cycles: 17
[CTXSW] Cycles: 11
[CTXSW] Cycles: 8
[CTXSW] Cycles: 11
[CTXSW] Cycles: 7
[CTXSW] Cycles: 9
[CTXSW] Cycles: 8
[CRITICAL] Cycles: 160031
[OBSERVER] Preemption gap: 177735 cycles
[CTXSW] Cycles: 8
[CTXSW] Cycles: 6
[CTXSW] Cycles: 29
[CTXSW] Cycles: 14
[CTXSW] Cycles: 10
[CTXSW] Cycles: 8
[CTXSW] Cycles: 7
[CTXSW] Cycles: 7
[CTXSW] Cycles: 25
[CTXSW] Cycles: 8
[CTXSW] Cycles: 6
[CTXSW] Cycles: 8
[CTXSW] Cycles: 7
[CTXSW] Cycles: 8
[CTXSW] Cycles: 22
[CTXSW] Cycles: 15
[CTXSW] Cycles: 7
[CTXSW] Cycles: 9
[CTXSW] Cycles: 14
[CTXSW] Cycles: 9
[CTXSW] Cycles: 10
[CRITICAL] Cycles: 160044
[MEDIUM] Cycles: 80033
[OBSERVER] Preemption gap: 258144 cycles
[CTXSW] Cycles: 7
[CTXSW] Cycles: 30
[CTXSW] Cycles: 11
[CTXSW] Cycles: 22
[CTXSW] Cycles: 8
[CTXSW] Cycles: 7
[CTXSW] Cycles: 8
[CTXSW] Cycles: 7
[CTXSW] Cycles: 8
[CTXSW] Cycles: 19
[CTXSW] Cycles: 8
[CTXSW] Cycles: 7
[CRITICAL] Cycles: 160026
[MEDIUM] Cycles: 80031
[OBSERVER] Preemption gap: 257839 cycles
[CTXSW] Cycles: 7
[CTXSW] Cycles: 6
[CTXSW] Cycles: 18
[CTXSW] Cycles: 21
[CTXSW] Cycles: 9
[CTXSW] Cycles: 19
[CTXSW] Cycles: 14
[CTXSW] Cycles: 9
[CTXSW] Cycles: 7
[CTXSW] Cycles: 21
[CTXSW] Cycles: 8
[CTXSW] Cycles: 7
[CRITICAL] Cycles: 172029
[OBSERVER] Preemption gap: 183676 cycles
[CTXSW] Cycles: 8
[CTXSW] Cycles: 173
[CTXSW] Cycles: 25
[CTXSW] Cycles: 10
[CTXSW] Cycles: 6
[CTXSW] Cycles: 8
[CTXSW] Cycles: 8
[OBSERVER] Preemption gap: 25586 cycles
[CTXSW] Cycles: 8
[CTXSW] Cycles: 17
[CTXSW] Cycles: 13
[CTXSW] Cycles: 7
[CTXSW] Cycles: 8
[CTXSW] Cycles: 18
[OBSERVER] Preemption gap: 24336 cycles
[CTXSW] Cycles: 11
[CTXSW] Cycles: 41
[CTXSW] Cycles: 12
[CTXSW] Cycles: 8
[CTXSW] Cycles: 8
[CTXSW] Cycles: 6
[CTXSW] Cycles: 17
[CTXSW] Cycles: 7
[CRITICAL] Cycles: 160032
[MEDIUM] Cycles: 80033
[OBSERVER] Preemption gap: 263293 cycles
[CTXSW] Cycles: 8
[CTXSW] Cycles: 27
[CTXSW] Cycles: 16
[CTXSW] Cycles: 28
[CTXSW] Cycles: 9
[CTXSW] Cycles: 10
[CTXSW] Cycles: 8
[CTXSW] Cycles: 6
[CTXSW] Cycles: 7
[CTXSW] Cycles: 6
[CTXSW] Cycles: 10
[CTXSW] Cycles: 6
[CRITICAL] Cycles: 163032
[MEDIUM] Cycles: 80027
[OBSERVER] Preemption gap: 257361 cycles
[CTXSW] Cycles: 7
[CTXSW] Cycles: 6
[CTXSW] Cycles: 18
[CTXSW] Cycles: 16
[CTXSW] Cycles: 9
[CTXSW] Cycles: 7
[CTXSW] Cycles: 7
[CTXSW] Cycles: 6
[CTXSW] Cycles: 7
[CTXSW] Cycles: 7
[CTXSW] Cycles: 7
[CTXSW] Cycles: 6
[CRITICAL] Cycles: 165187
[OBSERVER] Preemption gap: 176539 cycles
[CTXSW] Cycles: 7
[CTXSW] Cycles: 7
[CTXSW] Cycles: 17
[CTXSW] Cycles: 7
[CTXSW] Cycles: 11
[CTXSW] Cycles: 8
[CTXSW] Cycles: 7
[CTXSW] Cycles: 8
[CTXSW] Cycles: 7
[CTXSW] Cycles: 8
[CTXSW] Cycles: 6
[CTXSW] Cycles: 7
[CTXSW] Cycles: 8
[CTXSW] Cycles: 7
[CTXSW] Cycles: 11
[CTXSW] Cycles: 8
[CTXSW] Cycles: 7
[CTXSW] Cycles: 18
[CTXSW] Cycles: 7
[CTXSW] Cycles: 8
[CTXSW] Cycles: 7
[CRITICAL] Cycles: 160025
[MEDIUM] Cycles: 80031
[OBSERVER] Preemption gap: 265547 cycles
[CTXSW] Cycles: 8
[CTXSW] Cycles: 6
[CTXSW] Cycles: 10
[CTXSW] Cycles: 14
[CTXSW] Cycles: 7
[CTXSW] Cycles: 8
[CTXSW] Cycles: 7
[CTXSW] Cycles: 7
[CTXSW] Cycles: 8
[CTXSW] Cycles: 6
[CTXSW] Cycles: 8
[CTXSW] Cycles: 8
[CRITICAL] Cycles: 162753
[MEDIUM] Cycles: 80029
[OBSERVER] Preemption gap: 258520 cycles
[CTXSW] Cycles: 7
[CTXSW] Cycles: 6
[CTXSW] Cycles: 10
[CTXSW] Cycles: 12
[CTXSW] Cycles: 7
[CTXSW] Cycles: 7
[CTXSW] Cycles: 7
[CTXSW] Cycles: 7
[CTXSW] Cycles: 8
[CTXSW] Cycles: 6
[CTXSW] Cycles: 7
[CTXSW] Cycles: 6
[CRITICAL] Cycles: 160995
[OBSERVER] Preemption gap: 172845 cycles
[CTXSW] Cycles: 8
[CTXSW] Cycles: 6
[CTXSW] Cycles: 10
[CTXSW] Cycles: 8
[CTXSW] Cycles: 6
[CTXSW] Cycles: 8
[CTXSW] Cycles: 24
[CTXSW] Cycles: 13
[CTXSW] Cycles: 16
[CTXSW] Cycles: 14
[CTXSW] Cycles: 14
[CTXSW] Cycles: 10
[CTXSW] Cycles: 10
[CTXSW] Cycles: 11
[CTXSW] Cycles: 6
[CTXSW] Cycles: 8
[CTXSW] Cycles: 6
[CTXSW] Cycles: 7
[CTXSW] Cycles: 6
[CTXSW] Cycles: 8
[CTXSW] Cycles: 6
[CRITICAL] Cycles: 164449
[MEDIUM] Cycles: 80030
[OBSERVER] Preemption gap: 257714 cycles
[CTXSW] Cycles: 8
[CTXSW] Cycles: 8
[CTXSW] Cycles: 44
[CTXSW] Cycles: 14
[CTXSW] Cycles: 10
[CTXSW] Cycles: 8
[CTXSW] Cycles: 9
[CTXSW] Cycles: 7
[CTXSW] Cycles: 8
[CTXSW] Cycles: 8
[CTXSW] Cycles: 8
[CTXSW] Cycles: 19
[CRITICAL] Cycles: 160028
[MEDIUM] Cycles: 80055
[OBSERVER] Preemption gap: 252039 cycles
[CTXSW] Cycles: 8
[CTXSW] Cycles: 8
[CTXSW] Cycles: 14
[CTXSW] Cycles: 19
[CTXSW] Cycles: 10
[CTXSW] Cycles: 105
[CTXSW] Cycles: 15
[CTXSW] Cycles: 7
[CTXSW] Cycles: 8
[CTXSW] Cycles: 25
[CTXSW] Cycles: 11
[CTXSW] Cycles: 6
[CRITICAL] Cycles: 167158
[OBSERVER] Preemption gap: 180746 cycles
[CTXSW] Cycles: 8
[CTXSW] Cycles: 7
[CTXSW] Cycles: 14
[CTXSW] Cycles: 11
[CTXSW] Cycles: 8
[CTXSW] Cycles: 9
[CTXSW] Cycles: 6
[CTXSW] Cycles: 8
[CTXSW] Cycles: 121
[CTXSW] Cycles: 7
[CTXSW] Cycles: 19
[CTXSW] Cycles: 10
[CTXSW] Cycles: 25
[CTXSW] Cycles: 8
[CTXSW] Cycles: 122
[CTXSW] Cycles: 7
[CTXSW] Cycles: 7
[CTXSW] Cycles: 10
[CTXSW] Cycles: 7
[CTXSW] Cycles: 8
[CTXSW] Cycles: 8
[CRITICAL] Cycles: 160040
[MEDIUM] Cycles: 83323
[OBSERVER] Preemption gap: 266281 cycles
[CTXSW] Cycles: 8
[CTXSW] Cycles: 6
[CTXSW] Cycles: 23
[CTXSW] Cycles: 13
[CTXSW] Cycles: 8
[CTXSW] Cycles: 7
[CTXSW] Cycles: 8
[CTXSW] Cycles: 7
[CTXSW] Cycles: 8
[CTXSW] Cycles: 6
[CTXSW] Cycles: 7
[CTXSW] Cycles: 7
[CRITICAL] Cycles: 160034
[MEDIUM] Cycles: 80028
[OBSERVER] Preemption gap: 266372 cycles
[CTXSW] Cycles: 8
[CTXSW] Cycles: 18
[CTXSW] Cycles: 23
[CTXSW] Cycles: 20
[CTXSW] Cycles: 9
[CTXSW] Cycles: 8
[CTXSW] Cycles: 8
[CTXSW] Cycles: 28
[CTXSW] Cycles: 12
[CTXSW] Cycles: 18
[CTXSW] Cycles: 8
[CTXSW] Cycles: 6
[CRITICAL] Cycles: 165288
[OBSERVER] Preemption gap: 178670 cycles
[CTXSW] Cycles: 8
[CTXSW] Cycles: 6
[CTXSW] Cycles: 14
[CTXSW] Cycles: 7
[CTXSW] Cycles: 12
[CTXSW] Cycles: 10
[CTXSW] Cycles: 20
[CTXSW] Cycles: 12
[CTXSW] Cycles: 8
[CTXSW] Cycles: 8
[CTXSW] Cycles: 31
[CTXSW] Cycles: 12
[CTXSW] Cycles: 9
[CTXSW] Cycles: 7
[CTXSW] Cycles: 7
[CTXSW] Cycles: 7
[CTXSW] Cycles: 6
[CTXSW] Cycles: 7
[CTXSW] Cycles: 16
[CTXSW] Cycles: 7
[CTXSW] Cycles: 21
[CRITICAL] Cycles: 161858
[MEDIUM] Cycles: 81803
[OBSERVER] Preemption gap: 257315 cycles
[CTXSW] Cycles: 12
[CTXSW] Cycles: 8
[CTXSW] Cycles: 20
[CTXSW] Cycles: 20
[CTXSW] Cycles: 10
[CTXSW] Cycles: 8
[CTXSW] Cycles: 8
[CTXSW] Cycles: 14
[CTXSW] Cycles: 12
[CTXSW] Cycles: 7
[OBSERVER] Preemption gap: 28133 cycles
[CTXSW] Cycles: 8
[CTXSW] Cycles: 6
[CRITICAL] Cycles: 164898
[MEDIUM] Cycles: 80027
[CTXSW] Cycles: 8
[CTXSW] Cycles: 27
[CTXSW] Cycles: 19
[CTXSW] Cycles: 9
[CTXSW] Cycles: 8
[CTXSW] Cycles: 8
[CTXSW] Cycles: 7
[CTXSW] Cycles: 8
[CTXSW] Cycles: 7
[CTXSW] Cycles: 7
[CTXSW] Cycles: 7
[CRITICAL] Cycles: 160037
[OBSERVER] Preemption gap: 168093 cycles
[CTXSW] Cycles: 7
[CTXSW] Cycles: 7
[CTXSW] Cycles: 10
[CTXSW] Cycles: 8
[CTXSW] Cycles: 13
[CTXSW] Cycles: 7
[CTXSW] Cycles: 11
[CTXSW] Cycles: 9
[CTXSW] Cycles: 15
[CTXSW] Cycles: 8
[CTXSW] Cycles: 23
[CTXSW] Cycles: 10
[CTXSW] Cycles: 6
[CTXSW] Cycles: 8
[CTXSW] Cycles: 6
[OBSERVER] Preemption gap: 26309 cycles
[CTXSW] Cycles: 7
[CTXSW] Cycles: 8
[CTXSW] Cycles: 8
[CTXSW] Cycles: 6
[CTXSW] Cycles: 7
[CTXSW] Cycles: 6
[CRITICAL] Cycles: 162323
[MEDIUM] Cycles: 80027
[OBSERVER] Preemption gap: 256691 cycles
[CTXSW] Cycles: 7
[CTXSW] Cycles: 6
[CTXSW] Cycles: 12
[CTXSW] Cycles: 18
[CTXSW] Cycles: 12
[CTXSW] Cycles: 8
[CTXSW] Cycles: 8
[CTXSW] Cycles: 12
[CTXSW] Cycles: 10
[CTXSW] Cycles: 7
[CTXSW] Cycles: 8
[CTXSW] Cycles: 7
[CRITICAL] Cycles: 160030
[MEDIUM] Cycles: 80028
[OBSERVER] Preemption gap: 266367 cycles
[CTXSW] Cycles: 8
[CTXSW] Cycles: 6
[CTXSW] Cycles: 20
[CTXSW] Cycles: 21
[CTXSW] Cycles: 11
[CTXSW] Cycles: 7
[CTXSW] Cycles: 8
[CTXSW] Cycles: 16
[CTXSW] Cycles: 12
[CTXSW] Cycles: 7
[CTXSW] Cycles: 9
[CTXSW] Cycles: 7
[CRITICAL] Cycles: 160032
[OBSERVER] Preemption gap: 184951 cycles
[CTXSW] Cycles: 8
[CTXSW] Cycles: 10
[CTXSW] Cycles: 17
[CTXSW] Cycles: 10
[CTXSW] Cycles: 8
[CTXSW] Cycles: 9
[CTXSW] Cycles: 22
[CTXSW] Cycles: 12
[CTXSW] Cycles: 23
[CTXSW] Cycles: 9
[CTXSW] Cycles: 20
[CTXSW] Cycles: 11
[CTXSW] Cycles: 8
[CTXSW] Cycles: 9
[CTXSW] Cycles: 13
[CTXSW] Cycles: 10
[CTXSW] Cycles: 7
[CTXSW] Cycles: 8
[CTXSW] Cycles: 7
[CTXSW] Cycles: 7
[CTXSW] Cycles: 6
[CRITICAL] Cycles: 162700
[MEDIUM] Cycles: 80835
[OBSERVER] Preemption gap: 260496 cycles
[CTXSW] Cycles: 7
[CTXSW] Cycles: 6
[CTXSW] Cycles: 14
[CTXSW] Cycles: 20
[CTXSW] Cycles: 8
[CTXSW] Cycles: 7
[CTXSW] Cycles: 7
[CTXSW] Cycles: 7
[CTXSW] Cycles: 8
[CTXSW] Cycles: 7
[CTXSW] Cycles: 7
[CTXSW] Cycles: 6
[CRITICAL] Cycles: 163285
[MEDIUM] Cycles: 80028
[OBSERVER] Preemption gap: 260213 cycles
[CTXSW] Cycles: 8
[CTXSW] Cycles: 6
[CTXSW] Cycles: 23
[CTXSW] Cycles: 15
[CTXSW] Cycles: 7
[CTXSW] Cycles: 424
[CTXSW] Cycles: 8
[CTXSW] Cycles: 18
[CTXSW] Cycles: 7
[CTXSW] Cycles: 7
[CTXSW] Cycles: 7
[CTXSW] Cycles: 7
[CRITICAL] Cycles: 160026
[OBSERVER] Preemption gap: 184407 cycles
[CTXSW] Cycles: 7
[CTXSW] Cycles: 7
[CTXSW] Cycles: 11
[CTXSW] Cycles: 7
[CTXSW] Cycles: 21
[CTXSW] Cycles: 8
[CTXSW] Cycles: 6
[CTXSW] Cycles: 7
[CTXSW] Cycles: 21
[CTXSW] Cycles: 12
[CTXSW] Cycles: 10
[CTXSW] Cycles: 11
[CTXSW] Cycles: 7
[CTXSW] Cycles: 9
[CTXSW] Cycles: 6
[CTXSW] Cycles: 7
[CTXSW] Cycles: 7
[CTXSW] Cycles: 7
[CTXSW] Cycles: 21
[CTXSW] Cycles: 14
[CTXSW] Cycles: 9
[CRITICAL] Cycles: 161361
[MEDIUM] Cycles: 80027
[OBSERVER] Preemption gap: 250888 cycles
[CTXSW] Cycles: 8
[CTXSW] Cycles: 192
[CTXSW] Cycles: 10
[CTXSW] Cycles: 24
[CTXSW] Cycles: 12
[CTXSW] Cycles: 124
[CTXSW] Cycles: 8
[CTXSW] Cycles: 7
[OBSERVER] Preemption gap: 24247 cycles
[CTXSW] Cycles: 8
[CTXSW] Cycles: 7
[CTXSW] Cycles: 7
[CTXSW] Cycles: 7
[CRITICAL] Cycles: 160032
[MEDIUM] Cycles: 80037
[OBSERVER] Preemption gap: 254383 cycles
[CTXSW] Cycles: 7
[CTXSW] Cycles: 6
[CTXSW] Cycles: 21
[CTXSW] Cycles: 16
[CTXSW] Cycles: 9
[CTXSW] Cycles: 8
[CTXSW] Cycles: 7
[CTXSW] Cycles: 7
[CTXSW] Cycles: 8
[CTXSW] Cycles: 7
[OBSERVER] Preemption gap: 27607 cycles
[CTXSW] Cycles: 8
[CTXSW] Cycles: 6
[CRITICAL] Cycles: 160707
[CTXSW] Cycles: 8
[CTXSW] Cycles: 21
[CTXSW] Cycles: 10
[CTXSW] Cycles: 33
[CTXSW] Cycles: 9
[CTXSW] Cycles: 8
[CTXSW] Cycles: 8
[CTXSW] Cycles: 6
[CTXSW] Cycles: 13
[CTXSW] Cycles: 20
[CTXSW] Cycles: 12
[CTXSW] Cycles: 19
[CTXSW] Cycles: 14
[CTXSW] Cycles: 23
[CTXSW] Cycles: 12
[CTXSW] Cycles: 39
[CTXSW] Cycles: 10
[CTXSW] Cycles: 7
[CTXSW] Cycles: 8
[CTXSW] Cycles: 35
[CRITICAL] Cycles: 162873
[MEDIUM] Cycles: 80033
[OBSERVER] Preemption gap: 259269 cycles
[CTXSW] Cycles: 10
[CTXSW] Cycles: 9
[CTXSW] Cycles: 17
[CTXSW] Cycles: 21
[CTXSW] Cycles: 7
[CTXSW] Cycles: 7
[CTXSW] Cycles: 7
[CTXSW] Cycles: 7
[CTXSW] Cycles: 7
[CTXSW] Cycles: 7
[CTXSW] Cycles: 8
[CTXSW] Cycles: 6
[CRITICAL] Cycles: 160042
[MEDIUM] Cycles: 80020
[OBSERVER] Preemption gap: 255059 cycles
[CTXSW] Cycles: 7
[CTXSW] Cycles: 6
[CTXSW] Cycles: 15
[CTXSW] Cycles: 11
[CTXSW] Cycles: 7
[CTXSW] Cycles: 7
[CTXSW] Cycles: 8
[CTXSW] Cycles: 7
[OBSERVER] Preemption gap: 24483 cycles
[CTXSW] Cycles: 8
[CTXSW] Cycles: 9
[CTXSW] Cycles: 8
[CTXSW] Cycles: 7
[CRITICAL] Cycles: 160215
[OBSERVER] Preemption gap: 173168 cycles
[CTXSW] Cycles: 7
[CTXSW] Cycles: 21
[CTXSW] Cycles: 16
[CTXSW] Cycles: 11
[CTXSW] Cycles: 9
[CTXSW] Cycles: 7
[CTXSW] Cycles: 10
[CTXSW] Cycles: 7
[CTXSW] Cycles: 11
[CTXSW] Cycles: 9
[CTXSW] Cycles: 22
[CTXSW] Cycles: 11
[CTXSW] Cycles: 7
[CTXSW] Cycles: 7
[CTXSW] Cycles: 19
[CTXSW] Cycles: 8
[CTXSW] Cycles: 6
[CTXSW] Cycles: 13
[CTXSW] Cycles: 18
[CTXSW] Cycles: 7
[CTXSW] Cycles: 6
[CRITICAL] Cycles: 162699
[MEDIUM] Cycles: 80031
[OBSERVER] Preemption gap: 253462 cycles
[CTXSW] Cycles: 7
[CTXSW] Cycles: 6
[CTXSW] Cycles: 24
[CTXSW] Cycles: 21
[CTXSW] Cycles: 9
[CTXSW] Cycles: 15
[CTXSW] Cycles: 12
[CTXSW] Cycles: 7
[CTXSW] Cycles: 7
[CTXSW] Cycles: 6
[CTXSW] Cycles: 10
[CTXSW] Cycles: 6
[CRITICAL] Cycles: 160137
[MEDIUM] Cycles: 86255
[OBSERVER] Preemption gap: 264025 cycles
[CTXSW] Cycles: 8
[CTXSW] Cycles: 8
[CTXSW] Cycles: 15
[CTXSW] Cycles: 19
[CTXSW] Cycles: 8
[CTXSW] Cycles: 7
[CTXSW] Cycles: 7
[CTXSW] Cycles: 6
[CTXSW] Cycles: 6
[CTXSW] Cycles: 6
[CTXSW] Cycles: 7
[CTXSW] Cycles: 113
[CRITICAL] Cycles: 160035
[OBSERVER] Preemption gap: 180117 cycles
[CTXSW] Cycles: 8
[CTXSW] Cycles: 6
[CTXSW] Cycles: 17
[CTXSW] Cycles: 8
[CTXSW] Cycles: 6
[CTXSW] Cycles: 8
[CTXSW] Cycles: 7
[CTXSW] Cycles: 7
[CTXSW] Cycles: 7
[CTXSW] Cycles: 10
[CTXSW] Cycles: 9
[CTXSW] Cycles: 8
[CTXSW] Cycles: 18
[CTXSW] Cycles: 7
[CTXSW] Cycles: 7
[CTXSW] Cycles: 7
[CTXSW] Cycles: 7
[CTXSW] Cycles: 7
[CTXSW] Cycles: 7
[CTXSW] Cycles: 7
[CTXSW] Cycles: 6
[CRITICAL] Cycles: 164824
[MEDIUM] Cycles: 80029
[OBSERVER] Preemption gap: 253967 cycles
[CTXSW] Cycles: 7
[CTXSW] Cycles: 6
[CTXSW] Cycles: 15
[CTXSW] Cycles: 17
[CTXSW] Cycles: 8
[CTXSW] Cycles: 7
[CTXSW] Cycles: 8
[CTXSW] Cycles: 6
[CTXSW] Cycles: 8
[CTXSW] Cycles: 6
[CTXSW] Cycles: 8
[CTXSW] Cycles: 6
[CRITICAL] Cycles: 162153
[MEDIUM] Cycles: 91327
[OBSERVER] Preemption gap: 268349 cycles
[CTXSW] Cycles: 7
[CTXSW] Cycles: 8
[CTXSW] Cycles: 25
[CTXSW] Cycles: 20
[CTXSW] Cycles: 9
[CTXSW] Cycles: 8
[CTXSW] Cycles: 7
[CTXSW] Cycles: 17
[CTXSW] Cycles: 12
[CTXSW] Cycles: 7
[CRITICAL] Cycles: 160039
[OBSERVER] Preemption gap: 176798 cycles
[CTXSW] Cycles: 7
[CTXSW] Cycles: 7
[CTXSW] Cycles: 35
[OBSERVER] Preemption gap: 24487 cycles
[CTXSW] Cycles: 11
[CTXSW] Cycles: 10
[CTXSW] Cycles: 8
[CTXSW] Cycles: 7
[CTXSW] Cycles: 7
[CTXSW] Cycles: 7
[CTXSW] Cycles: 8
[CTXSW] Cycles: 47
[CTXSW] Cycles: 8
[CTXSW] Cycles: 9
[CTXSW] Cycles: 8
[CTXSW] Cycles: 27
[CTXSW] Cycles: 11
[CTXSW] Cycles: 16
[CTXSW] Cycles: 15
[CTXSW] Cycles: 6
[CTXSW] Cycles: 9
[CTXSW] Cycles: 7
[CRITICAL] Cycles: 163276
[MEDIUM] Cycles: 80035
[OBSERVER] Preemption gap: 255208 cycles
[CTXSW] Cycles: 8
[CTXSW] Cycles: 7
[CTXSW] Cycles: 20
[CTXSW] Cycles: 23
[CTXSW] Cycles: 9
[CTXSW] Cycles: 8
[CTXSW] Cycles: 7
[CTXSW] Cycles: 44
[CTXSW] Cycles: 15
[CTXSW] Cycles: 8
[CTXSW] Cycles: 9
[CTXSW] Cycles: 7
[CRITICAL] Cycles: 166546
[MEDIUM] Cycles: 80034
[OBSERVER] Preemption gap: 268218 cycles
[CTXSW] Cycles: 8
[CTXSW] Cycles: 9
[CTXSW] Cycles: 29
[CTXSW] Cycles: 23
[CTXSW] Cycles: 7
[CTXSW] Cycles: 7
[CTXSW] Cycles: 7
[CTXSW] Cycles: 6
[CTXSW] Cycles: 7
[CTXSW] Cycles: 20
[CTXSW] Cycles: 19
[CTXSW] Cycles: 23
[CRITICAL] Cycles: 160960
[CTXSW] Cycles: 11
[CTXSW] Cycles: 8
[CTXSW] Cycles: 7
[CTXSW] Cycles: 10
[CTXSW] Cycles: 8
[CTXSW] Cycles: 14
[CTXSW] Cycles: 9
[CTXSW] Cycles: 137
[CTXSW] Cycles: 8
[CTXSW] Cycles: 19
[CTXSW] Cycles: 10
[CTXSW] Cycles: 10
[CTXSW] Cycles: 10
[CTXSW] Cycles: 6
[CTXSW] Cycles: 8
[CTXSW] Cycles: 6
[CTXSW] Cycles: 8
[CTXSW] Cycles: 6
[CTXSW] Cycles: 8
[CTXSW] Cycles: 117
[CRITICAL] Cycles: 160033
[MEDIUM] Cycles: 80030
[OBSERVER] Preemption gap: 257575 cycles
[CTXSW] Cycles: 8
[CTXSW] Cycles: 6
[CTXSW] Cycles: 19
[CTXSW] Cycles: 17
[CTXSW] Cycles: 8
[CTXSW] Cycles: 7
[OBSERVER] Preemption gap: 24158 cycles
[CTXSW] Cycles: 8
[CTXSW] Cycles: 7
[CTXSW] Cycles: 8
[CTXSW] Cycles: 7
[CTXSW] Cycles: 8
[CTXSW] Cycles: 6
[CRITICAL] Cycles: 160023
[MEDIUM] Cycles: 80019
[OBSERVER] Preemption gap: 259030 cycles
[CTXSW] Cycles: 8
[CTXSW] Cycles: 7
[CTXSW] Cycles: 9
[CTXSW] Cycles: 8
[CTXSW] Cycles: 7
[CTXSW] Cycles: 7
[CTXSW] Cycles: 7
[CTXSW] Cycles: 7
[CTXSW] Cycles: 7
[CTXSW] Cycles: 6
[CTXSW] Cycles: 8
[CTXSW] Cycles: 7
[CRITICAL] Cycles: 160136
[OBSERVER] Preemption gap: 172312 cycles
[CTXSW] Cycles: 8
[CTXSW] Cycles: 6
[CTXSW] Cycles: 11
[CTXSW] Cycles: 8
[CTXSW] Cycles: 8
[CTXSW] Cycles: 8
[CTXSW] Cycles: 8
[CTXSW] Cycles: 8
[CTXSW] Cycles: 7
[CTXSW] Cycles: 7
[CTXSW] Cycles: 20
[CTXSW] Cycles: 8
[CTXSW] Cycles: 7
[CTXSW] Cycles: 9
[CTXSW] Cycles: 20
[CTXSW] Cycles: 13
[CTXSW] Cycles: 18
[CTXSW] Cycles: 15
[CTXSW] Cycles: 7
[OBSERVER] Preemption gap: 25104 cycles
[CTXSW] Cycles: 8
[CTXSW] Cycles: 7
[CRITICAL] Cycles: 160042
[MEDIUM] Cycles: 80036
[OBSERVER] Preemption gap: 245547 cycles
[CTXSW] Cycles: 8
[CTXSW] Cycles: 6
[CTXSW] Cycles: 12
[CTXSW] Cycles: 21
[CTXSW] Cycles: 7
[CTXSW] Cycles: 7
[CTXSW] Cycles: 7
[CTXSW] Cycles: 6
[CTXSW] Cycles: 7
[CTXSW] Cycles: 6
[CTXSW] Cycles: 7
[CTXSW] Cycles: 22
[CRITICAL] Cycles: 161459
[MEDIUM] Cycles: 80031
[OBSERVER] Preemption gap: 253067 cycles
[CTXSW] Cycles: 13
[CTXSW] Cycles: 7
[CTXSW] Cycles: 15
[CTXSW] Cycles: 21
[CTXSW] Cycles: 8
[CTXSW] Cycles: 127
[CTXSW] Cycles: 7
[CTXSW] Cycles: 7
[CTXSW] Cycles: 7
[CTXSW] Cycles: 7
[CTXSW] Cycles: 9
[CTXSW] Cycles: 15
[CRITICAL] Cycles: 160035
[OBSERVER] Preemption gap: 182674 cycles
[CTXSW] Cycles: 8
[CTXSW] Cycles: 6
[CTXSW] Cycles: 26
[CTXSW] Cycles: 13
[CTXSW] Cycles: 7
[CTXSW] Cycles: 8
[CTXSW] Cycles: 6
[CTXSW] Cycles: 7
[CTXSW] Cycles: 6
[CTXSW] Cycles: 8
[CTXSW] Cycles: 6
[CTXSW] Cycles: 8
[CTXSW] Cycles: 34
[CTXSW] Cycles: 18
[CTXSW] Cycles: 6
[CTXSW] Cycles: 10
[CTXSW] Cycles: 6
[CTXSW] Cycles: 7
[CTXSW] Cycles: 6
[CTXSW] Cycles: 18
[CTXSW] Cycles: 6
[CRITICAL] Cycles: 165132
[MEDIUM] Cycles: 80028
[OBSERVER] Preemption gap: 261374 cycles
[CTXSW] Cycles: 7
[CTXSW] Cycles: 7
[CTXSW] Cycles: 9
[CTXSW] Cycles: 12
[CTXSW] Cycles: 8
[CTXSW] Cycles: 7
[CTXSW] Cycles: 16
[CTXSW] Cycles: 7
[CTXSW] Cycles: 8
[CTXSW] Cycles: 7
[CTXSW] Cycles: 11
[CTXSW] Cycles: 7
[CRITICAL] Cycles: 161739
[MEDIUM] Cycles: 80000
[OBSERVER] Preemption gap: 265032 cycles
[CTXSW] Cycles: 8
[CTXSW] Cycles: 7
[CTXSW] Cycles: 0
[CTXSW] Cycles: 16
[CTXSW] Cycles: 9
[CTXSW] Cycles: 11
[CTXSW] Cycles: 17
[CTXSW] Cycles: 7
[CTXSW] Cycles: 8
[CTXSW] Cycles: 6
[CRITICAL] Cycles: 160038
[OBSERVER] Preemption gap: 171154 cycles
[CTXSW] Cycles: 7
[CTXSW] Cycles: 6
[CTXSW] Cycles: 16
[CTXSW] Cycles: 8
[CTXSW] Cycles: 15
[CTXSW] Cycles: 10
[CTXSW] Cycles: 7
[CTXSW] Cycles: 13
[CTXSW] Cycles: 22
[CTXSW] Cycles: 12
[CTXSW] Cycles: 18
[CTXSW] Cycles: 7
[CTXSW] Cycles: 9
[CTXSW] Cycles: 8
[CTXSW] Cycles: 6
[CTXSW] Cycles: 9
[CTXSW] Cycles: 6
[CTXSW] Cycles: 7
[CTXSW] Cycles: 6
[CTXSW] Cycles: 7
[CTXSW] Cycles: 6
[CRITICAL] Cycles: 160025
[MEDIUM] Cycles: 80027
[OBSERVER] Preemption gap: 258776 cycles
[CTXSW] Cycles: 8
[CTXSW] Cycles: 6
[CTXSW] Cycles: 19
[CTXSW] Cycles: 13
[CTXSW] Cycles: 8
[CTXSW] Cycles: 7
[CTXSW] Cycles: 7
[CTXSW] Cycles: 7
[CTXSW] Cycles: 8
[CTXSW] Cycles: 6
[CTXSW] Cycles: 8
[CTXSW] Cycles: 8
[CRITICAL] Cycles: 160022
[MEDIUM] Cycles: 84725
[OBSERVER] Preemption gap: 260016 cycles
[CTXSW] Cycles: 8
[CTXSW] Cycles: 6
[CTXSW] Cycles: 12
[CTXSW] Cycles: 16
[CTXSW] Cycles: 9
[CTXSW] Cycles: 8
[CTXSW] Cycles: 7
[CTXSW] Cycles: 7
[CTXSW] Cycles: 8
[CTXSW] Cycles: 7
[CTXSW] Cycles: 8
[CTXSW] Cycles: 18
[CRITICAL] Cycles: 160029
[OBSERVER] Preemption gap: 179404 cycles
[CTXSW] Cycles: 11
[CTXSW] Cycles: 7
[CTXSW] Cycles: 15
[CTXSW] Cycles: 9
[CTXSW] Cycles: 8
[CTXSW] Cycles: 8
[CTXSW] Cycles: 8
[CTXSW] Cycles: 8
[CTXSW] Cycles: 16
[CTXSW] Cycles: 15
[CTXSW] Cycles: 24
[CTXSW] Cycles: 11
[CTXSW] Cycles: 11
[CTXSW] Cycles: 8
[CTXSW] Cycles: 6
[CTXSW] Cycles: 13
[CTXSW] Cycles: 7
[CTXSW] Cycles: 7
[CTXSW] Cycles: 27
[CTXSW] Cycles: 13
[CTXSW] Cycles: 7
[CRITICAL] Cycles: 160027
[MEDIUM] Cycles: 80030
[OBSERVER] Preemption gap: 262479 cycles
[CTXSW] Cycles: 8
[CTXSW] Cycles: 23
[CTXSW] Cycles: 13
[CTXSW] Cycles: 20
[CTXSW] Cycles: 9
[CTXSW] Cycles: 8
[CTXSW] Cycles: 8
[CTXSW] Cycles: 7
[CTXSW] Cycles: 7
[CTXSW] Cycles: 7
[CTXSW] Cycles: 7
[CTXSW] Cycles: 6
[CRITICAL] Cycles: 160051
[MEDIUM] Cycles: 80029
[OBSERVER] Preemption gap: 260571 cycles
[CTXSW] Cycles: 7
[CTXSW] Cycles: 7
[CTXSW] Cycles: 24
[CTXSW] Cycles: 18
[CTXSW] Cycles: 11
[CTXSW] Cycles: 15
[CTXSW] Cycles: 10
[CTXSW] Cycles: 8
[CTXSW] Cycles: 8
[CTXSW] Cycles: 7
[CTXSW] Cycles: 10
[CTXSW] Cycles: 6
[CRITICAL] Cycles: 160158
[OBSERVER] Preemption gap: 173868 cycles
[CTXSW] Cycles: 8
[CTXSW] Cycles: 6
[CTXSW] Cycles: 21
[CTXSW] Cycles: 9
[CTXSW] Cycles: 13
[CTXSW] Cycles: 8
[CTXSW] Cycles: 6
[CTXSW] Cycles: 8
[CTXSW] Cycles: 7
[CTXSW] Cycles: 8
[CTXSW] Cycles: 22
[CTXSW] Cycles: 7
[CTXSW] Cycles: 6
[CTXSW] Cycles: 7
[CTXSW] Cycles: 7
[CTXSW] Cycles: 8
[CTXSW] Cycles: 6
[CTXSW] Cycles: 8
[CTXSW] Cycles: 7
[CTXSW] Cycles: 9
[CTXSW] Cycles: 6
[CRITICAL] Cycles: 162312
[MEDIUM] Cycles: 80032
[OBSERVER] Preemption gap: 257463 cycles
[CTXSW] Cycles: 7
[CTXSW] Cycles: 6
[CTXSW] Cycles: 9
[CTXSW] Cycles: 13
[CTXSW] Cycles: 7
[CTXSW] Cycles: 8
[CTXSW] Cycles: 8
[CTXSW] Cycles: 6
[CTXSW] Cycles: 7
[CTXSW] Cycles: 28
[CTXSW] Cycles: 12
[CTXSW] Cycles: 575
[CRITICAL] Cycles: 160028
[MEDIUM] Cycles: 80032
[OBSERVER] Preemption gap: 260535 cycles
[CTXSW] Cycles: 9
[CTXSW] Cycles: 7
[CTXSW] Cycles: 18
[CTXSW] Cycles: 23
[CTXSW] Cycles: 9
[CTXSW] Cycles: 8
[CTXSW] Cycles: 8
[CTXSW] Cycles: 6
[CTXSW] Cycles: 8
[CTXSW] Cycles: 13
[CTXSW] Cycles: 8
[CTXSW] Cycles: 8
[CRITICAL] Cycles: 160045
[OBSERVER] Preemption gap: 184592 cycles
[CTXSW] Cycles: 7
[CTXSW] Cycles: 7
[CTXSW] Cycles: 21
[CTXSW] Cycles: 9
[CTXSW] Cycles: 6
[CTXSW] Cycles: 8
[CTXSW] Cycles: 8
[CTXSW] Cycles: 7
[CTXSW] Cycles: 34
[CTXSW] Cycles: 13
[CTXSW] Cycles: 7
[CTXSW] Cycles: 8
[CTXSW] Cycles: 8
[CTXSW] Cycles: 9
[CTXSW] Cycles: 7
[CTXSW] Cycles: 8
[CTXSW] Cycles: 7
[CTXSW] Cycles: 9
[CTXSW] Cycles: 7
[CTXSW] Cycles: 8
[CTXSW] Cycles: 9
[CRITICAL] Cycles: 160954
[MEDIUM] Cycles: 80035
[OBSERVER] Preemption gap: 259327 cycles
[CTXSW] Cycles: 7
[CTXSW] Cycles: 6
[CTXSW] Cycles: 14
[CTXSW] Cycles: 20
[CTXSW] Cycles: 9
[CTXSW] Cycles: 7
[CTXSW] Cycles: 8
[CTXSW] Cycles: 15
[CTXSW] Cycles: 11
[CTXSW] Cycles: 28
[CTXSW] Cycles: 14
[CTXSW] Cycles: 7
[CRITICAL] Cycles: 160045
[MEDIUM] Cycles: 80029
[OBSERVER] Preemption gap: 256475 cycles
[CTXSW] Cycles: 9
[CTXSW] Cycles: 7
[CTXSW] Cycles: 18
[CTXSW] Cycles: 21
[CTXSW] Cycles: 9
[CTXSW] Cycles: 8
[CTXSW] Cycles: 8
[CTXSW] Cycles: 7
[CTXSW] Cycles: 7
[CTXSW] Cycles: 6
[CTXSW] Cycles: 8
[CTXSW] Cycles: 7
[CRITICAL] Cycles: 160035
[OBSERVER] Preemption gap: 185040 cycles
[CTXSW] Cycles: 7
[CTXSW] Cycles: 20
[CTXSW] Cycles: 12
[CTXSW] Cycles: 9
[CTXSW] Cycles: 124
[CTXSW] Cycles: 9
[CTXSW] Cycles: 15
[CTXSW] Cycles: 7
[CTXSW] Cycles: 37
[CTXSW] Cycles: 13
[CTXSW] Cycles: 18
[CTXSW] Cycles: 17
[CTXSW] Cycles: 7
[CTXSW] Cycles: 8
[CTXSW] Cycles: 114
[CTXSW] Cycles: 8
[CTXSW] Cycles: 7
[CTXSW] Cycles: 8
[CTXSW] Cycles: 6
[CRITICAL] Cycles: 160145
[MEDIUM] Cycles: 80029
[OBSERVER] Preemption gap: 259784 cycles
[CTXSW] Cycles: 7
[CTXSW] Cycles: 7
[CTXSW] Cycles: 17
[CTXSW] Cycles: 22
[CTXSW] Cycles: 9
[CTXSW] Cycles: 7
[CTXSW] Cycles: 8
[CTXSW] Cycles: 6
[CTXSW] Cycles: 8
[CTXSW] Cycles: 6
[CTXSW] Cycles: 7
[CTXSW] Cycles: 8
[CRITICAL] Cycles: 160141
[MEDIUM] Cycles: 80025
[OBSERVER] Preemption gap: 259585 cycles
[CTXSW] Cycles: 7
[CTXSW] Cycles: 8
[CTXSW] Cycles: 15
[CTXSW] Cycles: 19
[CTXSW] Cycles: 9
[CTXSW] Cycles: 7
[CTXSW] Cycles: 8
[CTXSW] Cycles: 17
[CTXSW] Cycles: 12
[CTXSW] Cycles: 6
[CTXSW] Cycles: 8
[CTXSW] Cycles: 10
[CRITICAL] Cycles: 162625
[OBSERVER] Preemption gap: 177866 cycles
[CTXSW] Cycles: 8
[CTXSW] Cycles: 7
[CTXSW] Cycles: 14
[CTXSW] Cycles: 10
[CTXSW] Cycles: 10
[CTXSW] Cycles: 7
[CTXSW] Cycles: 27
[CTXSW] Cycles: 8
[CTXSW] Cycles: 23
[OBSERVER] Preemption gap: 28028 cycles
[CTXSW] Cycles: 10
[CTXSW] Cycles: 6
[CTXSW] Cycles: 7
[CTXSW] Cycles: 6
[CTXSW] Cycles: 7
[CTXSW] Cycles: 117
[CTXSW] Cycles: 8
[CTXSW] Cycles: 8
[CTXSW] Cycles: 9
[CTXSW] Cycles: 6
[CTXSW] Cycles: 7
[CTXSW] Cycles: 11
[CRITICAL] Cycles: 164274
[MEDIUM] Cycles: 80033
[OBSERVER] Preemption gap: 257115 cycles
[CTXSW] Cycles: 8
[CTXSW] Cycles: 7
[CTXSW] Cycles: 18
[CTXSW] Cycles: 17
[CTXSW] Cycles: 12
[CTXSW] Cycles: 124
[CTXSW] Cycles: 8
[CTXSW] Cycles: 6
[CTXSW] Cycles: 8
[CTXSW] Cycles: 7
[CTXSW] Cycles: 8
[CTXSW] Cycles: 6
[CRITICAL] Cycles: 161296
[MEDIUM] Cycles: 80028
[OBSERVER] Preemption gap: 257491 cycles
[CTXSW] Cycles: 8
[CTXSW] Cycles: 7
[CTXSW] Cycles: 32
[CTXSW] Cycles: 16
[CTXSW] Cycles: 11
[CTXSW] Cycles: 10
[CTXSW] Cycles: 9
[CTXSW] Cycles: 12
[CTXSW] Cycles: 10
[CTXSW] Cycles: 6
[CTXSW] Cycles: 8
[CTXSW] Cycles: 9
[CRITICAL] Cycles: 160548
[OBSERVER] Preemption gap: 173735 cycles
[CTXSW] Cycles: 8
[CTXSW] Cycles: 7
[CTXSW] Cycles: 20
[CTXSW] Cycles: 7
[CTXSW] Cycles: 32
[CTXSW] Cycles: 15
[CTXSW] Cycles: 7
[CTXSW] Cycles: 8
[CTXSW] Cycles: 127
[CTXSW] Cycles: 10
[CTXSW] Cycles: 18
[CTXSW] Cycles: 12
[CTXSW] Cycles: 9
[CTXSW] Cycles: 8
[CTXSW] Cycles: 168
[CTXSW] Cycles: 14
[CTXSW] Cycles: 8
[CTXSW] Cycles: 8
[CTXSW] Cycles: 7
[CTXSW] Cycles: 8
[CTXSW] Cycles: 6
[CRITICAL] Cycles: 160041
[MEDIUM] Cycles: 80031
[OBSERVER] Preemption gap: 248432 cycles
[CTXSW] Cycles: 7
[CTXSW] Cycles: 6
[CTXSW] Cycles: 18
[CTXSW] Cycles: 25
[CTXSW] Cycles: 11
[CTXSW] Cycles: 125
[CTXSW] Cycles: 8
[CTXSW] Cycles: 7
[CTXSW] Cycles: 8
[CTXSW] Cycles: 213
[CTXSW] Cycles: 8
[CTXSW] Cycles: 7
[CRITICAL] Cycles: 160033
[MEDIUM] Cycles: 80025
[OBSERVER] Preemption gap: 261644 cycles
[CTXSW] Cycles: 8
[CTXSW] Cycles: 6
[CTXSW] Cycles: 31
[CTXSW] Cycles: 26
[CTXSW] Cycles: 9
[CTXSW] Cycles: 7
[CTXSW] Cycles: 8
[CTXSW] Cycles: 13
[CTXSW] Cycles: 8
[CTXSW] Cycles: 7
[CTXSW] Cycles: 7
[CTXSW] Cycles: 7
[CRITICAL] Cycles: 163991
[OBSERVER] Preemption gap: 175400 cycles
[CTXSW] Cycles: 7
[CTXSW] Cycles: 6
[CTXSW] Cycles: 14
[CTXSW] Cycles: 9
[CTXSW] Cycles: 10
[CTXSW] Cycles: 8
[CTXSW] Cycles: 7
[CTXSW] Cycles: 8
[CTXSW] Cycles: 30
[CTXSW] Cycles: 12
[CTXSW] Cycles: 32
[CTXSW] Cycles: 14
[CTXSW] Cycles: 135
[CTXSW] Cycles: 9
[CTXSW] Cycles: 7
[CTXSW] Cycles: 8
[CTXSW] Cycles: 6
[CTXSW] Cycles: 8
[CTXSW] Cycles: 12
[CTXSW] Cycles: 10
[CTXSW] Cycles: 8
[CRITICAL] Cycles: 160034
[MEDIUM] Cycles: 80029
[OBSERVER] Preemption gap: 258637 cycles
[CTXSW] Cycles: 9
[CTXSW] Cycles: 29
[CTXSW] Cycles: 16
[CTXSW] Cycles: 21
[CTXSW] Cycles: 7
[CTXSW] Cycles: 6
[CTXSW] Cycles: 7
[CTXSW] Cycles: 6
[CTXSW] Cycles: 7
[CTXSW] Cycles: 7
[OBSERVER] Preemption gap: 25011 cycles
[CTXSW] Cycles: 8
[CTXSW] Cycles: 6
[CRITICAL] Cycles: 160027
[MEDIUM] Cycles: 80156
[OBSERVER] Preemption gap: 254776 cycles
[CTXSW] Cycles: 8
[CTXSW] Cycles: 7
[CTXSW] Cycles: 14
[CTXSW] Cycles: 12
[CTXSW] Cycles: 7
[CTXSW] Cycles: 8
[CTXSW] Cycles: 8
[CTXSW] Cycles: 7
[CTXSW] Cycles: 8
[CTXSW] Cycles: 6
[CTXSW] Cycles: 8
[CTXSW] Cycles: 6
[CRITICAL] Cycles: 160022
[OBSERVER] Preemption gap: 178018 cycles
[CTXSW] Cycles: 8
[CTXSW] Cycles: 7
[CTXSW] Cycles: 9
[CTXSW] Cycles: 7
[CTXSW] Cycles: 6
[CTXSW] Cycles: 7
[CTXSW] Cycles: 47
[CTXSW] Cycles: 7
[CTXSW] Cycles: 10
[CTXSW] Cycles: 7
[CTXSW] Cycles: 6
[CTXSW] Cycles: 12
[CTXSW] Cycles: 7
[CTXSW] Cycles: 12
[CTXSW] Cycles: 6
[CTXSW] Cycles: 7
[CTXSW] Cycles: 6
[CTXSW] Cycles: 9
[CTXSW] Cycles: 6
[CTXSW] Cycles: 8
[CTXSW] Cycles: 6
[CRITICAL] Cycles: 163021
[MEDIUM] Cycles: 80025
[OBSERVER] Preemption gap: 252397 cycles
[CTXSW] Cycles: 8
[CTXSW] Cycles: 6
[CTXSW] Cycles: 12
[CTXSW] Cycles: 19
[CTXSW] Cycles: 8
[CTXSW] Cycles: 7
[OBSERVER] Preemption gap: 24037 cycles
[CTXSW] Cycles: 8
[CTXSW] Cycles: 82
[CTXSW] Cycles: 7
[CTXSW] Cycles: 7
[CTXSW] Cycles: 8
[CTXSW] Cycles: 7
[CRITICAL] Cycles: 160031
[MEDIUM] Cycles: 80030
[OBSERVER] Preemption gap: 260764 cycles
[CTXSW] Cycles: 7
[CTXSW] Cycles: 10
[CTXSW] Cycles: 17
[CTXSW] Cycles: 20
[CTXSW] Cycles: 9
[CTXSW] Cycles: 8
[OBSERVER] Preemption gap: 25142 cycles
[CTXSW] Cycles: 8
[CTXSW] Cycles: 18
[CTXSW] Cycles: 11
[CTXSW] Cycles: 8
[CTXSW] Cycles: 8
[CTXSW] Cycles: 7
[CRITICAL] Cycles: 160038
[OBSERVER] Preemption gap: 187854 cycles
[CTXSW] Cycles: 7
[CTXSW] Cycles: 8
[CTXSW] Cycles: 25
[CTXSW] Cycles: 11
[CTXSW] Cycles: 9
[CTXSW] Cycles: 10
[CTXSW] Cycles: 7
[CTXSW] Cycles: 7
[CTXSW] Cycles: 38
[CTXSW] Cycles: 8
[CTXSW] Cycles: 130
[CTXSW] Cycles: 8
[CTXSW] Cycles: 22
[CTXSW] Cycles: 16
[CTXSW] Cycles: 7
[CTXSW] Cycles: 8
[CTXSW] Cycles: 24
[CTXSW] Cycles: 14
[CTXSW] Cycles: 17
[CTXSW] Cycles: 15
[CTXSW] Cycles: 7
[CRITICAL] Cycles: 168541
[MEDIUM] Cycles: 80032
[OBSERVER] Preemption gap: 263500 cycles
[CTXSW] Cycles: 8
[CTXSW] Cycles: 7
[CTXSW] Cycles: 26
[CTXSW] Cycles: 17
[CTXSW] Cycles: 11
[CTXSW] Cycles: 7
[CTXSW] Cycles: 8
[CTXSW] Cycles: 17
[CTXSW] Cycles: 12
[CTXSW] Cycles: 7
[CTXSW] Cycles: 9
[CTXSW] Cycles: 7
[CRITICAL] Cycles: 160108
[MEDIUM] Cycles: 80029
[OBSERVER] Preemption gap: 261100 cycles
[CTXSW] Cycles: 8
[CTXSW] Cycles: 7
[CTXSW] Cycles: 20
[CTXSW] Cycles: 17
[CTXSW] Cycles: 11
[CTXSW] Cycles: 9
[CTXSW] Cycles: 8
[CTXSW] Cycles: 15
[CTXSW] Cycles: 10
[CTXSW] Cycles: 7
[CTXSW] Cycles: 8
[CTXSW] Cycles: 18
[CRITICAL] Cycles: 162264
[OBSERVER] Preemption gap: 171132 cycles
[CTXSW] Cycles: 11
[CTXSW] Cycles: 14
[CTXSW] Cycles: 15
[CTXSW] Cycles: 11
[CTXSW] Cycles: 8
[CTXSW] Cycles: 8
[CTXSW] Cycles: 19
[CTXSW] Cycles: 12
[CTXSW] Cycles: 6
[CTXSW] Cycles: 8
[CTXSW] Cycles: 23
[CTXSW] Cycles: 11
[CTXSW] Cycles: 8
[CTXSW] Cycles: 9
[CTXSW] Cycles: 24
[CTXSW] Cycles: 11
[CTXSW] Cycles: 8
[CTXSW] Cycles: 9
[CTXSW] Cycles: 7
[CTXSW] Cycles: 8
[CTXSW] Cycles: 19
[CRITICAL] Cycles: 160034
[MEDIUM] Cycles: 80025
[OBSERVER] Preemption gap: 262409 cycles
[CTXSW] Cycles: 8
[CTXSW] Cycles: 6
[CTXSW] Cycles: 20
[CTXSW] Cycles: 0
[CTXSW] Cycles: 8
[CTXSW] Cycles: 6
[CTXSW] Cycles: 8
[CTXSW] Cycles: 7
[CTXSW] Cycles: 8
[CTXSW] Cycles: 18
[CRITICAL] Cycles: 160878
[MEDIUM] Cycles: 83780
[OBSERVER] Preemption gap: 263056 cycles
[CTXSW] Cycles: 8
[CTXSW] Cycles: 7
[CTXSW] Cycles: 21
[CTXSW] Cycles: 17
[CTXSW] Cycles: 9
[CTXSW] Cycles: 7
[OBSERVER] Preemption gap: 24660 cycles
[CTXSW] Cycles: 9
[CTXSW] Cycles: 6
[CTXSW] Cycles: 8
[CTXSW] Cycles: 6
[CTXSW] Cycles: 8
[CTXSW] Cycles: 17
[CRITICAL] Cycles: 160033
[OBSERVER] Preemption gap: 177587 cycles
[CTXSW] Cycles: 12
[CTXSW] Cycles: 8
[CTXSW] Cycles: 21
[CTXSW] Cycles: 11
[CTXSW] Cycles: 10
[CTXSW] Cycles: 8
[CTXSW] Cycles: 132
[CTXSW] Cycles: 8
[CTXSW] Cycles: 10
[CTXSW] Cycles: 10
[CTXSW] Cycles: 28
[CTXSW] Cycles: 12
[CTXSW] Cycles: 28
[CTXSW] Cycles: 11
[CTXSW] Cycles: 7
[CTXSW] Cycles: 8
[CTXSW] Cycles: 7
[CTXSW] Cycles: 9
[CTXSW] Cycles: 41
[CTXSW] Cycles: 12
[CTXSW] Cycles: 7
[CRITICAL] Cycles: 160716
[MEDIUM] Cycles: 83318
[OBSERVER] Preemption gap: 261123 cycles
[CTXSW] Cycles: 8
[CTXSW] Cycles: 6
[CTXSW] Cycles: 21
[CTXSW] Cycles: 23
[CTXSW] Cycles: 10
[CTXSW] Cycles: 8
[CTXSW] Cycles: 7
[CTXSW] Cycles: 7
[CTXSW] Cycles: 7
[CTXSW] Cycles: 7
[CTXSW] Cycles: 7
[CTXSW] Cycles: 32
[CRITICAL] Cycles: 160042
[MEDIUM] Cycles: 80030
[OBSERVER] Preemption gap: 256103 cycles
[CTXSW] Cycles: 8
[CTXSW] Cycles: 7
[CTXSW] Cycles: 18
[CTXSW] Cycles: 20
[CTXSW] Cycles: 9
[CTXSW] Cycles: 17
[CTXSW] Cycles: 11
[CTXSW] Cycles: 7
[CTXSW] Cycles: 9
[CTXSW] Cycles: 7
[CTXSW] Cycles: 8
[CTXSW] Cycles: 19
[CRITICAL] Cycles: 167423
[OBSERVER] Preemption gap: 182328 cycles
[CTXSW] Cycles: 7
[CTXSW] Cycles: 7
[CTXSW] Cycles: 30
[CTXSW] Cycles: 12
[CTXSW] Cycles: 23
[CTXSW] Cycles: 11
[CTXSW] Cycles: 8
[CTXSW] Cycles: 8
[CTXSW] Cycles: 13
[CTXSW] Cycles: 9
[CTXSW] Cycles: 22
[CTXSW] Cycles: 13
[CTXSW] Cycles: 7
[OBSERVER] Preemption gap: 29080 cycles
[CTXSW] Cycles: 8
[CTXSW] Cycles: 11
[CTXSW] Cycles: 12
[CTXSW] Cycles: 7
[CTXSW] Cycles: 8
[CTXSW] Cycles: 7
[CTXSW] Cycles: 8
[CTXSW] Cycles: 126
[CRITICAL] Cycles: 160043
[MEDIUM] Cycles: 80028
[OBSERVER] Preemption gap: 259930 cycles
[CTXSW] Cycles: 8
[CTXSW] Cycles: 6
[CTXSW] Cycles: 16
[CTXSW] Cycles: 19
[CTXSW] Cycles: 10
[CTXSW] Cycles: 8
[CTXSW] Cycles: 9
[CTXSW] Cycles: 7
[CTXSW] Cycles: 12
[CTXSW] Cycles: 7
[CTXSW] Cycles: 8
[CTXSW] Cycles: 18
[CRITICAL] Cycles: 163588
[MEDIUM] Cycles: 80028
[OBSERVER] Preemption gap: 256407 cycles
[CTXSW] Cycles: 8
[CTXSW] Cycles: 7
[CTXSW] Cycles: 27
[CTXSW] Cycles: 18
[CTXSW] Cycles: 10
[CTXSW] Cycles: 7
[CTXSW] Cycles: 8
[CTXSW] Cycles: 8
[CTXSW] Cycles: 7
[CTXSW] Cycles: 6
[OBSERVER] Preemption gap: 27907 cycles
[CTXSW] Cycles: 7
[CTXSW] Cycles: 6
[CRITICAL] Cycles: 160084
[OBSERVER] Preemption gap: 161276 cycles
[CTXSW] Cycles: 10
[CTXSW] Cycles: 6
[CTXSW] Cycles: 12
[CTXSW] Cycles: 8
[CTXSW] Cycles: 7
[CTXSW] Cycles: 8
[CTXSW] Cycles: 7
[CTXSW] Cycles: 7
[CTXSW] Cycles: 20
[CTXSW] Cycles: 8
[CTXSW] Cycles: 9
[CTXSW] Cycles: 8
[CTXSW] Cycles: 35
[CTXSW] Cycles: 7
[CTXSW] Cycles: 7
[CTXSW] Cycles: 8
[CTXSW] Cycles: 7
[CTXSW] Cycles: 8
[CTXSW] Cycles: 7
[CTXSW] Cycles: 15
[CTXSW] Cycles: 7
[CRITICAL] Cycles: 160030
[MEDIUM] Cycles: 80029
[OBSERVER] Preemption gap: 266255 cycles
[CTXSW] Cycles: 8
[CTXSW] Cycles: 7
[CTXSW] Cycles: 17
[CTXSW] Cycles: 14
[CTXSW] Cycles: 8
[CTXSW] Cycles: 8
[CTXSW] Cycles: 8
[CTXSW] Cycles: 7
[CTXSW] Cycles: 8
[CTXSW] Cycles: 6
[CTXSW] Cycles: 7
[CTXSW] Cycles: 9
[CRITICAL] Cycles: 160048
[MEDIUM] Cycles: 80027
[OBSERVER] Preemption gap: 266479 cycles
[CTXSW] Cycles: 7
[CTXSW] Cycles: 6
[CTXSW] Cycles: 22
[CTXSW] Cycles: 16
[CTXSW] Cycles: 10
[CTXSW] Cycles: 8
[CTXSW] Cycles: 7
[CTXSW] Cycles: 17
[CTXSW] Cycles: 12
[CTXSW] Cycles: 18
[CRITICAL] Cycles: 160025
[OBSERVER] Preemption gap: 175170 cycles
[CTXSW] Cycles: 11
[CTXSW] Cycles: 7
[CTXSW] Cycles: 25
[CTXSW] Cycles: 10
[CTXSW] Cycles: 25
[CTXSW] Cycles: 12
[CTXSW] Cycles: 7
[CTXSW] Cycles: 8
[CTXSW] Cycles: 8
[CTXSW] Cycles: 7
[CTXSW] Cycles: 40
[CTXSW] Cycles: 10
[CTXSW] Cycles: 8
[OBSERVER] Preemption gap: 24657 cycles
[CTXSW] Cycles: 7
[CTXSW] Cycles: 7
[CTXSW] Cycles: 7
[CTXSW] Cycles: 7
[CTXSW] Cycles: 8
[CTXSW] Cycles: 6
[CTXSW] Cycles: 7
[CTXSW] Cycles: 8
[CRITICAL] Cycles: 161273
[MEDIUM] Cycles: 84071
[OBSERVER] Preemption gap: 260453 cycles
[CTXSW] Cycles: 8
[CTXSW] Cycles: 6
[CTXSW] Cycles: 25
[CTXSW] Cycles: 17
[CTXSW] Cycles: 8
[CTXSW] Cycles: 7
[CTXSW] Cycles: 8
[CTXSW] Cycles: 19
[CTXSW] Cycles: 13
[CTXSW] Cycles: 12
[OBSERVER] Preemption gap: 24481 cycles
[CTXSW] Cycles: 10
[CTXSW] Cycles: 8
[CRITICAL] Cycles: 160029
[MEDIUM] Cycles: 80060
[OBSERVER] Preemption gap: 252017 cycles
[CTXSW] Cycles: 8
[CTXSW] Cycles: 5
[CTXSW] Cycles: 13
[CTXSW] Cycles: 28
[CTXSW] Cycles: 8
[CTXSW] Cycles: 8
[OBSERVER] Preemption gap: 24190 cycles
[CTXSW] Cycles: 8
[CTXSW] Cycles: 8
[CTXSW] Cycles: 8
[CTXSW] Cycles: 6
[CTXSW] Cycles: 8
[CTXSW] Cycles: 6
[CRITICAL] Cycles: 160033
[OBSERVER] Preemption gap: 191106 cycles
[CTXSW] Cycles: 7
[CTXSW] Cycles: 20
[CTXSW] Cycles: 0
[CTXSW] Cycles: 11
[CTXSW] Cycles: 7
[CTXSW] Cycles: 8
[CTXSW] Cycles: 134
[CTXSW] Cycles: 9
[CTXSW] Cycles: 12
[CTXSW] Cycles: 10
[CTXSW] Cycles: 8
[CTXSW] Cycles: 8
[CTXSW] Cycles: 12
[CTXSW] Cycles: 8
[CTXSW] Cycles: 38
[OBSERVER] Preemption gap: 24675 cycles
[CTXSW] Cycles: 9
[CTXSW] Cycles: 123
[CTXSW] Cycles: 8
[CTXSW] Cycles: 9
[CRITICAL] Cycles: 160166
[MEDIUM] Cycles: 84032
[OBSERVER] Preemption gap: 258053 cycles
[CTXSW] Cycles: 8
[CTXSW] Cycles: 7
[CTXSW] Cycles: 20
[CTXSW] Cycles: 13
[CTXSW] Cycles: 7
[CTXSW] Cycles: 13
[CTXSW] Cycles: 8
[CTXSW] Cycles: 11
[CTXSW] Cycles: 7
[CTXSW] Cycles: 10
[CTXSW] Cycles: 7
[CTXSW] Cycles: 7
[CRITICAL] Cycles: 167082
[MEDIUM] Cycles: 80035
[OBSERVER] Preemption gap: 267806 cycles
[CTXSW] Cycles: 8
[CTXSW] Cycles: 7
[CTXSW] Cycles: 21
[CTXSW] Cycles: 20
[CTXSW] Cycles: 9
[CTXSW] Cycles: 8
[CTXSW] Cycles: 8
[CTXSW] Cycles: 7
[CTXSW] Cycles: 8
[CTXSW] Cycles: 6
[CTXSW] Cycles: 7
[CTXSW] Cycles: 7
[CRITICAL] Cycles: 160146
[OBSERVER] Preemption gap: 177838 cycles
[CTXSW] Cycles: 7
[CTXSW] Cycles: 7
[CTXSW] Cycles: 26
[CTXSW] Cycles: 11
[CTXSW] Cycles: 10
[CTXSW] Cycles: 7
[CTXSW] Cycles: 7
[CTXSW] Cycles: 8
[CTXSW] Cycles: 11
[CTXSW] Cycles: 8
[CTXSW] Cycles: 13
[CTXSW] Cycles: 8
[CTXSW] Cycles: 34
[CTXSW] Cycles: 12
[CTXSW] Cycles: 29
[CTXSW] Cycles: 11
[CTXSW] Cycles: 7
[CTXSW] Cycles: 8
[CTXSW] Cycles: 18
[CTXSW] Cycles: 12
[CTXSW] Cycles: 14
[CRITICAL] Cycles: 163585
[MEDIUM] Cycles: 80031
[OBSERVER] Preemption gap: 250970 cycles
[CTXSW] Cycles: 8
[CTXSW] Cycles: 6
[CTXSW] Cycles: 14
[CTXSW] Cycles: 25
[CTXSW] Cycles: 15
[CTXSW] Cycles: 8
[CTXSW] Cycles: 7
[CTXSW] Cycles: 7
[CTXSW] Cycles: 8
[CTXSW] Cycles: 9
[CTXSW] Cycles: 7
[CTXSW] Cycles: 13
[CRITICAL] Cycles: 160028
[MEDIUM] Cycles: 83292
[OBSERVER] Preemption gap: 257428 cycles
[CTXSW] Cycles: 8
[CTXSW] Cycles: 7
[CTXSW] Cycles: 25
[CTXSW] Cycles: 19
[CTXSW] Cycles: 9
[CTXSW] Cycles: 14
[CTXSW] Cycles: 16
[CTXSW] Cycles: 6
[CTXSW] Cycles: 8
[CTXSW] Cycles: 28
[CTXSW] Cycles: 12
[CTXSW] Cycles: 7
[CRITICAL] Cycles: 161363
[OBSERVER] Preemption gap: 175719 cycles
[CTXSW] Cycles: 8
[CTXSW] Cycles: 7
[CTXSW] Cycles: 28
[OBSERVER] Preemption gap: 24038 cycles
[CTXSW] Cycles: 10
[CTXSW] Cycles: 17
[CTXSW] Cycles: 15
[CTXSW] Cycles: 8
[CTXSW] Cycles: 7
[CTXSW] Cycles: 66
[CTXSW] Cycles: 21
[CTXSW] Cycles: 18
[CTXSW] Cycles: 10
[CTXSW] Cycles: 8
[CTXSW] Cycles: 9
[CTXSW] Cycles: 17
[OBSERVER] Preemption gap: 26781 cycles
[CTXSW] Cycles: 11
[CTXSW] Cycles: 36
[CTXSW] Cycles: 9
[CTXSW] Cycles: 6
[CTXSW] Cycles: 20
[CTXSW] Cycles: 7
[CRITICAL] Cycles: 160031
[MEDIUM] Cycles: 80031
[OBSERVER] Preemption gap: 254905 cycles
[CTXSW] Cycles: 7
[CTXSW] Cycles: 6
[CTXSW] Cycles: 16
[CTXSW] Cycles: 23
[CTXSW] Cycles: 10
[CTXSW] Cycles: 14
[CTXSW] Cycles: 10
[CTXSW] Cycles: 7
[CTXSW] Cycles: 7
[CTXSW] Cycles: 7
[CTXSW] Cycles: 7
[CTXSW] Cycles: 6
[CRITICAL] Cycles: 166154
[MEDIUM] Cycles: 80028
[OBSERVER] Preemption gap: 256101 cycles
[CTXSW] Cycles: 7
[CTXSW] Cycles: 7
[CTXSW] Cycles: 12
[CTXSW] Cycles: 23
[CTXSW] Cycles: 8
[CTXSW] Cycles: 138
[CTXSW] Cycles: 8
[CTXSW] Cycles: 7
[CTXSW] Cycles: 8
[CTXSW] Cycles: 7
[CTXSW] Cycles: 8
[CTXSW] Cycles: 7
[CRITICAL] Cycles: 160028
[OBSERVER] Preemption gap: 179545 cycles
[CTXSW] Cycles: 8
[CTXSW] Cycles: 6
[CTXSW] Cycles: 19
[CTXSW] Cycles: 11
[CTXSW] Cycles: 61
[CTXSW] Cycles: 13
[CTXSW] Cycles: 7
[CTXSW] Cycles: 9
[CTXSW] Cycles: 7
[CTXSW] Cycles: 8
[CTXSW] Cycles: 24
[CTXSW] Cycles: 9
[CTXSW] Cycles: 16
[CTXSW] Cycles: 10
[CTXSW] Cycles: 6
[CTXSW] Cycles: 7
[CTXSW] Cycles: 7
[CTXSW] Cycles: 8
[CTXSW] Cycles: 22
[CTXSW] Cycles: 15
[CTXSW] Cycles: 14
[CRITICAL] Cycles: 160042
[MEDIUM] Cycles: 80036
[OBSERVER] Preemption gap: 259206 cycles
[CTXSW] Cycles: 9
[CTXSW] Cycles: 7
[CTXSW] Cycles: 17
[CTXSW] Cycles: 19
[CTXSW] Cycles: 8
[CTXSW] Cycles: 24
[CTXSW] Cycles: 18
[CTXSW] Cycles: 6
[CTXSW] Cycles: 8
[CTXSW] Cycles: 12
[CTXSW] Cycles: 17
[CTXSW] Cycles: 7
[CRITICAL] Cycles: 160048
[MEDIUM] Cycles: 80029
[OBSERVER] Preemption gap: 265052 cycles
[CTXSW] Cycles: 8
[CTXSW] Cycles: 7
[CTXSW] Cycles: 26
[CTXSW] Cycles: 21
[CTXSW] Cycles: 10
[CTXSW] Cycles: 8
[CTXSW] Cycles: 7
[CTXSW] Cycles: 6
[CTXSW] Cycles: 7
[CTXSW] Cycles: 6
[CTXSW] Cycles: 7
[CTXSW] Cycles: 7
[CRITICAL] Cycles: 167799
[OBSERVER] Preemption gap: 187619 cycles
[CTXSW] Cycles: 8
[CTXSW] Cycles: 7
[CTXSW] Cycles: 15
[OBSERVER] Preemption gap: 25813 cycles
[CTXSW] Cycles: 10
[CTXSW] Cycles: 0
[CTXSW] Cycles: 9
[CTXSW] Cycles: 24
[CTXSW] Cycles: 16
[CTXSW] Cycles: 36
[CTXSW] Cycles: 9
[CTXSW] Cycles: 28
[CTXSW] Cycles: 13
[CTXSW] Cycles: 7
[CTXSW] Cycles: 9
[CTXSW] Cycles: 7
[OBSERVER] Preemption gap: 25170 cycles
[CTXSW] Cycles: 8
[CTXSW] Cycles: 7
[CTXSW] Cycles: 8
[CTXSW] Cycles: 6
[CRITICAL] Cycles: 160030
[MEDIUM] Cycles: 80032
[OBSERVER] Preemption gap: 249422 cycles
[CTXSW] Cycles: 8
[CTXSW] Cycles: 7
[CTXSW] Cycles: 10
[CTXSW] Cycles: 21
[CTXSW] Cycles: 8
[CTXSW] Cycles: 8
[CTXSW] Cycles: 8
[CTXSW] Cycles: 8
[CTXSW] Cycles: 8
[CTXSW] Cycles: 25
[CTXSW] Cycles: 15
[CTXSW] Cycles: 7
[CRITICAL] Cycles: 160318
[MEDIUM] Cycles: 80034
[OBSERVER] Preemption gap: 257132 cycles
[CTXSW] Cycles: 8
[CTXSW] Cycles: 13
[CTXSW] Cycles: 25
[CTXSW] Cycles: 20
[CTXSW] Cycles: 11
[CTXSW] Cycles: 8
[CTXSW] Cycles: 7
[CTXSW] Cycles: 20
[CTXSW] Cycles: 13
[CTXSW] Cycles: 30
[CTXSW] Cycles: 12
[CTXSW] Cycles: 8
[CRITICAL] Cycles: 160036
[OBSERVER] Preemption gap: 184728 cycles
[CTXSW] Cycles: 8
[CTXSW] Cycles: 17
[CTXSW] Cycles: 20
[CTXSW] Cycles: 12
[CTXSW] Cycles: 8
[OBSERVER] Preemption gap: 26272 cycles
[CTXSW] Cycles: 9
[CTXSW] Cycles: 12
[CTXSW] Cycles: 8
[CTXSW] Cycles: 127
[CTXSW] Cycles: 10
[CTXSW] Cycles: 45
[CTXSW] Cycles: 10
[CTXSW] Cycles: 6
[CTXSW] Cycles: 8
[CTXSW] Cycles: 117
[CTXSW] Cycles: 7
[CTXSW] Cycles: 6
[CTXSW] Cycles: 8
[CTXSW] Cycles: 6
[CTXSW] Cycles: 19
[CTXSW] Cycles: 7
[CRITICAL] Cycles: 168557
[MEDIUM] Cycles: 80025
[OBSERVER] Preemption gap: 262185 cycles
[CTXSW] Cycles: 7
[CTXSW] Cycles: 7
[CTXSW] Cycles: 28
[CTXSW] Cycles: 17
[CTXSW] Cycles: 10
[CTXSW] Cycles: 8
[CTXSW] Cycles: 8
[CTXSW] Cycles: 7
[CTXSW] Cycles: 8
[CTXSW] Cycles: 6
[CTXSW] Cycles: 8
[CTXSW] Cycles: 6
[CRITICAL] Cycles: 160030
[MEDIUM] Cycles: 80029
[OBSERVER] Preemption gap: 262297 cycles
[CTXSW] Cycles: 8
[CTXSW] Cycles: 6
[CTXSW] Cycles: 11
[CTXSW] Cycles: 12
[CTXSW] Cycles: 8
[CTXSW] Cycles: 7
[CTXSW] Cycles: 8
[CTXSW] Cycles: 146
[CTXSW] Cycles: 13
[CTXSW] Cycles: 13
[CTXSW] Cycles: 12
[CTXSW] Cycles: 7
[CRITICAL] Cycles: 168537
[OBSERVER] Preemption gap: 179223 cycles
[CTXSW] Cycles: 8
[CTXSW] Cycles: 6
[CTXSW] Cycles: 14
[CTXSW] Cycles: 8
[CTXSW] Cycles: 39
[CTXSW] Cycles: 15
[CTXSW] Cycles: 7
[CTXSW] Cycles: 8
[CTXSW] Cycles: 40
[CTXSW] Cycles: 9
[CTXSW] Cycles: 132
[CTXSW] Cycles: 94
[CTXSW] Cycles: 7
[CTXSW] Cycles: 8
[CTXSW] Cycles: 8
[CTXSW] Cycles: 8
[CTXSW] Cycles: 32
[CTXSW] Cycles: 8
[CTXSW] Cycles: 17
[CTXSW] Cycles: 8
[CTXSW] Cycles: 8
[CRITICAL] Cycles: 160032
[MEDIUM] Cycles: 80000
[OBSERVER] Preemption gap: 270386 cycles
[CTXSW] Cycles: 8
[CTXSW] Cycles: 7
[CTXSW] Cycles: 0
[CTXSW] Cycles: 0
[CTXSW] Cycles: 9
[CTXSW] Cycles: 8
[CTXSW] Cycles: 8
[CTXSW] Cycles: 7
[CTXSW] Cycles: 7
[CTXSW] Cycles: 7
[CRITICAL] Cycles: 160024
[MEDIUM] Cycles: 80025
[OBSERVER] Preemption gap: 249328 cycles
[CTXSW] Cycles: 7
[CTXSW] Cycles: 6
[CTXSW] Cycles: 22
[CTXSW] Cycles: 12
[CTXSW] Cycles: 7
[CTXSW] Cycles: 7
[CTXSW] Cycles: 8
[CTXSW] Cycles: 7
[CTXSW] Cycles: 7
[CTXSW] Cycles: 6
[CTXSW] Cycles: 8
[CTXSW] Cycles: 51
[CRITICAL] Cycles: 160033
[OBSERVER] Preemption gap: 179685 cycles
[CTXSW] Cycles: 11
[CTXSW] Cycles: 27
[CTXSW] Cycles: 20
[CTXSW] Cycles: 10
[CTXSW] Cycles: 9
[CTXSW] Cycles: 8
[CTXSW] Cycles: 10
[CTXSW] Cycles: 8
[CTXSW] Cycles: 22
[CTXSW] Cycles: 14
[CTXSW] Cycles: 7
[OBSERVER] Preemption gap: 30667 cycles
[CTXSW] Cycles: 9
[CTXSW] Cycles: 24
[CTXSW] Cycles: 10
[CTXSW] Cycles: 18
[OBSERVER] Preemption gap: 28225 cycles
[CTXSW] Cycles: 8
[CTXSW[CRITICAL] Cycles: 161486
[MEDIUM] Cycles: 80031
] Cycles: 10
[CTXSW] Cycles: 8
[CTXSW] Cycles: 18
[CTXSW] Cycles: 19
[CTXSW] Cycles: 8
[CTXSW] Cycles: 8
[CTXSW] Cycles: 7
[CTXSW] Cycles: 18
[CTXSW] Cycles: 12
[CTXSW] Cycles: 7
[CTXSW] Cycles: 15
[CTXSW] Cycles: 7
[CRITICAL] Cycles: 160038
[MEDIUM] Cycles: 80031
[OBSERVER] Preemption gap: 250366 cycles
[CTXSW] Cycles: 7
[CTXSW] Cycles: 6
[CTXSW] Cycles: 19
[CTXSW] Cycles: 26
[CTXSW] Cycles: 10
[CTXSW] Cycles: 16
[CTXSW] Cycles: 8
[CTXSW] Cycles: 18
[CTXSW] Cycles: 12
[CTXSW] Cycles: 6
[CTXSW] Cycles: 8
[CTXSW] Cycles: 7
[CRITICAL] Cycles: 160035
[OBSERVER] Preemption gap: 175118 cycles
[CTXSW] Cycles: 8
[CTXSW] Cycles: 28
[CTXSW] Cycles: 13
[CTXSW] Cycles: 9
[CTXSW] Cycles: 8
[CTXSW] Cycles: 7
[CTXSW] Cycles: 7
[CTXSW] Cycles: 8
[CTXSW] Cycles: 9
[CTXSW] Cycles: 8
[CTXSW] Cycles: 11
[CTXSW] Cycles: 10
[CTXSW] Cycles: 23
[CTXSW] Cycles: 9
[CTXSW] Cycles: 27
[CTXSW] Cycles: 13
[CTXSW] Cycles: 16
[CTXSW] Cycles: 10
[CTXSW] Cycles: 7
[CTXSW] Cycles: 7
[CTXSW] Cycles: 7
[CRITICAL] Cycles: 160038
[MEDIUM] Cycles: 80030
[OBSERVER] Preemption gap: 264312 cycles
[CTXSW] Cycles: 7
[CTXSW] Cycles: 7
[CTXSW] Cycles: 14
[CTXSW] Cycles: 21
[CTXSW] Cycles: 9
[CTXSW] Cycles: 9
[CTXSW] Cycles: 7
[CTXSW] Cycles: 7
[CTXSW] Cycles: 7
[CTXSW] Cycles: 7
[OBSERVER] Preemption gap: 30517 cycles
[CTXSW] Cycles: 7
[CTXSW] Cycles: 0
[CRITICAL] Cycles: 167701
[MEDIUM] Cycles: 80030
[CTXSW] Cycles: 9
[CTXSW] Cycles: 12
[CTXSW] Cycles: 23
[CTXSW] Cycles: 7
[CTXSW] Cycles: 7
[CTXSW] Cycles: 8
[CTXSW] Cycles: 6
[CTXSW] Cycles: 9
[CTXSW] Cycles: 6
[CTXSW] Cycles: 7
[CTXSW] Cycles: 7
[CRITICAL] Cycles: 160030
[OBSERVER] Preemption gap: 175390 cycles
[CTXSW] Cycles: 8
[CTXSW] Cycles: 23
[CTXSW] Cycles: 24
[CTXSW] Cycles: 11
[CTXSW] Cycles: 8
[CTXSW] Cycles: 8
[CTXSW] Cycles: 6
[CTXSW] Cycles: 8
[CTXSW] Cycles: 13
[CTXSW] Cycles: 9
[CTXSW] Cycles: 18
[CTXSW] Cycles: 12
[CTXSW] Cycles: 6
[CTXSW] Cycles: 8
[CTXSW] Cycles: 7
[CTXSW] Cycles: 8
[CTXSW] Cycles: 22
[CTXSW] Cycles: 10
[CTXSW] Cycles: 7
[OBSERVER] Preemption gap: 27308 cycles
[CTXSW] Cycles: 8
[CTXSW] Cycles: 8
[CRITICAL] Cycles: 160033
[MEDIUM] Cycles: 80030
[OBSERVER] Preemption gap: 245781 cycles
[CTXSW] Cycles: 8
[CTXSW] Cycles: 7
[CTXSW] Cycles: 15
[CTXSW] Cycles: 19
[CTXSW] Cycles: 10
[CTXSW] Cycles: 9
[CTXSW] Cycles: 8
[CTXSW] Cycles: 6
[CTXSW] Cycles: 9
[CTXSW] Cycles: 7
[CTXSW] Cycles: 8
[CTXSW] Cycles: 14
[CRITICAL] Cycles: 160034
[MEDIUM] Cycles: 80029
[OBSERVER] Preemption gap: 261514 cycles
[CTXSW] Cycles: 10
[CTXSW] Cycles: 10
[CTXSW] Cycles: 17
[CTXSW] Cycles: 20
[CTXSW] Cycles: 9
[CTXSW] Cycles: 8
[CTXSW] Cycles: 8
[CTXSW] Cycles: 38
[CTXSW] Cycles: 15
[CTXSW] Cycles: 20
[CTXSW] Cycles: 12
[CTXSW] Cycles: 17
[CRITICAL] Cycles: 163234
[OBSERVER] Preemption gap: 176554 cycles
[CTXSW] Cycles: 11
[CTXSW] Cycles: 7
[CTXSW] Cycles: 31
[CTXSW] Cycles: 10
[CTXSW] Cycles: 8
[CTXSW] Cycles: 9
[CTXSW] Cycles: 38
[CTXSW] Cycles: 13
[CTXSW] Cycles: 12
[CTXSW] Cycles: 8
[CTXSW] Cycles: 9
[CTXSW] Cycles: 7
[CTXSW] Cycles: 37
[CTXSW] Cycles: 11
[CTXSW] Cycles: 16
[CTXSW] Cycles: 10
[CTXSW] Cycles: 10
[CTXSW] Cycles: 8
[CTXSW] Cycles: 17
[CTXSW] Cycles: 11
[CTXSW] Cycles: 8
[CRITICAL] Cycles: 160120
[MEDIUM] Cycles: 80028
[OBSERVER] Preemption gap: 257438 cycles
[CTXSW] Cycles: 9
[CTXSW] Cycles: 8
[CTXSW] Cycles: 16
[CTXSW] Cycles: 16
[CTXSW] Cycles: 9
[CTXSW] Cycles: 9
[CTXSW] Cycles: 8
[CTXSW] Cycles: 6
[CTXSW] Cycles: 7
[CTXSW] Cycles: 18
[CTXSW] Cycles: 7
[CTXSW] Cycles: 119
[CRITICAL] Cycles: 164345
[MEDIUM] Cycles: 80028
[OBSERVER] Preemption gap: 258942 cycles
[CTXSW] Cycles: 7
[CTXSW] Cycles: 23
[CTXSW] Cycles: 22
[CTXSW] Cycles: 19
[CTXSW] Cycles: 10
[CTXSW] Cycles: 41
[CTXSW] Cycles: 12
[CTXSW] Cycles: 8
[CTXSW] Cycles: 7
[CTXSW] Cycles: 7
[CTXSW] Cycles: 8
[CTXSW] Cycles: 7
[CRITICAL] Cycles: 160044
[OBSERVER] Preemption gap: 200982 cycles
[CTXSW] Cycles: 8
[CTXSW] Cycles: 7
[CTXSW] Cycles: 25
[CTXSW] Cycles: 10
[CTXSW] Cycles: 7
[CTXSW] Cycles: 7
[CTXSW] Cycles: 7
[CTXSW] Cycles: 7
[CTXSW] Cycles: 6
[CTXSW] Cycles: 12
[CTXSW] Cycles: 7
[CTXSW] Cycles: 7
[CTXSW] Cycles: 7
[CTXSW] Cycles: 13
[CTXSW] Cycles: 7
[CTXSW] Cycles: 7
[CTXSW] Cycles: 7
[CRITICAL] Cycles: 161064
[MEDIUM] Cycles: 80034
[OBSERVER] Preemption gap: 257660 cycles
[CTXSW] Cycles: 8
[CTXSW] Cycles: 86
[CTXSW] Cycles: 98
[CTXSW] Cycles: 17
[CTXSW] Cycles: 9
[CTXSW] Cycles: 16
[CTXSW] Cycles: 18
[CTXSW] Cycles: 7
[CTXSW] Cycles: 8
[CTXSW] Cycles: 7
[CTXSW] Cycles: 8
[CTXSW] Cycles: 6
[CRITICAL] Cycles: 162124
[MEDIUM] Cycles: 82507
[OBSERVER] Preemption gap: 256682 cycles
[CTXSW] Cycles: 8
[CTXSW] Cycles: 7
[CTXSW] Cycles: 19
[CTXSW] Cycles: 18
[CTXSW] Cycles: 10
[CTXSW] Cycles: 29
[CTXSW] Cycles: 11
[CTXSW] Cycles: 11
[CTXSW] Cycles: 10
[CTXSW] Cycles: 8
[CTXSW] Cycles: 8
[CTXSW] Cycles: 7
[CRITICAL] Cycles: 166378
[OBSERVER] Preemption gap: 177386 cycles
[CTXSW] Cycles: 8
[CTXSW] Cycles: 62
[CTXSW] Cycles: 17
[CTXSW] Cycles: 10
[CTXSW] Cycles: 8
[CTXSW] Cycles: 8
[CTXSW] Cycles: 23
[CTXSW] Cycles: 15
[CTXSW] Cycles: 7
[CTXSW] Cycles: 7
[CTXSW] Cycles: 21
[CTXSW] Cycles: 8
[CTXSW] Cycles: 13
[CTXSW] Cycles: 8
[CTXSW] Cycles: 0
[CTXSW] Cycles: 9
[CTXSW] Cycles: 14
[CTXSW] Cycles: 10
[CTXSW] Cycles: 8
[CRITICAL] Cycles: 164073
[MEDIUM] Cycles: 80028
[OBSERVER] Preemption gap: 263166 cycles
[CTXSW] Cycles: 8
[CTXSW] Cycles: 6
[CTXSW] Cycles: 33
[CTXSW] Cycles: 24
[CTXSW] Cycles: 9
[CTXSW] Cycles: 7
[CTXSW] Cycles: 8
[CTXSW] Cycles: 27
[CTXSW] Cycles: 13
[CTXSW] Cycles: 7
[CTXSW] Cycles: 8
[CTXSW] Cycles: 18
[CRITICAL] Cycles: 162273
[MEDIUM] Cycles: 80031
[OBSERVER] Preemption gap: 253306 cycles
[CTXSW] Cycles: 11
[CTXSW] Cycles: 11
[CTXSW] Cycles: 21
[CTXSW] Cycles: 19
[CTXSW] Cycles: 9
[CTXSW] Cycles: 8
[CTXSW] Cycles: 8
[CTXSW] Cycles: 7
[OBSERVER] Preemption gap: 24184 cycles
[CTXSW] Cycles: 8
[CTXSW] Cycles: 15
[CTXSW] Cycles: 11
[CTXSW] Cycles: 22
[CRITICAL] Cycles: 160035
[OBSERVER] Preemption gap: 175653 cycles
[CTXSW] Cycles: 9
[CTXSW] Cycles: 7
[CTXSW] Cycles: 26
[CTXSW] Cycles: 14
[CTXSW] Cycles: 9
[CTXSW] Cycles: 8
[CTXSW] Cycles: 19
[CTXSW] Cycles: 11
[CTXSW] Cycles: 12
[CTXSW] Cycles: 10
[CTXSW] Cycles: 7
[OBSERVER] Preemption gap: 27658 cycles
[CTXSW] Cycles: 8
[CTXSW] Cycles: 10
[CTXSW] Cycles: 9
[CTXSW] Cycles: 11
[CTXSW] Cycles: 8
[CTXSW] Cycles: 7
[CTXSW] Cycles: 7
[CTXSW] Cycles: 18
[CTXSW] Cycles: 11
[CTXSW] Cycles: 7
[CRITICAL] Cycles: 160032
[MEDIUM] Cycles: 80336
[OBSERVER] Preemption gap: 260626 cycles
[CTXSW] Cycles: 8
[CTXSW] Cycles: 13
[CTXSW] Cycles: 16
[CTXSW] Cycles: 19
[CTXSW] Cycles: 10
[CTXSW] Cycles: 58
[CTXSW] Cycles: 13
[CTXSW] Cycles: 7
[CTXSW] Cycles: 8
[CTXSW] Cycles: 7
[CTXSW] Cycles: 8
[CTXSW] Cycles: 16
[CRITICAL] Cycles: 160047
[MEDIUM] Cycles: 80030
[OBSERVER] Preemption gap: 262798 cycles
[CTXSW] Cycles: 8
[CTXSW] Cycles: 6
[CTXSW] Cycles: 17
[CTXSW] Cycles: 19
[CTXSW] Cycles: 9
[CTXSW] Cycles: 19
[CTXSW] Cycles: 16
[CTXSW] Cycles: 7
[CTXSW] Cycles: 8
[CTXSW] Cycles: 6
[CTXSW] Cycles: 8
[CTXSW] Cycles: 6
[CRITICAL] Cycles: 170230
[OBSERVER] Preemption gap: 184553 cycles
[CTXSW] Cycles: 8
[CTXSW] Cycles: 7
[CTXSW] Cycles: 21
[CTXSW] Cycles: 12
[CTXSW] Cycles: 7
[CTXSW] Cycles: 8
[CTXSW] Cycles: 140
[CTXSW] Cycles: 10
[CTXSW] Cycles: 13
[CTXSW] Cycles: 8
[CTXSW] Cycles: 33
[CTXSW] Cycles: 8
[CTXSW] Cycles: 18
[CTXSW] Cycles: 8
[CTXSW] Cycles: 118
[CTXSW] Cycles: 9
[CTXSW] Cycles: 6
[CTXSW] Cycles: 8
[CTXSW] Cycles: 6
[OBSERVER] Preemption gap: 24381 cycles
[CTXSW] Cycles: 8
[CTXSW] Cycles: 7
[CRITICAL] Cycles: 165230
[MEDIUM] Cycles: 80032
[OBSERVER] Preemption gap: 253178 cycles
[CTXSW] Cycles: 8
[CTXSW] Cycles: 7
[CTXSW] Cycles: 17
[CTXSW] Cycles: 20
[CTXSW] Cycles: 10
[CTXSW] Cycles: 12
[CTXSW] Cycles: 11
[CTXSW] Cycles: 7
[CTXSW] Cycles: 8
[CTXSW] Cycles: 7
[CTXSW] Cycles: 10
[CTXSW] Cycles: 6
[CRITICAL] Cycles: 160035
[MEDIUM] Cycles: 81826
[OBSERVER] Preemption gap: 254558 cycles
[CTXSW] Cycles: 8
[CTXSW] Cycles: 6
[CTXSW] Cycles: 23
[CTXSW] Cycles: 19
[CTXSW] Cycles: 10
[CTXSW] Cycles: 7
[CTXSW] Cycles: 8
[CTXSW] Cycles: 6
[CTXSW] Cycles: 8
[CTXSW] Cycles: 7
[CTXSW] Cycles: 7
[CTXSW] Cycles: 7
[CRITICAL] Cycles: 160033
[OBSERVER] Preemption gap: 178858 cycles
[CTXSW] Cycles: 8
[CTXSW] Cycles: 7
[CTXSW] Cycles: 21
[CTXSW] Cycles: 10
[CTXSW] Cycles: 7
[CTXSW] Cycles: 8
[CTXSW] Cycles: 8
[CTXSW] Cycles: 10
[CTXSW] Cycles: 22
[CTXSW] Cycles: 7
[CTXSW] Cycles: 18
[CTXSW] Cycles: 12
[CTXSW] Cycles: 10
[CTXSW] Cycles: 9
[CTXSW] Cycles: 7
[CTXSW] Cycles: 14
[CTXSW] Cycles: 8
[CTXSW] Cycles: 9
[CTXSW] Cycles: 6
[CTXSW] Cycles: 8
[CTXSW] Cycles: 37
[CRITICAL] Cycles: 161817
[MEDIUM] Cycles: 80030
[OBSERVER] Preemption gap: 264059 cycles
[CTXSW] Cycles: 11
[CTXSW] Cycles: 21
[CTXSW] Cycles: 22
[CTXSW] Cycles: 17
[CTXSW] Cycles: 8
[CTXSW] Cycles: 16
[OBSERVER] Preemption gap: 24282 cycles
[CTXSW] Cycles: 14
[CTXSW] Cycles: 149
[CTXSW] Cycles: 10
[CTXSW] Cycles: 7
[CTXSW] Cycles: 8
[CTXSW] Cycles: 7
[CRITICAL] Cycles: 163526
[MEDIUM] Cycles: 80031
[OBSERVER] Preemption gap: 260969 cycles
[CTXSW] Cycles: 8
[CTXSW] Cycles: 7
[CTXSW] Cycles: 15
[CTXSW] Cycles: 21
[CTXSW] Cycles: 10
[CTXSW] Cycles: 8
[CTXSW] Cycles: 8
[CTXSW] Cycles: 17
[CTXSW] Cycles: 12
[CTXSW] Cycles: 8
[CTXSW] Cycles: 9
[CTXSW] Cycles: 7
[CRITICAL] Cycles: 160033
[OBSERVER] Preemption gap: 178371 cycles
[CTXSW] Cycles: 8
[CTXSW] Cycles: 15
[CTXSW] Cycles: 16
[CTXSW] Cycles: 10
[CTXSW] Cycles: 140
[CTXSW] Cycles: 8
[CTXSW] Cycles: 11
[CTXSW] Cycles: 7
[CTXSW] Cycles: 39
[CTXSW] Cycles: 7
[CTXSW] Cycles: 19
[CTXSW] Cycles: 8
[CTXSW] Cycles: 23
[CTXSW] Cycles: 9
[CTXSW] Cycles: 7
[CTXSW] Cycles: 7
[CTXSW] Cycles: 11
[CTXSW] Cycles: 9
[CTXSW] Cycles: 10
[CTXSW] Cycles: 8
[CTXSW] Cycles: 7
[CRITICAL] Cycles: 162088
[MEDIUM] Cycles: 80027
[OBSERVER] Preemption gap: 261427 cycles
[CTXSW] Cycles: 8
[CTXSW] Cycles: 6
[CTXSW] Cycles: 37
[CTXSW] Cycles: 17
[CTXSW] Cycles: 8
[CTXSW] Cycles: 22
[CTXSW] Cycles: 13
[CTXSW] Cycles: 7
[OBSERVER] Preemption gap: 26663 cycles
[CTXSW] Cycles: 9
[CTXSW] Cycles: 15
[CRITICAL] Cycles: 162142
[MEDIUM] Cycles: 80031
[OBSERVER] Preemption gap: 264362 cycles
[CTXSW] Cycles: 9
[CTXSW] Cycles: 11
[CTXSW] Cycles: 18
[CTXSW] Cycles: 21
[CTXSW] Cycles: 9
[CTXSW] Cycles: 9
[OBSERVER] Preemption gap: 25098 cycles
[CTXSW] Cycles: 9
[CTXSW] Cycles: 17
[CTXSW] Cycles: 15
[CTXSW] Cycles: 6
[CRITICAL] Cycles: 160046
[OBSERVER] Preemption gap: 181498 cycles
[CTXSW] Cycles: 8
[CTXSW] Cycles: 7
[CTXSW] Cycles: 26
[CTXSW] Cycles: 10
[CTXSW] Cycles: 8
[CTXSW] Cycles: 8
[CTXSW] Cycles: 7
[CTXSW] Cycles: 8
[CTXSW] Cycles: 11
[CTXSW] Cycles: 10
[CTXSW] Cycles: 13
[CTXSW] Cycles: 7
[CTXSW] Cycles: 9
[CTXSW] Cycles: 8
[CTXSW] Cycles: 8
[CTXSW] Cycles: 7
[CTXSW] Cycles: 19
[OBSERVER] Preemption gap: 24418 cycles
[CTXSW] Cycles: 7
[CTXSW] Cycles: 10
[CTXSW] Cycles: 8
[CTXSW] Cycles: 7
[CRITICAL] Cycles: 163174
[MEDIUM] Cycles: 80108
[OBSERVER] Preemption gap: 257856 cycles
[CTXSW] Cycles: 8
[CTXSW] Cycles: 6
[CTXSW] Cycles: 14
[CTXSW] Cycles: 17
[CTXSW] Cycles: 8
[CTXSW] Cycles: 0
[CTXSW] Cycles: 8
[CTXSW] Cycles: 7
[CTXSW] Cycles: 8
[CTXSW] Cycles: 20
[CRITICAL] Cycles: 162047
[MEDIUM] Cycles: 80032
[OBSERVER] Preemption gap: 260977 cycles
[CTXSW] Cycles: 12
[CTXSW] Cycles: 7
[CTXSW] Cycles: 19
[CTXSW] Cycles: 17
[CTXSW] Cycles: 9
[CTXSW] Cycles: 8
[CTXSW] Cycles: 8
[CTXSW] Cycles: 7
[CTXSW] Cycles: 9
[CTXSW] Cycles: 6
[CTXSW] Cycles: 7
[CTXSW] Cycles: 6
[CRITICAL] Cycles: 160033
[OBSERVER] Preemption gap: 184354 cycles
[CTXSW] Cycles: 8
[CTXSW] Cycles: 15
[CTXSW] Cycles: 14
[CTXSW] Cycles: 12
[CTXSW] Cycles: 7
[CTXSW] Cycles: 8
[CTXSW] Cycles: 8
[CTXSW] Cycles: 9
[CTXSW] Cycles: 12
[CTXSW] Cycles: 10
[CTXSW] Cycles: 8
[CTXSW] Cycles: 9
[CTXSW] Cycles: 20
[CTXSW] Cycles: 9
[CTXSW] Cycles: 6
[CTXSW] Cycles: 7
[CTXSW] Cycles: 20
[CTXSW] Cycles: 16
[CTXSW] Cycles: 16
[CTXSW] Cycles: 11
[CTXSW] Cycles: 7
[CRITICAL] Cycles: 162435
[MEDIUM] Cycles: 84656
[OBSERVER] Preemption gap: 263953 cycles
[CTXSW] Cycles: 9
[CTXSW] Cycles: 7
[CTXSW] Cycles: 17
[CTXSW] Cycles: 27
[CTXSW] Cycles: 8
[CTXSW] Cycles: 18
[CTXSW] Cycles: 8
[CTXSW] Cycles: 6
[CTXSW] Cycles: 17
[CTXSW] Cycles: 6
[CTXSW] Cycles: 7
[CTXSW] Cycles: 6
[CRITICAL] Cycles: 160025
[MEDIUM] Cycles: 90080
[OBSERVER] Preemption gap: 268310 cycles
[CTXSW] Cycles: 7
[CTXSW] Cycles: 7
[CTXSW] Cycles: 12
[CTXSW] Cycles: 22
[CTXSW] Cycles: 8
[CTXSW] Cycles: 6
[CTXSW] Cycles: 8
[CTXSW] Cycles: 8
[CTXSW] Cycles: 19
[CTXSW] Cycles: 94
[CRITICAL] Cycles: 160028
[OBSERVER] Preemption gap: 173173 cycles
[CTXSW] Cycles: 8
[CTXSW] Cycles: 6
[CTXSW] Cycles: 18
[CTXSW] Cycles: 8
[CTXSW] Cycles: 9
[CTXSW] Cycles: 7
[CTXSW] Cycles: 8
[CTXSW] Cycles: 16
[CTXSW] Cycles: 45
[CTXSW] Cycles: 17
[CTXSW] Cycles: 178
[CTXSW] Cycles: 12
[CTXSW] Cycles: 40
[CTXSW] Cycles: 14
[CTXSW] Cycles: 18
[CTXSW] Cycles: 7
[CTXSW] Cycles: 7
[CTXSW] Cycles: 8
[CTXSW] Cycles: 6
[CTXSW] Cycles: 8
[CTXSW] Cycles: 6
[CRITICAL] Cycles: 160033
[MEDIUM] Cycles: 80025
[OBSERVER] Preemption gap: 256329 cycles
[CTXSW] Cycles: 7
[CTXSW] Cycles: 7
[CTXSW] Cycles: 25
[CTXSW] Cycles: 24
[CTXSW] Cycles: 9
[CTXSW] Cycles: 8
[OBSERVER] Preemption gap: 24794 cycles
[CTXSW] Cycles: 7
[CTXSW] Cycles: 19
[CTXSW] Cycles: 9
[CTXSW] Cycles: 17
[CTXSW] Cycles: 20
[CTXSW] Cycles: 7
[CRITICAL] Cycles: 160034
[MEDIUM] Cycles: 80040
[OBSERVER] Preemption gap: 263638 cycles
[CTXSW] Cycles: 8
[CTXSW] Cycles: 6
[CTXSW] Cycles: 16
[CTXSW] Cycles: 24
[CTXSW] Cycles: 9
[CTXSW] Cycles: 7
[CTXSW] Cycles: 8
[CTXSW] Cycles: 19
[CTXSW] Cycles: 8
[CTXSW] Cycles: 7
[CTXSW] Cycles: 8
[CTXSW] Cycles: 9
[CRITICAL] Cycles: 160048
[OBSERVER] Preemption gap: 174736 cycles
[CTXSW] Cycles: 9
[CTXSW] Cycles: 7
[CTXSW] Cycles: 16
[CTXSW] Cycles: 8
[CTXSW] Cycles: 27
[CTXSW] Cycles: 19
[CTXSW] Cycles: 14
[CTXSW] Cycles: 10
[CTXSW] Cycles: 6
[CTXSW] Cycles: 8
[CTXSW] Cycles: 46
[CTXSW] Cycles: 9
[CTXSW] Cycles: 19
[CTXSW] Cycles: 11
[CTXSW] Cycles: 10
[OBSERVER] Preemption gap: 24139 cycles
[CTXSW] Cycles: 8
[CTXSW] Cycles: 7
[CTXSW] Cycles: 18
[CTXSW] Cycles: 9
[CTXSW] Cycles: 9
[CTXSW] Cycles: 8
[CRITICAL] Cycles: 164092
[MEDIUM] Cycles: 80031
[OBSERVER] Preemption gap: 260785 cycles
[CTXSW] Cycles: 7
[CTXSW] Cycles: 6
[CTXSW] Cycles: 21
[CTXSW] Cycles: 17
[CTXSW] Cycles: 8
[CTXSW] Cycles: 7
[OBSERVER] Preemption gap: 25302 cycles
[CTXSW] Cycles: 8
[CTXSW] Cycles: 9
[CTXSW] Cycles: 8
[CTXSW] Cycles: 8
[CTXSW] Cycles: 7
[CTXSW] Cycles: 6
[CRITICAL] Cycles: 162601
[MEDIUM] Cycles: 80027
[OBSERVER] Preemption gap: 263679 cycles
[CTXSW] Cycles: 7
[CTXSW] Cycles: 6
[CTXSW] Cycles: 17
[CTXSW] Cycles: 19
[CTXSW] Cycles: 9
[CTXSW] Cycles: 9
[CTXSW] Cycles: 8
[CTXSW] Cycles: 10
[CTXSW] Cycles: 8
[CTXSW] Cycles: 19
[CTXSW] Cycles: 11
[CTXSW] Cycles: 19
[CRITICAL] Cycles: 160313
[OBSERVER] Preemption gap: 169402 cycles
[CTXSW] Cycles: 11
[CTXSW] Cycles: 8
[CTXSW] Cycles: 22
[CTXSW] Cycles: 12
[CTXSW] Cycles: 8
[CTXSW] Cycles: 8
[CTXSW] Cycles: 9
[CTXSW] Cycles: 10
[CTXSW] Cycles: 29
[CTXSW] Cycles: 11
[CTXSW] Cycles: 7
[CTXSW] Cycles: 8
[CTXSW] Cycles: 113
[CTXSW] Cycles: 8
[CTXSW] Cycles: 6
[CTXSW] Cycles: 8
[CTXSW] Cycles: 18
[CTXSW] Cycles: 7
[CTXSW] Cycles: 6
[CTXSW] Cycles: 7
[CTXSW] Cycles: 6
[CRITICAL] Cycles: 160034
[MEDIUM] Cycles: 90918
[OBSERVER] Preemption gap: 269240 cycles
[CTXSW] Cycles: 8
[CTXSW] Cycles: 6
[CTXSW] Cycles: 29
[CTXSW] Cycles: 17
[CTXSW] Cycles: 9
[CTXSW] Cycles: 8
[CTXSW] Cycles: 7
[CTXSW] Cycles: 7
[CTXSW] Cycles: 7
[CTXSW] Cycles: 33
[OBSERVER] Preemption gap: 30242 cycles
[CTXSW] Cycles: 8
[CTXSW] Cycles: 0[CRITICAL] Cycles: 161765
[MEDIUM] Cycles: 82677

[CTXSW] Cycles: 9
[CTXSW] Cycles: 16
[CTXSW] Cycles: 17
[CTXSW] Cycles: 8
[CTXSW] Cycles: 17
[CTXSW] Cycles: 12
[CTXSW] Cycles: 6
[CTXSW] Cycles: 8
[CTXSW] Cycles: 7
[CTXSW] Cycles: 7
[CTXSW] Cycles: 7
[CRITICAL] Cycles: 160035
[OBSERVER] Preemption gap: 181863 cycles
[CTXSW] Cycles: 8
[CTXSW] Cycles: 13
[CTXSW] Cycles: 14
[CTXSW] Cycles: 10
[CTXSW] Cycles: 25
[CTXSW] Cycles: 9
[CTXSW] Cycles: 9
[CTXSW] Cycles: 7
[CTXSW] Cycles: 9
[CTXSW] Cycles: 8
[CTXSW] Cycles: 39
[CTXSW] Cycles: 15
[CTXSW] Cycles: 126
[CTXSW] Cycles: 9
[CTXSW] Cycles: 7
[CTXSW] Cycles: 8
[CTXSW] Cycles: 19
[CTXSW] Cycles: 12
[CTXSW] Cycles: 7
[CTXSW] Cycles: 8
[CTXSW] Cycles: 6
[CRITICAL] Cycles: 162779
[MEDIUM] Cycles: 87916
[OBSERVER] Preemption gap: 262738 cycles
[CTXSW] Cycles: 7
[CTXSW] Cycles: 7
[CTXSW] Cycles: 34
[CTXSW] Cycles: 22
[CTXSW] Cycles: 10
[CTXSW] Cycles: 9
[CTXSW] Cycles: 8
[CTXSW] Cycles: 18
[CTXSW] Cycles: 21
[CTXSW] Cycles: 7
[OBSERVER] Preemption gap: 24322 cycles
[CTXSW] Cycles: 8
[CTXSW] Cycles: 6
[CRITICAL] Cycles: 174447
[MEDIUM] Cycles: 80036
[OBSERVER] Preemption gap: 262579 cycles
[CTXSW] Cycles: 9
[CTXSW] Cycles: 7
[CTXSW] Cycles: 22
[CTXSW] Cycles: 27
[CTXSW] Cycles: 9
[CTXSW] Cycles: 8
[CTXSW] Cycles: 8
[CTXSW] Cycles: 35
[CTXSW] Cycles: 8
[CTXSW] Cycles: 7
[CRITICAL] Cycles: 160029
[OBSERVER] Preemption gap: 173060 cycles
[CTXSW] Cycles: 8
[CTXSW] Cycles: 6
[CTXSW] Cycles: 16
[CTXSW] Cycles: 7
[CTXSW] Cycles: 31
[CTXSW] Cycles: 9
[CTXSW] Cycles: 7
[CTXSW] Cycles: 7
[CTXSW] Cycles: 8
[CTXSW] Cycles: 8
[CTXSW] Cycles: 33
[CTXSW] Cycles: 7
[CTXSW] Cycles: 8
[CTXSW] Cycles: 8
[CTXSW] Cycles: 7
[CTXSW] Cycles: 8
[CTXSW] Cycles: 6
[CTXSW] Cycles: 8
[CTXSW] Cycles: 7
[CTXSW] Cycles: 8
[CTXSW] Cycles: 6
[CRITICAL] Cycles: 160042
[MEDIUM] Cycles: 83210
[OBSERVER] Preemption gap: 265905 cycles
[CTXSW] Cycles: 7
[CTXSW] Cycles: 7
[CTXSW] Cycles: 16
[CTXSW] Cycles: 11
[CTXSW] Cycles: 7
[CTXSW] Cycles: 7
[CTXSW] Cycles: 7
[CTXSW] Cycles: 7
[OBSERVER] Preemption gap: 25602 cycles
[CTXSW] Cycles: 8
[CTXSW] Cycles: 7
[CRITICAL] Cycles: 160032
[MEDIUM] Cycles: 87932
[OBSERVER] Preemption gap: 268749 cycles
[CTXSW] Cycles: 8
[CTXSW] Cycles: 6
[CTXSW] Cycles: 18
[CTXSW] Cycles: 17
[CTXSW] Cycles: 8
[CTXSW] Cycles: 6
[CTXSW] Cycles: 8
[CTXSW] Cycles: 6
[CTXSW] Cycles: 8
[CTXSW] Cycles: 18
[CTXSW] Cycles: 11
[CTXSW] Cycles: 7
[CRITICAL] Cycles: 169489
[OBSERVER] Preemption gap: 184642 cycles
[CTXSW] Cycles: 8
[CTXSW] Cycles: 16
[CTXSW] Cycles: 37
[CTXSW] Cycles: 11
[CTXSW] Cycles: 8
[CTXSW] Cycles: 7
[CTXSW] Cycles: 8
[CTXSW] Cycles: 8
[CTXSW] Cycles: 14
[CTXSW] Cycles: 12
[CTXSW] Cycles: 6
[CTXSW] Cycles: 7
[CTXSW] Cycles: 20
[CTXSW] Cycles: 12
[CTXSW] Cycles: 10
[CTXSW] Cycles: 11
[CTXSW] Cycles: 6
[CTXSW] Cycles: 9
[CTXSW] Cycles: 7
[CTXSW] Cycles: 7
[CTXSW] Cycles: 18
[CRITICAL] Cycles: 160035
[MEDIUM] Cycles: 90000
[OBSERVER] Preemption gap: 264368 cycles
[CTXSW] Cycles: 11
[CTXSW] Cycles: 8
[CTXSW] Cycles: 15
[CTXSW] Cycles: 18
[CTXSW] Cycles: 10
[CTXSW] Cycles: 7
[CTXSW] Cycles: 8
[CTXSW] Cycles: 8
[CTXSW] Cycles: 8
[CTXSW] Cycles: 18
[CTXSW] Cycles: 10
[CTXSW] Cycles: 7
[CRITICAL] Cycles: 160038
[MEDIUM] Cycles: 80028
[OBSERVER] Preemption gap: 260587 cycles
[CTXSW] Cycles: 7
[CTXSW] Cycles: 14
[CTXSW] Cycles: 22
[CTXSW] Cycles: 17
[CTXSW] Cycles: 10
[CTXSW] Cycles: 8
[CTXSW] Cycles: 9
[CTXSW] Cycles: 13
[CTXSW] Cycles: 12
[CTXSW] Cycles: 7
[CTXSW] Cycles: 8
[CTXSW] Cycles: 9
[CRITICAL] Cycles: 161571
[OBSERVER] Preemption gap: 174360 cycles
[CTXSW] Cycles: 7
[CTXSW] Cycles: 7
[CTXSW] Cycles: 22
[CTXSW] Cycles: 11
[CTXSW] Cycles: 49
[CTXSW] Cycles: 12
[CTXSW] Cycles: 8
[CTXSW] Cycles: 8
[CTXSW] Cycles: 9
[CTXSW] Cycles: 8
[CTXSW] Cycles: 27
[CTXSW] Cycles: 11
[CTXSW] Cycles: 10
[CTXSW] Cycles: 17
[CTXSW] Cycles: 8
[CTXSW] Cycles: 9
[CTXSW] Cycles: 18
[CTXSW] Cycles: 10
[CTXSW] Cycles: 7
[CTXSW] Cycles: 8
[CTXSW] Cycles: 7
[CRITICAL] Cycles: 160034
[MEDIUM] Cycles: 84377
[OBSERVER] Preemption gap: 267334 cycles
[CTXSW] Cycles: 7
[CTXSW] Cycles: 7
[CTXSW] Cycles: 14
[CTXSW] Cycles: 34
[CTXSW] Cycles: 8
[CTXSW] Cycles: 7
[CTXSW] Cycles: 8
[CTXSW] Cycles: 14
[CTXSW] Cycles: 7
[CTXSW] Cycles: 6
[CTXSW] Cycles: 8
[CTXSW] Cycles: 6
[CRITICAL] Cycles: 165530
[MEDIUM] Cycles: 80037
[OBSERVER] Preemption gap: 258254 cycles
[CTXSW] Cycles: 8
[CTXSW] Cycles: 8
[CTXSW] Cycles: 26
[CTXSW] Cycles: 12
[CTXSW] Cycles: 8
[CTXSW] Cycles: 7
[CTXSW] Cycles: 8
[CTXSW] Cycles: 6
[CTXSW] Cycles: 7
[CTXSW] Cycles: 19
[CTXSW] Cycles: 7
[CTXSW] Cycles: 7
[CRITICAL] Cycles: 160036
[OBSERVER] Preemption gap: 175976 cycles
[CTXSW] Cycles: 7
[CTXSW] Cycles: 7
[CTXSW] Cycles: 23
[CTXSW] Cycles: 9
[CTXSW] Cycles: 9
[CTXSW] Cycles: 8
[CTXSW] Cycles: 13
[CTXSW] Cycles: 16
[CTXSW] Cycles: 24
[CTXSW] Cycles: 12
[CTXSW] Cycles: 7
[CTXSW] Cycles: 9
[CTXSW] Cycles: 10
[CTXSW] Cycles: 10
[CTXSW] Cycles: 44
[CTXSW] Cycles: 10
[CTXSW] Cycles: 7
[CTXSW] Cycles: 8
[CTXSW] Cycles: 7
[CTXSW] Cycles: 7
[CTXSW] Cycles: 7
[CRITICAL] Cycles: 160029
[MEDIUM] Cycles: 80024
[OBSERVER] Preemption gap: 259998 cycles
[CTXSW] Cycles: 8
[CTXSW] Cycles: 8
[CTXSW] Cycles: 12
[CTXSW] Cycles: 23
[CTXSW] Cycles: 7
[CTXSW] Cycles: 7
[CTXSW] Cycles: 7
[CTXSW] Cycles: 7
[CTXSW] Cycles: 10
[CTXSW] Cycles: 7
[CTXSW] Cycles: 18
[CTXSW] Cycles: 7
[CRITICAL] Cycles: 160028
[MEDIUM] Cycles: 80021
[OBSERVER] Preemption gap: 255082 cycles
[CTXSW] Cycles: 8
[CTXSW] Cycles: 7
[CTXSW] Cycles: 18
[CTXSW] Cycles: 11
[CTXSW] Cycles: 8
[CTXSW] Cycles: 7
[CTXSW] Cycles: 8
[CTXSW] Cycles: 7
[CTXSW] Cycles: 8
[CTXSW] Cycles: 8
[CTXSW] Cycles: 7
[CTXSW] Cycles: 7
[CRITICAL] Cycles: 167932
[OBSERVER] Preemption gap: 181374 cycles
[CTXSW] Cycles: 7
[CTXSW] Cycles: 6
[CTXSW] Cycles: 9
[CTXSW] Cycles: 8
[CTXSW] Cycles: 6
[CTXSW] Cycles: 8
[CTXSW] Cycles: 6
[CTXSW] Cycles: 8
[CTXSW] Cycles: 7
[CTXSW] Cycles: 8
[CTXSW] Cycles: 119
[CTXSW] Cycles: 8
[CTXSW] Cycles: 6
[CTXSW] Cycles: 8
[CTXSW] Cycles: 6
[CTXSW] Cycles: 7
[CTXSW] Cycles: 119
[CTXSW] Cycles: 7
[CTXSW] Cycles: 6
[CTXSW] Cycles: 7
[CTXSW] Cycles: 6
[CRITICAL] Cycles: 166191
[MEDIUM] Cycles: 80026
[OBSERVER] Preemption gap: 263732 cycles
[CTXSW] Cycles: 8
[CTXSW] Cycles: 6
[CTXSW] Cycles: 15
[CTXSW] Cycles: 15
[CTXSW] Cycles: 8
[CTXSW] Cycles: 8
[CTXSW] Cycles: 8
[CTXSW] Cycles: 7
[CTXSW] Cycles: 7
[CTXSW] Cycles: 6
[CTXSW] Cycles: 8
[CTXSW] Cycles: 6
[CRITICAL] Cycles: 160039
[MEDIUM] Cycles: 80028
[OBSERVER] Preemption gap: 252982 cycles
[CTXSW] Cycles: 8
[CTXSW] Cycles: 7
[CTXSW] Cycles: 16
[CTXSW] Cycles: 19
[CTXSW] Cycles: 9
[CTXSW] Cycles: 7
[CTXSW] Cycles: 7
[CTXSW] Cycles: 7
[CTXSW] Cycles: 7
[CTXSW] Cycles: 118
[CTXSW] Cycles: 7
[CTXSW] Cycles: 6
[CRITICAL] Cycles: 165195
[OBSERVER] Preemption gap: 178129 cycles
[CTXSW] Cycles: 7
[CTXSW] Cycles: 672
[CTXSW] Cycles: 19
[CTXSW] Cycles: 11
[CTXSW] Cycles: 7
[CTXSW] Cycles: 8
[CTXSW] Cycles: 7
[CTXSW] Cycles: 7
[CTXSW] Cycles: 8
[CTXSW] Cycles: 14
[CTXSW] Cycles: 22
[CTXSW] Cycles: 11
[CTXSW] Cycles: 42
[CTXSW] Cycles: 11
[CTXSW] Cycles: 7
[CTXSW] Cycles: 14
[CTXSW] Cycles: 24
[CTXSW] Cycles: 9
[CTXSW] Cycles: 7
[CTXSW] Cycles: 8
[CTXSW] Cycles: 7
[CRITICAL] Cycles: 160140
[MEDIUM] Cycles: 80029
[OBSERVER] Preemption gap: 262747 cycles
[CTXSW] Cycles: 8
[CTXSW] Cycles: 10
[CTXSW] Cycles: 29
[CTXSW] Cycles: 19
[CTXSW] Cycles: 8
[CTXSW] Cycles: 7
[CTXSW] Cycles: 7
[CTXSW] Cycles: 22
[CTXSW] Cycles: 8
[CTXSW] Cycles: 7
[CRITICAL] Cycles: 160043
[MEDIUM] Cycles: 80511
[OBSERVER] Preemption gap: 260481 cycles
[CTXSW] Cycles: 7
[CTXSW] Cycles: 7
[CTXSW] Cycles: 26
[CTXSW] Cycles: 19
[CTXSW] Cycles: 8
[CTXSW] Cycles: 8
[CTXSW] Cycles: 7
[CTXSW] Cycles: 7
[CTXSW] Cycles: 7
[CTXSW] Cycles: 7
[CTXSW] Cycles: 8
[CTXSW] Cycles: 7
[CRITICAL] Cycles: 160033
[OBSERVER] Preemption gap: 179248 cycles
[CTXSW] Cycles: 8
[CTXSW] Cycles: 7
[CTXSW] Cycles: 10
[CTXSW] Cycles: 8
[CTXSW] Cycles: 8
[OBSERVER] Preemption gap: 27458 cycles
[CTXSW] Cycles: 8
[CTXSW] Cycles: 21
[CTXSW] Cycles: 8
[CTXSW] Cycles: 7
[CTXSW] Cycles: 8
[CTXSW] Cycles: 21
[CTXSW] Cycles: 12
[CTXSW] Cycles: 8
[CTXSW] Cycles: 16
[CTXSW] Cycles: 7
[CTXSW] Cycles: 9
[CTXSW] Cycles: 7
[CTXSW] Cycles: 8
[CTXSW] Cycles: 9
[OBSERVER] Preemption gap: 24101 cycles
[CTXSW] Cycles: 8
[CTXSW] Cycles: 7
[CRITICAL] Cycles: 160000
[MEDIUM] Cycles: 80000
[OBSERVER] Preemption gap: 260478 cycles
[CTXSW] Cycles: 8
[CTXSW] Cycles: 0
[CTXSW] Cycles: 0
[CTXSW] Cycles: 17
[CTXSW] Cycles: 10
[CTXSW] Cycles: 130
[CTXSW] Cycles: 9
[CTXSW] Cycles: 6
[CTXSW] Cycles: 7
[CTXSW] Cycles: 6
[CRITICAL] Cycles: 160051
[MEDIUM] Cycles: 80031
[OBSERVER] Preemption gap: 266152 cycles
[CTXSW] Cycles: 8
[CTXSW] Cycles: 32
[CTXSW] Cycles: 20
[CTXSW] Cycles: 24
[CTXSW] Cycles: 8
[CTXSW] Cycles: 26
[CTXSW] Cycles: 16
[CTXSW] Cycles: 140
[CTXSW] Cycles: 13
[CTXSW] Cycles: 22
[CTXSW] Cycles: 11
[CTXSW] Cycles: 8
[CRITICAL] Cycles: 160030
[OBSERVER] Preemption gap: 179927 cycles
[CTXSW] Cycles: 8
[CTXSW] Cycles: 6
[CTXSW] Cycles: 10
[CTXSW] Cycles: 7
[CTXSW] Cycles: 15
[CTXSW] Cycles: 11
[CTXSW] Cycles: 24
[CTXSW] Cycles: 9
[CTXSW] Cycles: 6
[CTXSW] Cycles: 8
[CTXSW] Cycles: 17
[CTXSW] Cycles: 8
[CTXSW] Cycles: 8
[CTXSW] Cycles: 8
[CTXSW] Cycles: 8
[CTXSW] Cycles: 7
[CTXSW] Cycles: 6
[CTXSW] Cycles: 9
[CTXSW] Cycles: 6
[CTXSW] Cycles: 7
[CTXSW] Cycles: 7
[CRITICAL] Cycles: 172617
[MEDIUM] Cycles: 80030
[OBSERVER] Preemption gap: 258642 cycles
[CTXSW] Cycles: 8
[CTXSW] Cycles: 6
[CTXSW] Cycles: 29
[CTXSW] Cycles: 17
[CTXSW] Cycles: 10
[CTXSW] Cycles: 21
[CTXSW] Cycles: 8
[CTXSW] Cycles: 6
[CTXSW] Cycles: 7
[CTXSW] Cycles: 120
[CRITICAL] Cycles: 160038
[MEDIUM] Cycles: 80030
[OBSERVER] Preemption gap: 262852 cycles
[CTXSW] Cycles: 8
[CTXSW] Cycles: 9
[CTXSW] Cycles: 16
[CTXSW] Cycles: 16
[CTXSW] Cycles: 10
[CTXSW] Cycles: 7
[CTXSW] Cycles: 7
[CTXSW] Cycles: 43
[OBSERVER] Preemption gap: 28056 cycles
[CTXSW] Cycles: 12
[CTXSW] Cycles: 41
[CTXSW] Cycles: 9
[CTXSW] Cycles: 7
[CRITICAL] Cycles: 160036
[OBSERVER] Preemption gap: 179903 cycles
[CTXSW] Cycles: 8
[CTXSW] Cycles: 7
[CTXSW] Cycles: 25
[CTXSW] Cycles: 10
[CTXSW] Cycles: 8
[CTXSW] Cycles: 12
[CTXSW] Cycles: 7
[CTXSW] Cycles: 8
[CTXSW] Cycles: 19
[CTXSW] Cycles: 12
[CTXSW] Cycles: 14
[CTXSW] Cycles: 12
[CTXSW] Cycles: 102
[CTXSW] Cycles: 8
[CTXSW] Cycles: 10
[CTXSW] Cycles: 8
[CTXSW] Cycles: 7
[CTXSW] Cycles: 8
[CTXSW] Cycles: 23
[CTXSW] Cycles: 7
[CTXSW] Cycles: 7
[CRITICAL] Cycles: 160037
[MEDIUM] Cycles: 80027
[OBSERVER] Preemption gap: 261412 cycles
[CTXSW] Cycles: 8
[CTXSW] Cycles: 8
[CTXSW] Cycles: 21
[CTXSW] Cycles: 15
[CTXSW] Cycles: 8
[CTXSW] Cycles: 13
[CTXSW] Cycles: 12
[CTXSW] Cycles: 7
[CTXSW] Cycles: 8
[CTXSW] Cycles: 6
[CTXSW] Cycles: 7
[CTXSW] Cycles: 9
[CRITICAL] Cycles: 160040
[MEDIUM] Cycles: 80048
[OBSERVER] Preemption gap: 257102 cycles
[CTXSW] Cycles: 7
[CTXSW] Cycles: 6
[CTXSW] Cycles: 23
[CTXSW] Cycles: 34
[CTXSW] Cycles: 10
[CTXSW] Cycles: 20
[CTXSW] Cycles: 12
[CTXSW] Cycles: 8
[CTXSW] Cycles: 8
[CTXSW] Cycles: 19
[CTXSW] Cycles: 11
[CTXSW] Cycles: 8
[CRITICAL] Cycles: 160044
[OBSERVER] Preemption gap: 163101 cycles
[CTXSW] Cycles: 8
[CTXSW] Cycles: 7
[CTXSW] Cycles: 28
[CTXSW] Cycles: 12
[CTXSW] Cycles: 33
[CTXSW] Cycles: 7
[CTXSW] Cycles: 8
[CTXSW] Cycles: 11
[CTXSW] Cycles: 8
[CTXSW] Cycles: 17
[CTXSW] Cycles: 12
[CTXSW] Cycles: 10
[CTXSW] Cycles: 10
[CTXSW] Cycles: 10
[CTXSW] Cycles: 7
[CTXSW] Cycles: 8
[CTXSW] Cycles: 11
[CTXSW] Cycles: 14
[CTXSW] Cycles: 9
[CTXSW] Cycles: 7
[CTXSW] Cycles: 8
[CRITICAL] Cycles: 160037
[MEDIUM] Cycles: 80029
[OBSERVER] Preemption gap: 254027 cycles
[CTXSW] Cycles: 8
[CTXSW] Cycles: 9
[CTXSW] Cycles: 14
[CTXSW] Cycles: 16
[CTXSW] Cycles: 7
[CTXSW] Cycles: 7
[CTXSW] Cycles: 8
[CTXSW] Cycles: 7
[CTXSW] Cycles: 8
[CTXSW] Cycles: 6
[CTXSW] Cycles: 8
[CTXSW] Cycles: 7
[CRITICAL] Cycles: 164144
[MEDIUM] Cycles: 80033
[OBSERVER] Preemption gap: 265168 cycles
[CTXSW] Cycles: 8
[CTXSW] Cycles: 6
[CTXSW] Cycles: 18
[CTXSW] Cycles: 15
[CTXSW] Cycles: 9
[CTXSW] Cycles: 8
[CTXSW] Cycles: 7
[CTXSW] Cycles: 7
[CTXSW] Cycles: 8
[CTXSW] Cycles: 7
[CTXSW] Cycles: 8
[CTXSW] Cycles: 7
[CRITICAL] Cycles: 160197
[OBSERVER] Preemption gap: 182914 cycles
[CTXSW] Cycles: 8
[CTXSW] Cycles: 7
[CTXSW] Cycles: 19
[CTXSW] Cycles: 14
[CTXSW] Cycles: 122
[CTXSW] Cycles: 15
[CTXSW] Cycles: 11
[CTXSW] Cycles: 9
[CTXSW] Cycles: 13
[CTXSW] Cycles: 10
[CTXSW] Cycles: 6
[CTXSW] Cycles: 7
[CTXSW] Cycles: 6
[CTXSW] Cycles: 8
[CTXSW] Cycles: 7
[OBSERVER] Preemption gap: 24038 cycles
[CTXSW] Cycles: 8
[CTXSW] Cycles: 7
[CTXSW] Cycles: 7
[CTXSW] Cycles: 7
[CTXSW] Cycles: 8
[CTXSW] Cycles: 7
[CRITICAL] Cycles: 160096
[MEDIUM] Cycles: 80043
[OBSERVER] Preemption gap: 263134 cycles
[CTXSW] Cycles: 7
[CTXSW] Cycles: 6
[CTXSW] Cycles: 12
[CTXSW] Cycles: 15
[CTXSW] Cycles: 7
[CTXSW] Cycles: 7
[CTXSW] Cycles: 8
[CTXSW] Cycles: 6
[CTXSW] Cycles: 8
[CTXSW] Cycles: 19
[CTXSW] Cycles: 12
[CTXSW] Cycles: 9
[CRITICAL] Cycles: 160033
[MEDIUM] Cycles: 80032
[OBSERVER] Preemption gap: 257745 cycles
[CTXSW] Cycles: 8
[CTXSW] Cycles: 18
[CTXSW] Cycles: 19
[CTXSW] Cycles: 16
[CTXSW] Cycles: 10
[CTXSW] Cycles: 7
[OBSERVER] Preemption gap: 25555 cycles
[CTXSW] Cycles: 8
[CTXSW] Cycles: 7
[CTXSW] Cycles: 7
[CTXSW] Cycles: 7
[CTXSW] Cycles: 8
[CTXSW] Cycles: 15
[CRITICAL] Cycles: 160158
[OBSERVER] Preemption gap: 174916 cycles
[CTXSW] Cycles: 11
[CTXSW] Cycles: 17
[CTXSW] Cycles: 20
[CTXSW] Cycles: 10
[CTXSW] Cycles: 11
[CTXSW] Cycles: 10
[CTXSW] Cycles: 10
[CTXSW] Cycles: 7
[CTXSW] Cycles: 12
[CTXSW] Cycles: 10
[CTXSW] Cycles: 42
[CTXSW] Cycles: 178
[CTXSW] Cycles: 20
[CTXSW] Cycles: 11
[CTXSW] Cycles: 108
[CTXSW] Cycles: 9
[CTXSW] Cycles: 112
[CTXSW] Cycles: 9
[CTXSW] Cycles: 7
[CTXSW] Cycles: 8
[CTXSW] Cycles: 7
[CRITICAL] Cycles: 160139
[MEDIUM] Cycles: 83017
[OBSERVER] Preemption gap: 256469 cycles
[CTXSW] Cycles: 7
[CTXSW] Cycles: 7
[CTXSW] Cycles: 13
[CTXSW] Cycles: 20
[CTXSW] Cycles: 8
[CTXSW] Cycles: 9
[CTXSW] Cycles: 9
[CTXSW] Cycles: 6
[CTXSW] Cycles: 8
[CTXSW] Cycles: 6
[CTXSW] Cycles: 8
[CTXSW] Cycles: 20
[CRITICAL] Cycles: 160037
[MEDIUM] Cycles: 80038
[OBSERVER] Preemption gap: 258123 cycles
[CTXSW] Cycles: 11
[CTXSW] Cycles: 18
[CTXSW] Cycles: 28
[CTXSW] Cycles: 17
[CTXSW] Cycles: 8
[CTXSW] Cycles: 15
[CTXSW] Cycles: 16
[CTXSW] Cycles: 7
[CTXSW] Cycles: 8
[CTXSW] Cycles: 7
[CTXSW] Cycles: 12
[CTXSW] Cycles: 6
[CRITICAL] Cycles: 162823
[OBSERVER] Preemption gap: 167911 cycles
[CTXSW] Cycles: 8
[CTXSW] Cycles: 6
[CTXSW] Cycles: 21
[CTXSW] Cycles: 12
[CTXSW] Cycles: 8
[CTXSW] Cycles: 7
[CTXSW] Cycles: 18
[CTXSW] Cycles: 11
[CTXSW] Cycles: 7
[CTXSW] Cycles: 8
[CTXSW] Cycles: 35
[CTXSW] Cycles: 8
[CTXSW] Cycles: 27
[OBSERVER] Preemption gap: 25198 cycles
[CTXSW] Cycles: 9
[CTXSW] Cycles: 16
[CTXSW] Cycles: 9
[CTXSW] Cycles: 26
[CTXSW] Cycles: 15
[CTXSW] Cycles: 9
[CTXSW] Cycles: 10
[CTXSW] Cycles: 11
[CRITICAL] Cycles: 165649
[MEDIUM] Cycles: 80033
[OBSERVER] Preemption gap: 251648 cycles
[CTXSW] Cycles: 8
[CTXSW] Cycles: 7
[CTXSW] Cycles: 19
[CTXSW] Cycles: 18
[CTXSW] Cycles: 7
[CTXSW] Cycles: 7
[OBSERVER] Preemption gap: 24036 cycles
[CTXSW] Cycles: 8
[CTXSW] Cycles: 6
[CTXSW] Cycles: 8
[CTXSW] Cycles: 6
[CTXSW] Cycles: 8
[CTXSW] Cycles: 6
[CRITICAL] Cycles: 160035
[MEDIUM] Cycles: 80030
[OBSERVER] Preemption gap: 266939 cycles
[CTXSW] Cycles: 8
[CTXSW] Cycles: 7
[CTXSW] Cycles: 19
[CTXSW] Cycles: 16
[CTXSW] Cycles: 13
[CTXSW] Cycles: 7
[CTXSW] Cycles: 8
[CTXSW] Cycles: 6
[CTXSW] Cycles: 8
[CTXSW] Cycles: 7
[CTXSW] Cycles: 8
[CTXSW] Cycles: 7
[CRITICAL] Cycles: 160570
[OBSERVER] Preemption gap: 173226 cycles
[CTXSW] Cycles: 8
[CTXSW] Cycles: 7
[CTXSW] Cycles: 14
[CTXSW] Cycles: 8
[CTXSW] Cycles: 15
[CTXSW] Cycles: 7
[CTXSW] Cycles: 7
[CTXSW] Cycles: 13
[CTXSW] Cycles: 11
[CTXSW] Cycles: 8
[CTXSW] Cycles: 10
[CTXSW] Cycles: 8
[CTXSW] Cycles: 32
[CTXSW] Cycles: 13
[CTXSW] Cycles: 6
[CTXSW] Cycles: 8
[CTXSW] Cycles: 12
[CTXSW] Cycles: 9
[CTXSW] Cycles: 7
[CTXSW] Cycles: 7
[CTXSW] Cycles: 7
[CRITICAL] Cycles: 160033
[MEDIUM] Cycles: 80030
[OBSERVER] Preemption gap: 261177 cycles
[CTXSW] Cycles: 7
[CTXSW] Cycles: 6
[CTXSW] Cycles: 18
[CTXSW] Cycles: 16
[CTXSW] Cycles: 10
[CTXSW] Cycles: 8
[CTXSW] Cycles: 8
[CTXSW] Cycles: 6
[CTXSW] Cycles: 8
[CTXSW] Cycles: 6
[CTXSW] Cycles: 10
[CTXSW] Cycles: 6
[CRITICAL] Cycles: 162251
[MEDIUM] Cycles: 80032
[OBSERVER] Preemption gap: 264086 cycles
[CTXSW] Cycles: 7
[CTXSW] Cycles: 9
[CTXSW] Cycles: 15
[CTXSW] Cycles: 12
[CTXSW] Cycles: 7
[CTXSW] Cycles: 19
[CTXSW] Cycles: 17
[CTXSW] Cycles: 7
[CTXSW] Cycles: 9
[CTXSW] Cycles: 15
[CTXSW] Cycles: 11
[CTXSW] Cycles: 6
[CRITICAL] Cycles: 160141
[OBSERVER] Preemption gap: 184587 cycles
[CTXSW] Cycles: 7
[CTXSW] Cycles: 7
[CTXSW] Cycles: 18
[CTXSW] Cycles: 9
[CTXSW] Cycles: 10
[CTXSW] Cycles: 8
[CTXSW] Cycles: 17
[CTXSW] Cycles: 12
[CTXSW] Cycles: 104
[CTXSW] Cycles: 13
[CTXSW] Cycles: 17
[CTXSW] Cycles: 16
[CTXSW] Cycles: 10
[CTXSW] Cycles: 9
[CTXSW] Cycles: 19
[CTXSW] Cycles: 7
[CTXSW] Cycles: 7
[CTXSW] Cycles: 12
[CTXSW] Cycles: 7
[CTXSW] Cycles: 8
[CTXSW] Cycles: 38
[CRITICAL] Cycles: 163774
[MEDIUM] Cycles: 80030
[OBSERVER] Preemption gap: 255328 cycles
[CTXSW] Cycles: 10
[CTXSW] Cycles: 8
[CTXSW] Cycles: 220
[CTXSW] Cycles: 22
[CTXSW] Cycles: 9
[CTXSW] Cycles: 7
[CTXSW] Cycles: 8
[CTXSW] Cycles: 8
[CTXSW] Cycles: 8
[CTXSW] Cycles: 39
[CTXSW] Cycles: 7
[CTXSW] Cycles: 24
[CRITICAL] Cycles: 160037
[MEDIUM] Cycles: 82260
[OBSERVER] Preemption gap: 262325 cycles
[CTXSW] Cycles: 13
[CTXSW] Cycles: 8
[CTXSW] Cycles: 14
[CTXSW] Cycles: 20
[CTXSW] Cycles: 8
[CTXSW] Cycles: 42
[CTXSW] Cycles: 7
[CTXSW] Cycles: 7
[CTXSW] Cycles: 10
[CTXSW] Cycles: 7
[CTXSW] Cycles: 7
[CTXSW] Cycles: 6
[CRITICAL] Cycles: 160038
[OBSERVER] Preemption gap: 177615 cycles
[CTXSW] Cycles: 7
[CTXSW] Cycles: 6
[CTXSW] Cycles: 11
[CTXSW] Cycles: 7
[CTXSW] Cycles: 6
[CTXSW] Cycles: 8
[CTXSW] Cycles: 8
[CTXSW] Cycles: 8
[CTXSW] Cycles: 8
[CTXSW] Cycles: 8
[CTXSW] Cycles: 7
[CTXSW] Cycles: 8
[CTXSW] Cycles: 7
[CTXSW] Cycles: 7
[CTXSW] Cycles: 31
[CTXSW] Cycles: 9
[CTXSW] Cycles: 6
[CTXSW] Cycles: 7
[CTXSW] Cycles: 25
[CTXSW] Cycles: 12
[CTXSW] Cycles: 122
[CRITICAL] Cycles: 160027
[MEDIUM] Cycles: 80035
[OBSERVER] Preemption gap: 253725 cycles
[CTXSW] Cycles: 8
[CTXSW] Cycles: 7
[CTXSW] Cycles: 13
[CTXSW] Cycles: 25
[CTXSW] Cycles: 8
[CTXSW] Cycles: 8
[CTXSW] Cycles: 8
[CTXSW] Cycles: 6
[OBSERVER] Preemption gap: 24234 cycles
[CTXSW] Cycles: 7
[CTXSW] Cycles: 20
[CTXSW] Cycles: 11
[CTXSW] Cycles: 10
[CRITICAL] Cycles: 160138
[MEDIUM] Cycles: 80030
[OBSERVER] Preemption gap: 260195 cycles
[CTXSW] Cycles: 9
[CTXSW] Cycles: 7
[CTXSW] Cycles: 16
[CTXSW] Cycles: 26
[CTXSW] Cycles: 7
[CTXSW] Cycles: 110
[CTXSW] Cycles: 8
[CTXSW] Cycles: 118
[CTXSW] Cycles: 8
[CTXSW] Cycles: 7
[CTXSW] Cycles: 7
[CTXSW] Cycles: 6
[CRITICAL] Cycles: 160036
[OBSERVER] Preemption gap: 181762 cycles
[CTXSW] Cycles: 7
[CTXSW] Cycles: 7
[CTXSW] Cycles: 17
[CTXSW] Cycles: 8
[CTXSW] Cycles: 7
[CTXSW] Cycles: 7
[CTXSW] Cycles: 10
[CTXSW] Cycles: 10
[CTXSW] Cycles: 10
[CTXSW] Cycles: 7
[CTXSW] Cycles: 120
[CTXSW] Cycles: 18
[CTXSW] Cycles: 6
[CTXSW] Cycles: 8
[CTXSW] Cycles: 6
[CTXSW] Cycles: 7
[CTXSW] Cycles: 6
[CTXSW] Cycles: 7
[CTXSW] Cycles: 6
[CTXSW] Cycles: 8
[CTXSW] Cycles: 6
[CRITICAL] Cycles: 160434
[MEDIUM] Cycles: 80026
[OBSERVER] Preemption gap: 252085 cycles
[CTXSW] Cycles: 7
[CTXSW] Cycles: 7
[CTXSW] Cycles: 22
[CTXSW] Cycles: 18
[CTXSW] Cycles: 9
[CTXSW] Cycles: 18
[CTXSW] Cycles: 12
[CTXSW] Cycles: 7
[CTXSW] Cycles: 9
[CTXSW] Cycles: 7
[CTXSW] Cycles: 9
[CTXSW] Cycles: 7
[CRITICAL] Cycles: 160037
[MEDIUM] Cycles: 80029
[OBSERVER] Preemption gap: 260115 cycles
[CTXSW] Cycles: 8
[CTXSW] Cycles: 6
[CTXSW] Cycles: 20
[CTXSW] Cycles: 18
[CTXSW] Cycles: 8
[CTXSW] Cycles: 8
[CTXSW] Cycles: 7
[CTXSW] Cycles: 7
[CTXSW] Cycles: 8
[CTXSW] Cycles: 8
[CTXSW] Cycles: 8
[CTXSW] Cycles: 8
[CRITICAL] Cycles: 160029
[OBSERVER] Preemption gap: 174164 cycles
[CTXSW] Cycles: 9
[CTXSW] Cycles: 6
[CTXSW] Cycles: 13
[CTXSW] Cycles: 9
[CTXSW] Cycles: 13
[CTXSW] Cycles: 9
[CTXSW] Cycles: 6
[CTXSW] Cycles: 8
[CTXSW] Cycles: 269
[CTXSW] Cycles: 19
[CTXSW] Cycles: 25
[CTXSW] Cycles: 8
[CTXSW] Cycles: 34
[CTXSW] Cycles: 8
[CTXSW] Cycles: 114
[CTXSW] Cycles: 7
[CTXSW] Cycles: 6
[OBSERVER] Preemption gap: 29784 cycles
[CTXSW] Cycles: 8
[CTXSW] Cycles: 0
[CRITICAL] Cycles: 160029
[MEDIUM] Cycles: 80027
[OBSERVER] Preemption gap: 259163 cycles
[CTXSW] Cycles: 12
[CTXSW] Cycles: 8
[CTXSW] Cycles: 17
[CTXSW] Cycles: 21
[CTXSW] Cycles: 9
[CTXSW] Cycles: 22
[CTXSW] Cycles: 12
[CTXSW] Cycles: 14
[CTXSW] Cycles: 12
[CTXSW] Cycles: 7
[CTXSW] Cycles: 8
[CTXSW] Cycles: 8
[CRITICAL] Cycles: 160044
[MEDIUM] Cycles: 80033
[OBSERVER] Preemption gap: 258329 cycles
[CTXSW] Cycles: 8
[CTXSW] Cycles: 6
[CTXSW] Cycles: 20
[CTXSW] Cycles: 34
[CTXSW] Cycles: 12
[CTXSW] Cycles: 24
[CTXSW] Cycles: 8
[CTXSW] Cycles: 25
[CTXSW] Cycles: 12
[CTXSW] Cycles: 7
[CTXSW] Cycles: 8
[CTXSW] Cycles: 7
[CRITICAL] Cycles: 160053
[OBSERVER] Preemption gap: 172040 cycles
[CTXSW] Cycles: 7
[CTXSW] Cycles: 17
[CTXSW] Cycles: 19
[CTXSW] Cycles: 10
[CTXSW] Cycles: 14
[CTXSW] Cycles: 12
[CTXSW] Cycles: 9
[CTXSW] Cycles: 15
[CTXSW] Cycles: 52
[CTXSW] Cycles: 14
[CTXSW] Cycles: 7
[CTXSW] Cycles: 8
[CTXSW] Cycles: 8
[CTXSW] Cycles: 9
[CTXSW] Cycles: 32
[OBSERVER] Preemption gap: 25007 cycles
[CTXSW] Cycles: 15
[CTXSW] Cycles: 8
[CTXSW] Cycles: 11
[CTXSW] Cycles: 6
[CTXSW] Cycles: 8
[CTXSW] Cycles: 10
[CRITICAL] Cycles: 160037
[MEDIUM] Cycles: 80026
[OBSERVER] Preemption gap: 260871 cycles
[CTXSW] Cycles: 8
[CTXSW] Cycles: 63
[CTXSW] Cycles: 21
[CTXSW] Cycles: 21
[CTXSW] Cycles: 9
[CTXSW] Cycles: 7
[OBSERVER] Preemption gap: 28235 cycles
[CTXSW] Cycles: 7
[CTXSW] Cycles: 15
[CTXSW] Cycles: 12
[CTXSW] Cycles: 8
[CTXSW] Cycles: 9
[CTXSW] Cycles: 7
[CRITICAL] Cycles: 165361
[MEDIUM] Cycles: 80028
[OBSERVER] Preemption gap: 260775 cycles
[CTXSW] Cycles: 8
[CTXSW] Cycles: 6
[CTXSW] Cycles: 17
[CTXSW] Cycles: 22
[CTXSW] Cycles: 8
[CTXSW] Cycles: 7
[CTXSW] Cycles: 8
[CTXSW] Cycles: 11
[CTXSW] Cycles: 7
[CTXSW] Cycles: 7
[CTXSW] Cycles: 7
[CTXSW] Cycles: 117
[CRITICAL] Cycles: 160047
[OBSERVER] Preemption gap: 175921 cycles
[CTXSW] Cycles: 12
[CTXSW] Cycles: 7
[CTXSW] Cycles: 37
[CTXSW] Cycles: 10
[CTXSW] Cycles: 9
[CTXSW] Cycles: 8
[CTXSW] Cycles: 22
[CTXSW] Cycles: 7
[CTXSW] Cycles: 8
[CTXSW] Cycles: 8
[CTXSW] Cycles: 94
[CTXSW] Cycles: 8
[CTXSW] Cycles: 7
[CTXSW] Cycles: 6
[CTXSW] Cycles: 6
[CTXSW] Cycles: 8
[CTXSW] Cycles: 6
[CTXSW] Cycles: 6
[CTXSW] Cycles: 119
[CTXSW] Cycles: 7
[CTXSW] Cycles: 8
[CRITICAL] Cycles: 167951
[MEDIUM] Cycles: 80026
[OBSERVER] Preemption gap: 265110 cycles
[CTXSW] Cycles: 7
[CTXSW] Cycles: 7
[CTXSW] Cycles: 29
[CTXSW] Cycles: 14
[CTXSW] Cycles: 10
[CTXSW] Cycles: 8
[CTXSW] Cycles: 7
[CTXSW] Cycles: 6
[CTXSW] Cycles: 8
[CTXSW] Cycles: 7
[CTXSW] Cycles: 8
[CTXSW] Cycles: 7
[CRITICAL] Cycles: 161656
[MEDIUM] Cycles: 80031
[OBSERVER] Preemption gap: 266792 cycles
[CTXSW] Cycles: 7
[CTXSW] Cycles: 20
[CTXSW] Cycles: 30
[CTXSW] Cycles: 16
[CTXSW] Cycles: 10
[CTXSW] Cycles: 19
[CTXSW] Cycles: 13
[CTXSW] Cycles: 7
[OBSERVER] Preemption gap: 27186 cycles
[CTXSW] Cycles: 9
[CTXSW] Cycles: 8
[CTXSW] Cycles: 9
[CTXSW] Cycles: 5
[CRITICAL] Cycles: 160028
[OBSERVER] Preemption gap: 176416 cycles
[CTXSW] Cycles: 8
[CTXSW] Cycles: 6
[CTXSW] Cycles: 13
[CTXSW] Cycles: 8
[CTXSW] Cycles: 14
[CTXSW] Cycles: 9
[CTXSW] Cycles: 48
[CTXSW] Cycles: 10
[CTXSW] Cycles: 22
[CTXSW] Cycles: 13
[CTXSW] Cycles: 23
[CTXSW] Cycles: 12
[CTXSW] Cycles: 66
[CTXSW] Cycles: 10
[CTXSW] Cycles: 7
[CTXSW] Cycles: 8
[CTXSW] Cycles: 7
[CTXSW] Cycles: 9
[CTXSW] Cycles: 7
[OBSERVER] Preemption gap: 24636 cycles
[CTXSW] Cycles: 9
[CTXSW] Cycles: 7
[CRITICAL] Cycles: 160032
[MEDIUM] Cycles: 90522
[OBSERVER] Preemption gap: 254340 cycles
[CTXSW] Cycles: 8
[CTXSW] Cycles: 7
[CTXSW] Cycles: 15
[CTXSW] Cycles: 21
[CTXSW] Cycles: 9
[CTXSW] Cycles: 8
[CTXSW] Cycles: 8
[CTXSW] Cycles: 11
[CTXSW] Cycles: 8
[CTXSW] Cycles: 7
[CTXSW] Cycles: 7
[CTXSW] Cycles: 6
[CRITICAL] Cycles: 160777
[MEDIUM] Cycles: 80072
[OBSERVER] Preemption gap: 251740 cycles
[CTXSW] Cycles: 8
[CTXSW] Cycles: 7
[CTXSW] Cycles: 14
[CTXSW] Cycles: 18
[CTXSW] Cycles: 10
[CTXSW] Cycles: 14
[CTXSW] Cycles: 11
[CTXSW] Cycles: 7
[CTXSW] Cycles: 14
[CTXSW] Cycles: 7
[CTXSW] Cycles: 7
[CTXSW] Cycles: 7
[CRITICAL] Cycles: 160155
[OBSERVER] Preemption gap: 183743 cycles
[CTXSW] Cycles: 130
[CTXSW] Cycles: 6
[CTXSW] Cycles: 21
[CTXSW] Cycles: 12
[CTXSW] Cycles: 322
[CTXSW] Cycles: 12
[CTXSW] Cycles: 11
[CTXSW] Cycles: 8
[CTXSW] Cycles: 37
[CTXSW] Cycles: 10
[CTXSW] Cycles: 24
[CTXSW] Cycles: 12
[CTXSW] Cycles: 8
[CTXSW] Cycles: 8
[CTXSW] Cycles: 9
[CTXSW] Cycles: 8
[CTXSW] Cycles: 129
[CTXSW] Cycles: 7
[CTXSW] Cycles: 137
[CTXSW] Cycles: 10
[CTXSW] Cycles: 19
[CRITICAL] Cycles: 160813
[MEDIUM] Cycles: 83410
[OBSERVER] Preemption gap: 259467 cycles
[CTXSW] Cycles: 12
[CTXSW] Cycles: 7
[CTXSW] Cycles: 22
[CTXSW] Cycles: 16
[CTXSW] Cycles: 8
[CTXSW] Cycles: 7
[CTXSW] Cycles: 8
[CTXSW] Cycles: 32
[CTXSW] Cycles: 7
[CTXSW] Cycles: 7
[CTXSW] Cycles: 8
[CTXSW] Cycles: 7
[CRITICAL] Cycles: 160044
[MEDIUM] Cycles: 85184
[OBSERVER] Preemption gap: 262979 cycles
[CTXSW] Cycles: 8
[CTXSW] Cycles: 7
[CTXSW] Cycles: 20
[CTXSW] Cycles: 13
[CTXSW] Cycles: 7
[CTXSW] Cycles: 7
[CTXSW] Cycles: 7
[CTXSW] Cycles: 7
[CTXSW] Cycles: 7
[CTXSW] Cycles: 18
[CTXSW] Cycles: 8
[CTXSW] Cycles: 7
[CRITICAL] Cycles: 160034
[OBSERVER] Preemption gap: 172541 cycles
[CTXSW] Cycles: 8
[CTXSW] Cycles: 115
[CTXSW] Cycles: 19
[OBSERVER] Preemption gap: 27250 cycles
[CTXSW] Cycles: 10
[CTXSW] Cycles: 8
[CTXSW] Cycles: 8
[CTXSW] Cycles: 6
[CTXSW] Cycles: 7
[CTXSW] Cycles: 16
[CTXSW] Cycles: 10
[CTXSW] Cycles: 21
[CTXSW] Cycles: 83
[CTXSW] Cycles: 7
[CTXSW] Cycles: 8
[CTXSW] Cycles: 42
[CTXSW] Cycles: 11
[CTXSW] Cycles: 7
[CTXSW] Cycles: 12
[CTXSW] Cycles: 7
[CTXSW] Cycles: 9
[CTXSW] Cycles: 6
[CRITICAL] Cycles: 160030
[MEDIUM] Cycles: 80025
[OBSERVER] Preemption gap: 259073 cycles
[CTXSW] Cycles: 8
[CTXSW] Cycles: 7
[CTXSW] Cycles: 18
[CTXSW] Cycles: 21
[CTXSW] Cycles: 9
[CTXSW] Cycles: 8
[CTXSW] Cycles: 8
[CTXSW] Cycles: 7
[CTXSW] Cycles: 8
[CTXSW] Cycles: 16
[OBSERVER] Preemption gap: 28194 cycles
[CTXSW] Cycles: 11
[CTXSW] Cycles: 9
[CRITICAL] Cycles: 160785
[MEDIUM] Cycles: 80028
[CTXSW] Cycles: 11
[CTXSW] Cycles: 14
[CTXSW] Cycles: 19
[CTXSW] Cycles: 9
[CTXSW] Cycles: 9
[CTXSW] Cycles: 8
[CTXSW] Cycles: 7
[CTXSW] Cycles: 8
[CTXSW] Cycles: 7
[CTXSW] Cycles: 8
[CTXSW] Cycles: 6
[CRITICAL] Cycles: 160033
[OBSERVER] Preemption gap: 172648 cycles
[CTXSW] Cycles: 8
[CTXSW] Cycles: 7
[CTXSW] Cycles: 15
[CTXSW] Cycles: 10
[CTXSW] Cycles: 9
[CTXSW] Cycles: 9
[CTXSW] Cycles: 10
[CTXSW] Cycles: 9
[CTXSW] Cycles: 6
[CTXSW] Cycles: 7
[CTXSW] Cycles: 66
[CTXSW] Cycles: 12
[CTXSW] Cycles: 39
[CTXSW] Cycles: 9
[CTXSW] Cycles: 9
[CTXSW] Cycles: 8
[CTXSW] Cycles: 7
[CTXSW] Cycles: 7
[CTXSW] Cycles: 8
[CTXSW] Cycles: 16
[CTXSW] Cycles: 7
[CRITICAL] Cycles: 160031
[MEDIUM] Cycles: 88963
[OBSERVER] Preemption gap: 261305 cycles
[CTXSW] Cycles: 8
[CTXSW] Cycles: 7
[CTXSW] Cycles: 25
[CTXSW] Cycles: 19
[CTXSW] Cycles: 9
[CTXSW] Cycles: 8
[CTXSW] Cycles: 7
[CTXSW] Cycles: 7
[CTXSW] Cycles: 8
[CTXSW] Cycles: 7
[CTXSW] Cycles: 8
[CTXSW] Cycles: 9
[CRITICAL] Cycles: 161861
[MEDIUM] Cycles: 81717
[OBSERVER] Preemption gap: 256368 cycles
[CTXSW] Cycles: 7
[CTXSW] Cycles: 19
[CTXSW] Cycles: 36
[CTXSW] Cycles: 21
[CTXSW] Cycles: 9
[CTXSW] Cycles: 8
[CTXSW] Cycles: 9
[CTXSW] Cycles: 7
[CTXSW] Cycles: 7
[CTXSW] Cycles: 7
[CTXSW] Cycles: 8
[CTXSW] Cycles: 7
[CRITICAL] Cycles: 160033
[OBSERVER] Preemption gap: 171131 cycles
[CTXSW] Cycles: 8
[CTXSW] Cycles: 7
[CTXSW] Cycles: 15
[CTXSW] Cycles: 8
[CTXSW] Cycles: 18
[CTXSW] Cycles: 8
[CTXSW] Cycles: 13
[CTXSW] Cycles: 8
[CTXSW] Cycles: 11
[CTXSW] Cycles: 8
[CTXSW] Cycles: 17
[CTXSW] Cycles: 8
[CTXSW] Cycles: 7
[CTXSW] Cycles: 8
[CTXSW] Cycles: 6
[CTXSW] Cycles: 8
[CTXSW] Cycles: 6
[CTXSW] Cycles: 7
[CTXSW] Cycles: 19
[CTXSW] Cycles: 17
[CTXSW] Cycles: 8
[CRITICAL] Cycles: 160035
[MEDIUM] Cycles: 84327
[OBSERVER] Preemption gap: 254991 cycles
[CTXSW] Cycles: 7
[CTXSW] Cycles: 10
[CTXSW] Cycles: 39
[CTXSW] Cycles: 25
[CTXSW] Cycles: 8
[CTXSW] Cycles: 8
[CTXSW] Cycles: 7
[CTXSW] Cycles: 7
[CTXSW] Cycles: 7
[CTXSW] Cycles: 6
[CTXSW] Cycles: 8
[CTXSW] Cycles: 20
[CRITICAL] Cycles: 164739
[MEDIUM] Cycles: 80030
[OBSERVER] Preemption gap: 261684 cycles
[CTXSW] Cycles: 13
[CTXSW] Cycles: 8
[CTXSW] Cycles: 18
[CTXSW] Cycles: 21
[CTXSW] Cycles: 11
[CTXSW] Cycles: 8
[CTXSW] Cycles: 8
[CTXSW] Cycles: 8
[CTXSW] Cycles: 8
[CTXSW] Cycles: 6
[OBSERVER] Preemption gap: 26163 cycles
[CTXSW] Cycles: 7
[CTXSW] Cycles: 7
[CRITICAL] Cycles: 160036
[OBSERVER] Preemption gap: 163284 cycles
[CTXSW] Cycles: 8
[CTXSW] Cycles: 6
[CTXSW] Cycles: 22
[CTXSW] Cycles: 11
[CTXSW] Cycles: 9
[OBSERVER] Preemption gap: 25858 cycles
[CTXSW] Cycles: 9
[CTXSW] Cycles: 31
[CTXSW] Cycles: 12
[CTXSW] Cycles: 12
[CTXSW] Cycles: 8
[CTXSW] Cycles: 38
[CTXSW] Cycles: 8
[CTXSW] Cycles: 9
[CTXSW] Cycles: 22
[CTXSW] Cycles: 6
[CTXSW] Cycles: 8
[CTXSW] Cycles: 21
[OBSERVER] Preemption gap: 25638 cycles
[CTXSW] Cycles: 8
[CTXSW] Cycles: 8
[CTXSW] Cycles: 8
[CTXSW] Cycles: 7
[CRITICAL] Cycles: 160038
[MEDIUM] Cycles: 82357
[OBSERVER] Preemption gap: 260026 cycles
[CTXSW] Cycles: 7
[CTXSW] Cycles: 8
[CTXSW] Cycles: 27
[CTXSW] Cycles: 24
[CTXSW] Cycles: 10
[CTXSW] Cycles: 7
[CTXSW] Cycles: 9
[CTXSW] Cycles: 7
[CTXSW] Cycles: 13
[CTXSW] Cycles: 6
[CTXSW] Cycles: 7
[CTXSW] Cycles: 10
[CRITICAL] Cycles: 164743
[MEDIUM] Cycles: 80030
[OBSERVER] Preemption gap: 261549 cycles
[CTXSW] Cycles: 7
[CTXSW] Cycles: 21
[CTXSW] Cycles: 24
[CTXSW] Cycles: 17
[CTXSW] Cycles: 10
[CTXSW] Cycles: 8
[CTXSW] Cycles: 8
[CTXSW] Cycles: 7
[OBSERVER] Preemption gap: 24997 cycles
[CTXSW] Cycles: 8
[CTXSW] Cycles: 7
[CTXSW] Cycles: 8
[CTXSW] Cycles: 7
[CRITICAL] Cycles: 160043
[OBSERVER] Preemption gap: 179901 cycles
[CTXSW] Cycles: 8
[CTXSW] Cycles: 18
[CTXSW] Cycles: 24
[CTXSW] Cycles: 11
[CTXSW] Cycles: 13
[CTXSW] Cycles: 7
[CTXSW] Cycles: 8
[CTXSW] Cycles: 8
[CTXSW] Cycles: 12
[CTXSW] Cycles: 12
[CTXSW] Cycles: 17
[CTXSW] Cycles: 9
[CTXSW] Cycles: 8
[CTXSW] Cycles: 8
[CTXSW] Cycles: 7
[CTXSW] Cycles: 8
[CTXSW] Cycles: 9
[CTXSW] Cycles: 7
[CTXSW] Cycles: 8
[CTXSW] Cycles: 8
[CTXSW] Cycles: 7
[CRITICAL] Cycles: 162490
[MEDIUM] Cycles: 86276
[OBSERVER] Preemption gap: 264241 cycles
[CTXSW] Cycles: 8
[CTXSW] Cycles: 7
[CTXSW] Cycles: 27
[CTXSW] Cycles: 22
[CTXSW] Cycles: 10
[CTXSW] Cycles: 8
[CTXSW] Cycles: 8
[CTXSW] Cycles: 7
[CTXSW] Cycles: 10
[CTXSW] Cycles: 17
[CTXSW] Cycles: 13
[CTXSW] Cycles: 10
[CRITICAL] Cycles: 160037
[MEDIUM] Cycles: 80087
[OBSERVER] Preemption gap: 253820 cycles
[CTXSW] Cycles: 10
[CTXSW] Cycles: 16
[CTXSW] Cycles: 27
[CTXSW] Cycles: 21
[CTXSW] Cycles: 9
[CTXSW] Cycles: 8
[OBSERVER] Preemption gap: 24496 cycles
[CTXSW] Cycles: 8
[CTXSW] Cycles: 56
[CTXSW] Cycles: 29
[CTXSW] Cycles: 7
[CTXSW] Cycles: 9
[CTXSW] Cycles: 7
[CRITICAL] Cycles: 160031
[OBSERVER] Preemption gap: 176133 cycles
[CTXSW] Cycles: 8
[CTXSW] Cycles: 6
[CTXSW] Cycles: 29
[CTXSW] Cycles: 11
[CTXSW] Cycles: 33
[CTXSW] Cycles: 13
[CTXSW] Cycles: 9
[CTXSW] Cycles: 8
[CTXSW] Cycles: 16
[CTXSW] Cycles: 9
[CTXSW] Cycles: 40
[CTXSW] Cycles: 10
[CTXSW] Cycles: 11
[CTXSW] Cycles: 9
[CTXSW] Cycles: 9
[CTXSW] Cycles: 8
[CTXSW] Cycles: 20
[CTXSW] Cycles: 10
[CTXSW] Cycles: 42
[CTXSW] Cycles: 10
[CTXSW] Cycles: 7
[CRITICAL] Cycles: 171956
[MEDIUM] Cycles: 80027
[OBSERVER] Preemption gap: 269029 cycles
[CTXSW] Cycles: 7
[CTXSW] Cycles: 7
[CTXSW] Cycles: 23
[CTXSW] Cycles: 29
[CTXSW] Cycles: 11
[CTXSW] Cycles: 8
[CTXSW] Cycles: 8
[CTXSW] Cycles: 7
[CTXSW] Cycles: 9
[CTXSW] Cycles: 8
[CTXSW] Cycles: 8
[CTXSW] Cycles: 6
[CRITICAL] Cycles: 160437
[MEDIUM] Cycles: 85815
[OBSERVER] Preemption gap: 264403 cycles
[CTXSW] Cycles: 8
[CTXSW] Cycles: 8
[CTXSW] Cycles: 20
[CTXSW] Cycles: 14
[CTXSW] Cycles: 8
[CTXSW] Cycles: 7
[CTXSW] Cycles: 8
[CTXSW] Cycles: 7
[CTXSW] Cycles: 7
[CTXSW] Cycles: 7
[CTXSW] Cycles: 8
[CTXSW] Cycles: 7
[CRITICAL] Cycles: 160050
[OBSERVER] Preemption gap: 172560 cycles
[CTXSW] Cycles: 8
[CTXSW] Cycles: 34
[CTXSW] Cycles: 22
[CTXSW] Cycles: 8
[CTXSW] Cycles: 41
[CTXSW] Cycles: 7
[CTXSW] Cycles: 8
[CTXSW] Cycles: 8
[CTXSW] Cycles: 6
[CTXSW] Cycles: 7
[CTXSW] Cycles: 176
[CTXSW] Cycles: 8
[CTXSW] Cycles: 21
[CTXSW] Cycles: 7
[CTXSW] Cycles: 7
[CTXSW] Cycles: 8
[CTXSW] Cycles: 10
[CTXSW] Cycles: 8
[CTXSW] Cycles: 21
[CTXSW] Cycles: 8
[CTXSW] Cycles: 7
[CRITICAL] Cycles: 164587
[MEDIUM] Cycles: 80785
[OBSERVER] Preemption gap: 259456 cycles
[CTXSW] Cycles: 8
[CTXSW] Cycles: 8
[CTXSW] Cycles: 14
[CTXSW] Cycles: 9
[CTXSW] Cycles: 8
[CTXSW] Cycles: 22
[CTXSW] Cycles: 13
[CTXSW] Cycles: 8
[OBSERVER] Preemption gap: 24380 cycles
[CTXSW] Cycles: 8
[CTXSW] Cycles: 0
[CRITICAL] Cycles: 160042
[MEDIUM] Cycles: 80028
[OBSERVER] Preemption gap: 262002 cycles
[CTXSW] Cycles: 8
[CTXSW] Cycles: 7
[CTXSW] Cycles: 15
[CTXSW] Cycles: 24
[CTXSW] Cycles: 8
[CTXSW] Cycles: 7
[CTXSW] Cycles: 8
[CTXSW] Cycles: 7
[CTXSW] Cycles: 8
[CTXSW] Cycles: 6
[CTXSW] Cycles: 7
[CTXSW] Cycles: 7
[CRITICAL] Cycles: 160033
[OBSERVER] Preemption gap: 181311 cycles
[CTXSW] Cycles: 7
[CTXSW] Cycles: 8
[CTXSW] Cycles: 17
[CTXSW] Cycles: 8
[CTXSW] Cycles: 7
[CTXSW] Cycles: 8
[CTXSW] Cycles: 7
[CTXSW] Cycles: 9
[CTXSW] Cycles: 9
[CTXSW] Cycles: 8
[CTXSW] Cycles: 7
[CTXSW] Cycles: 8
[CTXSW] Cycles: 6
[CTXSW] Cycles: 16
[CTXSW] Cycles: 7
[CTXSW] Cycles: 8
[CTXSW] Cycles: 6
[CTXSW] Cycles: 8
[CTXSW] Cycles: 7
[CTXSW] Cycles: 8
[CTXSW] Cycles: 7
[CRITICAL] Cycles: 160432
[MEDIUM] Cycles: 80029
[OBSERVER] Preemption gap: 259877 cycles
[CTXSW] Cycles: 8
[CTXSW] Cycles: 7
[CTXSW] Cycles: 12
[CTXSW] Cycles: 11
[CTXSW] Cycles: 12
[CTXSW] Cycles: 7
[CTXSW] Cycles: 8
[CTXSW] Cycles: 7
[CTXSW] Cycles: 8
[CTXSW] Cycles: 7
[CTXSW] Cycles: 8
[CTXSW] Cycles: 8
[CRITICAL] Cycles: 160022
[MEDIUM] Cycles: 80025
[OBSERVER] Preemption gap: 253785 cycles
[CTXSW] Cycles: 8
[CTXSW] Cycles: 7
[CTXSW] Cycles: 11
[CTXSW] Cycles: 23
[CTXSW] Cycles: 10
[CTXSW] Cycles: 8
[CTXSW] Cycles: 7
[CTXSW] Cycles: 7
[CTXSW] Cycles: 8
[CTXSW] Cycles: 119
[CTXSW] Cycles: 7
[CTXSW] Cycles: 7
[CRITICAL] Cycles: 162420
[OBSERVER] Preemption gap: 181662 cycles
[CTXSW] Cycles: 8
[CTXSW] Cycles: 8
[CTXSW] Cycles: 23
[CTXSW] Cycles: 8
[CTXSW] Cycles: 7
[CTXSW] Cycles: 9
[CTXSW] Cycles: 150
[CTXSW] Cycles: 12
[CTXSW] Cycles: 20
[CTXSW] Cycles: 12
[CTXSW] Cycles: 15
[CTXSW] Cycles: 9
[CTXSW] Cycles: 7
[CTXSW] Cycles: 7
[CTXSW] Cycles: 7
[CTXSW] Cycles: 12
[CTXSW] Cycles: 7
[CTXSW] Cycles: 7
[CTXSW] Cycles: 7
[CTXSW] Cycles: 9
[CTXSW] Cycles: 7
[CRITICAL] Cycles: 169976
[MEDIUM] Cycles: 80026
[OBSERVER] Preemption gap: 263344 cycles
[CTXSW] Cycles: 7
[CTXSW] Cycles: 7
[CTXSW] Cycles: 23
[CTXSW] Cycles: 18
[CTXSW] Cycles: 10
[CTXSW] Cycles: 8
[CTXSW] Cycles: 9
[CTXSW] Cycles: 19
[CTXSW] Cycles: 8
[CTXSW] Cycles: 7
[CTXSW] Cycles: 8
[CTXSW] Cycles: 6
[CRITICAL] Cycles: 160045
[MEDIUM] Cycles: 80035
[OBSERVER] Preemption gap: 262124 cycles
[CTXSW] Cycles: 8
[CTXSW] Cycles: 7
[CTXSW] Cycles: 25
[CTXSW] Cycles: 22
[CTXSW] Cycles: 9
[CTXSW] Cycles: 8
[CTXSW] Cycles: 8
[CTXSW] Cycles: 26
[CTXSW] Cycles: 13
[CTXSW] Cycles: 7
[CTXSW] Cycles: 7
[CTXSW] Cycles: 6
[CRITICAL] Cycles: 167223
[OBSERVER] Preemption gap: 179334 cycles
[CTXSW] Cycles: 8
[CTXSW] Cycles: 7
[CTXSW] Cycles: 20
[CTXSW] Cycles: 9
[CTXSW] Cycles: 128
[CTXSW] Cycles: 16
[CTXSW] Cycles: 9
[CTXSW] Cycles: 8
[CTXSW] Cycles: 13
[CTXSW] Cycles: 9
[CTXSW] Cycles: 12
[CTXSW] Cycles: 10
[CTXSW] Cycles: 8
[CTXSW] Cycles: 8
[CTXSW] Cycles: 7
[CTXSW] Cycles: 8
[CTXSW] Cycles: 6
[CTXSW] Cycles: 8
[CTXSW] Cycles: 6
[CTXSW] Cycles: 8
[CTXSW] Cycles: 6
[CRITICAL] Cycles: 160032
[MEDIUM] Cycles: 80030
[OBSERVER] Preemption gap: 271122 cycles
[CTXSW] Cycles: 8
[CTXSW] Cycles: 7
[CTXSW] Cycles: 19
[CTXSW] Cycles: 0
[OBSERVER] Preemption gap: 26220 cycles
[CTXSW] Cycles: 10
[CTXSW] Cycles: 7
[CTXSW] Cycles: 8
[CTXSW] Cycles: 6
[CTXSW] Cycles: 8
[CTXSW] Cycles: 7
[CRITICAL] Cycles: 163279
[MEDIUM] Cycles: 80028
[OBSERVER] Preemption gap: 257713 cycles
[CTXSW] Cycles: 8
[CTXSW] Cycles: 7
[CTXSW] Cycles: 25
[CTXSW] Cycles: 21
[CTXSW] Cycles: 10
[CTXSW] Cycles: 7
[CTXSW] Cycles: 8
[CTXSW] Cycles: 123
[CTXSW] Cycles: 7
[CTXSW] Cycles: 6
[CTXSW] Cycles: 7
[CTXSW] Cycles: 7
[CRITICAL] Cycles: 160029
[OBSERVER] Preemption gap: 170623 cycles
[CTXSW] Cycles: 8
[CTXSW] Cycles: 7
[CTXSW] Cycles: 17
[CTXSW] Cycles: 8
[CTXSW] Cycles: 17
[CTXSW] Cycles: 8
[CTXSW] Cycles: 9
[CTXSW] Cycles: 8
[CTXSW] Cycles: 22
[CTXSW] Cycles: 15
[CTXSW] Cycles: 9
[CTXSW] Cycles: 10
[CTXSW] Cycles: 41
[CTXSW] Cycles: 9
[CTXSW] Cycles: 8
[CTXSW] Cycles: 9
[CTXSW] Cycles: 6
[CTXSW] Cycles: 7
[CTXSW] Cycles: 6
[CTXSW] Cycles: 8
[CTXSW] Cycles: 7
[CRITICAL] Cycles: 163826
[MEDIUM] Cycles: 80029
[OBSERVER] Preemption gap: 258222 cycles
[CTXSW] Cycles: 8
[CTXSW] Cycles: 6
[CTXSW] Cycles: 24
[CTXSW] Cycles: 16
[CTXSW] Cycles: 7
[CTXSW] Cycles: 7
[CTXSW] Cycles: 8
[CTXSW] Cycles: 40
[CTXSW] Cycles: 15
[CTXSW] Cycles: 6
[CTXSW] Cycles: 8
[CTXSW] Cycles: 6
[CRITICAL] Cycles: 160037
[MEDIUM] Cycles: 82889
[OBSERVER] Preemption gap: 260847 cycles
[CTXSW] Cycles: 16
[CTXSW] Cycles: 16
[CTXSW] Cycles: 13
[CTXSW] Cycles: 24
[CTXSW] Cycles: 10
[CTXSW] Cycles: 8
[CTXSW] Cycles: 8
[CTXSW] Cycles: 7
[CTXSW] Cycles: 8
[CTXSW] Cycles: 8
[CTXSW] Cycles: 7
[CTXSW] Cycles: 8
[CRITICAL] Cycles: 160031
[OBSERVER] Preemption gap: 177706 cycles
[CTXSW] Cycles: 8
[CTXSW] Cycles: 17
[CTXSW] Cycles: 17
[CTXSW] Cycles: 9
[CTXSW] Cycles: 9
[CTXSW] Cycles: 8
[CTXSW] Cycles: 9
[CTXSW] Cycles: 8
[CTXSW] Cycles: 7
[CTXSW] Cycles: 7
[CTXSW] Cycles: 19
[CTXSW] Cycles: 12
[CTXSW] Cycles: 225
[CTXSW] Cycles: 17
[CTXSW] Cycles: 14
[CTXSW] Cycles: 9
[CTXSW] Cycles: 7
[CTXSW] Cycles: 8
[CTXSW] Cycles: 7
[CTXSW] Cycles: 81
[CTXSW] Cycles: 19
[CRITICAL] Cycles: 170257
[MEDIUM] Cycles: 80029
[OBSERVER] Preemption gap: 262289 cycles
[CTXSW] Cycles: 8
[CTXSW] Cycles: 6
[CTXSW] Cycles: 22
[CTXSW] Cycles: 15
[CTXSW] Cycles: 9
[CTXSW] Cycles: 9
[CTXSW] Cycles: 8
[CTXSW] Cycles: 6
[CTXSW] Cycles: 8
[CTXSW] Cycles: 7
[CTXSW] Cycles: 7
[CTXSW] Cycles: 9
[CRITICAL] Cycles: 160027
[MEDIUM] Cycles: 87722
[OBSERVER] Preemption gap: 268081 cycles
[CTXSW] Cycles: 8
[CTXSW] Cycles: 18
[CTXSW] Cycles: 21
[CTXSW] Cycles: 11
[CTXSW] Cycles: 7
[CTXSW] Cycles: 6
[CTXSW] Cycles: 8
[CTXSW] Cycles: 7
[CTXSW] Cycles: 7
[CTXSW] Cycles: 35
[CTXSW] Cycles: 7
[CTXSW] Cycles: 23
[CRITICAL] Cycles: 160028
[OBSERVER] Preemption gap: 181681 cycles
[CTXSW] Cycles: 11
[CTXSW] Cycles: 7
[CTXSW] Cycles: 16
[CTXSW] Cycles: 10
[CTXSW] Cycles: 13
[CTXSW] Cycles: 9
[CTXSW] Cycles: 7
[CTXSW] Cycles: 9
[CTXSW] Cycles: 17
[CTXSW] Cycles: 13
[CTXSW] Cycles: 6
[CTXSW] Cycles: 8
[CTXSW] Cycles: 19
[CTXSW] Cycles: 7
[CTXSW] Cycles: 6
[CTXSW] Cycles: 8
[CTXSW] Cycles: 6
[OBSERVER] Preemption gap: 24197 cycles
[CTXSW] Cycles: 8
[CTXSW] Cycles: 6
[CTXSW] Cycles: 16
[CTXSW] Cycles: 9
[CRITICAL] Cycles: 171278
[MEDIUM] Cycles: 80032
[OBSERVER] Preemption gap: 269289 cycles
[CTXSW] Cycles: 8
[CTXSW] Cycles: 20
[CTXSW] Cycles: 31
[CTXSW] Cycles: 18
[CTXSW] Cycles: 9
[CTXSW] Cycles: 8
[CTXSW] Cycles: 8
[CTXSW] Cycles: 7
[CTXSW] Cycles: 8
[CTXSW] Cycles: 6
[CTXSW] Cycles: 8
[CTXSW] Cycles: 6
[CRITICAL] Cycles: 162799
[MEDIUM] Cycles: 80026
[OBSERVER] Preemption gap: 259101 cycles
[CTXSW] Cycles: 8
[CTXSW] Cycles: 6
[CTXSW] Cycles: 21
[CTXSW] Cycles: 17
[CTXSW] Cycles: 9
[CTXSW] Cycles: 7
[CTXSW] Cycles: 8
[CTXSW] Cycles: 7
[CTXSW] Cycles: 7
[CTXSW] Cycles: 7
[CTXSW] Cycles: 7
[CTXSW] Cycles: 7
[CRITICAL] Cycles: 160136
[OBSERVER] Preemption gap: 181878 cycles
[CTXSW] Cycles: 7
[CTXSW] Cycles: 7
[CTXSW] Cycles: 15
[CTXSW] Cycles: 7
[CTXSW] Cycles: 124
[CTXSW] Cycles: 12
[CTXSW] Cycles: 7
[CTXSW] Cycles: 8
[CTXSW] Cycles: 8
[CTXSW] Cycles: 8
[CTXSW] Cycles: 6
[CTXSW] Cycles: 7
[CTXSW] Cycles: 6
[CTXSW] Cycles: 7
[CTXSW] Cycles: 6
[CTXSW] Cycles: 8
[CTXSW] Cycles: 6
[OBSERVER] Preemption gap: 24298 cycles
[CTXSW] Cycles: 8
[CTXSW] Cycles: 6
[CTXSW] Cycles: 13
[CTXSW] Cycles: 7
[CRITICAL] Cycles: 160033
[MEDIUM] Cycles: 80512
[OBSERVER] Preemption gap: 256026 cycles
[CTXSW] Cycles: 8
[CTXSW] Cycles: 19
[CTXSW] Cycles: 18
[CTXSW] Cycles: 23
[CTXSW] Cycles: 10
[CTXSW] Cycles: 8
[CTXSW] Cycles: 8
[CTXSW] Cycles: 7
[CTXSW] Cycles: 8
[CTXSW] Cycles: 9
[CTXSW] Cycles: 9
[CTXSW] Cycles: 7
[CRITICAL] Cycles: 161600
[MEDIUM] Cycles: 80045
[OBSERVER] Preemption gap: 251440 cycles
[CTXSW] Cycles: 8
[CTXSW] Cycles: 6
[CTXSW] Cycles: 19
[CTXSW] Cycles: 22
[CTXSW] Cycles: 8
[CTXSW] Cycles: 9
[CTXSW] Cycles: 7
[CTXSW] Cycles: 7
[CTXSW] Cycles: 7
[CTXSW] Cycles: 7
[CTXSW] Cycles: 8
[CTXSW] Cycles: 6
[CRITICAL] Cycles: 160037
[OBSERVER] Preemption gap: 180396 cycles
[CTXSW] Cycles: 8
[CTXSW] Cycles: 158
[CTXSW] Cycles: 35
[CTXSW] Cycles: 10
[CTXSW] Cycles: 8
[CTXSW] Cycles: 8
[CTXSW] Cycles: 6
[CTXSW] Cycles: 7
[CTXSW] Cycles: 19
[CTXSW] Cycles: 11
[CTXSW] Cycles: 20
[CTXSW] Cycles: 12
[CTXSW] Cycles: 11
[CTXSW] Cycles: 9
[CTXSW] Cycles: 9
[OBSERVER] Preemption gap: 28295 cycles
[CTXSW] Cycles: 8
[CTXSW] Cycles: 47
[CTXSW] Cycles: 16
[CTXSW] Cycles: 7
[CTXSW] Cycles: 8
[CTXSW] Cycles: 8
[CRITICAL] Cycles: 160044
[MEDIUM] Cycles: 80031
[OBSERVER] Preemption gap: 266287 cycles
[CTXSW] Cycles: 8
[CTXSW] Cycles: 6
[CTXSW] Cycles: 29
[CTXSW] Cycles: 18
[CTXSW] Cycles: 8
[CTXSW] Cycles: 7
[CTXSW] Cycles: 7
[CTXSW] Cycles: 129
[CTXSW] Cycles: 8
[CTXSW] Cycles: 8
[CTXSW] Cycles: 7
[CTXSW] Cycles: 6
[CRITICAL] Cycles: 164235
[MEDIUM] Cycles: 80029
[OBSERVER] Preemption gap: 256760 cycles
[CTXSW] Cycles: 8
[CTXSW] Cycles: 6
[CTXSW] Cycles: 16
[CTXSW] Cycles: 12
[CTXSW] Cycles: 9
[CTXSW] Cycles: 6
[CTXSW] Cycles: 7
[CTXSW] Cycles: 6
[CTXSW] Cycles: 8
[CTXSW] Cycles: 6
[CTXSW] Cycles: 8
[CTXSW] Cycles: 8
[CRITICAL] Cycles: 160031
[OBSERVER] Preemption gap: 171658 cycles
[CTXSW] Cycles: 7
[CTXSW] Cycles: 7
[CTXSW] Cycles: 17
[CTXSW] Cycles: 8
[CTXSW] Cycles: 8
[CTXSW] Cycles: 8
[CTXSW] Cycles: 6
[CTXSW] Cycles: 12
[CTXSW] Cycles: 8
[CTXSW] Cycles: 10
[CTXSW] Cycles: 94
[CTXSW] Cycles: 8
[CTXSW] Cycles: 6
[CTXSW] Cycles: 8
[CTXSW] Cycles: 7
[CTXSW] Cycles: 8
[CTXSW] Cycles: 7
[CTXSW] Cycles: 8
[CTXSW] Cycles: 6
[CTXSW] Cycles: 8
[CTXSW] Cycles: 6
[CRITICAL] Cycles: 160027
[MEDIUM] Cycles: 80031
[OBSERVER] Preemption gap: 260463 cycles
[CTXSW] Cycles: 7
[CTXSW] Cycles: 6
[CTXSW] Cycles: 13
[CTXSW] Cycles: 29
[CTXSW] Cycles: 11
[CTXSW] Cycles: 7
[CTXSW] Cycles: 7
[CTXSW] Cycles: 7
[CTXSW] Cycles: 8
[CTXSW] Cycles: 7
[OBSERVER] Preemption gap: 25310 cycles
[CTXSW] Cycles: 10
[CTXSW] Cycles: 6
[CRITICAL] Cycles: 160719
[MEDIUM] Cycles: 80028
[OBSERVER] Preemption gap: 249500 cycles
[CTXSW] Cycles: 8
[CTXSW] Cycles: 7
[CTXSW] Cycles: 13
[CTXSW] Cycles: 11
[CTXSW] Cycles: 8
[CTXSW] Cycles: 8
[CTXSW] Cycles: 8
[CTXSW] Cycles: 8
[CTXSW] Cycles: 8
[CTXSW] Cycles: 7
[CTXSW] Cycles: 8
[CTXSW] Cycles: 9
[CRITICAL] Cycles: 160024
[OBSERVER] Preemption gap: 184855 cycles
[CTXSW] Cycles: 9
[CTXSW] Cycles: 7
[CTXSW] Cycles: 11
[CTXSW] Cycles: 7
[CTXSW] Cycles: 7
[CTXSW] Cycles: 8
[CTXSW] Cycles: 6
[CTXSW] Cycles: 8
[CTXSW] Cycles: 8
[CTXSW] Cycles: 7
[CTXSW] Cycles: 9
[CTXSW] Cycles: 8
[CTXSW] Cycles: 7
[CTXSW] Cycles: 8
[CTXSW] Cycles: 6
[CTXSW] Cycles: 7
[CTXSW] Cycles: 7
[CTXSW] Cycles: 7
[CTXSW] Cycles: 120
[CTXSW] Cycles: 8
[CTXSW] Cycles: 7
[CRITICAL] Cycles: 160034
[MEDIUM] Cycles: 85110
[OBSERVER] Preemption gap: 261888 cycles
[CTXSW] Cycles: 8
[CTXSW] Cycles: 8
[CTXSW] Cycles: 33
[CTXSW] Cycles: 16
[CTXSW] Cycles: 11
[CTXSW] Cycles: 8
[CTXSW] Cycles: 17
[CTXSW] Cycles: 10
[OBSERVER] Preemption gap: 26552 cycles
[CTXSW] Cycles: 9
[CTXSW] Cycles: 8
[CTXSW] Cycles: 8
[CTXSW] Cycles: 7
[CRITICAL] Cycles: 160741
[MEDIUM] Cycles: 80031
[OBSERVER] Preemption gap: 261418 cycles
[CTXSW] Cycles: 8
[CTXSW] Cycles: 6
[CTXSW] Cycles: 14
[CTXSW] Cycles: 18
[CTXSW] Cycles: 10
[CTXSW] Cycles: 22
[CTXSW] Cycles: 12
[CTXSW] Cycles: 7
[CTXSW] Cycles: 9
[CTXSW] Cycles: 13
[CTXSW] Cycles: 9
[CTXSW] Cycles: 7
[CRITICAL] Cycles: 160449
[OBSERVER] Preemption gap: 178611 cycles
[CTXSW] Cycles: 8
[CTXSW] Cycles: 15
[CTXSW] Cycles: 18
[CTXSW] Cycles: 14
[CTXSW] Cycles: 10
[CTXSW] Cycles: 8
[CTXSW] Cycles: 11
[CTXSW] Cycles: 10
[CTXSW] Cycles: 12
[CTXSW] Cycles: 9
[CTXSW] Cycles: 28
[CTXSW] Cycles: 12
[CTXSW] Cycles: 19
[CTXSW] Cycles: 10
[CTXSW] Cycles: 8
[CTXSW] Cycles: 13
[CTXSW] Cycles: 6
[CTXSW] Cycles: 7
[CTXSW] Cycles: 6
[CTXSW] Cycles: 7
[CTXSW] Cycles: 121
[CRITICAL] Cycles: 160035
[MEDIUM] Cycles: 81979
[OBSERVER] Preemption gap: 262268 cycles
[CTXSW] Cycles: 7
[CTXSW] Cycles: 6
[CTXSW] Cycles: 39
[CTXSW] Cycles: 18
[CTXSW] Cycles: 10
[CTXSW] Cycles: 18
[CTXSW] Cycles: 17
[CTXSW] Cycles: 21
[CTXSW] Cycles: 16
[CTXSW] Cycles: 33
[CTXSW] Cycles: 11
[CTXSW] Cycles: 15
[CRITICAL] Cycles: 160037
[MEDIUM] Cycles: 82297
[OBSERVER] Preemption gap: 258615 cycles
[CTXSW] Cycles: 10
[CTXSW] Cycles: 15
[CTXSW] Cycles: 15
[CTXSW] Cycles: 25
[CTXSW] Cycles: 10
[CTXSW] Cycles: 8
[CTXSW] Cycles: 8
[CTXSW] Cycles: 7
[CTXSW] Cycles: 8
[CTXSW] Cycles: 7
[CTXSW] Cycles: 8
[CTXSW] Cycles: 7
[CRITICAL] Cycles: 160027
[OBSERVER] Preemption gap: 184687 cycles
[CTXSW] Cycles: 7
[CTXSW] Cycles: 7
[CTXSW] Cycles: 14
[CTXSW] Cycles: 8
[CTXSW] Cycles: 6
[CTXSW] Cycles: 8
[CTXSW] Cycles: 7
[CTXSW] Cycles: 8
[CTXSW] Cycles: 149
[CTXSW] Cycles: 17
[CTXSW] Cycles: 7
[CTXSW] Cycles: 8
[CTXSW] Cycles: 6
[CTXSW] Cycles: 7
[CTXSW] Cycles: 7
[CTXSW] Cycles: 8
[CTXSW] Cycles: 6
[CTXSW] Cycles: 7
[CTXSW] Cycles: 7
[CTXSW] Cycles: 7
[CTXSW] Cycles: 6
[CRITICAL] Cycles: 160134
[MEDIUM] Cycles: 80027
[OBSERVER] Preemption gap: 264693 cycles
[CTXSW] Cycles: 8
[CTXSW] Cycles: 6
[CTXSW] Cycles: 14
[CTXSW] Cycles: 14
[CTXSW] Cycles: 8
[CTXSW] Cycles: 37
[CTXSW] Cycles: 11
[CTXSW] Cycles: 7
[CTXSW] Cycles: 8
[CTXSW] Cycles: 12
[CTXSW] Cycles: 18
[CTXSW] Cycles: 7
[CRITICAL] Cycles: 160035
[MEDIUM] Cycles: 80069
[OBSERVER] Preemption gap: 262749 cycles
[CTXSW] Cycles: 8
[CTXSW] Cycles: 6
[CTXSW] Cycles: 18
[CTXSW] Cycles: 20
[CTXSW] Cycles: 7
[CTXSW] Cycles: 8
[CTXSW] Cycles: 7
[CTXSW] Cycles: 6
[CTXSW] Cycles: 8
[CTXSW] Cycles: 7
[OBSERVER] Preemption gap: 24963 cycles
[CTXSW] Cycles: 7
[CTXSW] Cycles: 7
[CRITICAL] Cycles: 160534
[OBSERVER] Preemption gap: 169268 cycles
[CTXSW] Cycles: 8
[CTXSW] Cycles: 18
[CTXSW] Cycles: 19
[OBSERVER] Preemption gap: 25265 cycles
[CTXSW] Cycles: 12
[CTXSW] Cycles: 8
[CTXSW] Cycles: 8
[CTXSW] Cycles: 10
[CTXSW] Cycles: 9
[CTXSW] Cycles: 9
[CTXSW] Cycles: 9
[CTXSW] Cycles: 6
[CTXSW] Cycles: 8
[CTXSW] Cycles: 6
[CTXSW] Cycles: 8
[CTXSW] Cycles: 7
[CTXSW] Cycles: 7
[CTXSW] Cycles: 7
[CTXSW] Cycles: 7
[CTXSW] Cycles: 6
[CRITICAL] Cycles: 160032
[MEDIUM] Cycles: 89792
[OBSERVER] Preemption gap: 265668 cycles
[CTXSW] Cycles: 7
[CTXSW] Cycles: 10
[CTXSW] Cycles: 14
[CTXSW] Cycles: 18
[CTXSW] Cycles: 8
[CTXSW] Cycles: 7
[CTXSW] Cycles: 7
[CTXSW] Cycles: 6
[OBSERVER] Preemption gap: 25466 cycles
[CTXSW] Cycles: 8
[CTXSW] Cycles: 115
[CTXSW] Cycles: 8
[CTXSW] Cycles: 6
[CRITICAL] Cycles: 160038
[MEDIUM] Cycles: 80025
[OBSERVER] Preemption gap: 257871 cycles
[CTXSW] Cycles: 8
[CTXSW] Cycles: 119
[CTXSW] Cycles: 13
[CTXSW] Cycles: 15
[CTXSW] Cycles: 7
[CTXSW] Cycles: 7
[CTXSW] Cycles: 8
[CTXSW] Cycles: 7
[CTXSW] Cycles: 8
[CTXSW] Cycles: 7
[CTXSW] Cycles: 7
[CTXSW] Cycles: 7
[CRITICAL] Cycles: 160036
[OBSERVER] Preemption gap: 174606 cycles
[CTXSW] Cycles: 7
[CTXSW] Cycles: 7
[CTXSW] Cycles: 12
[CTXSW] Cycles: 7
[CTXSW] Cycles: 48
[CTXSW] Cycles: 8
[CTXSW] Cycles: 13
[CTXSW] Cycles: 8
[CTXSW] Cycles: 8
[CTXSW] Cycles: 8
[CTXSW] Cycles: 7
[CTXSW] Cycles: 8
[CTXSW] Cycles: 7
[CTXSW] Cycles: 17
[CTXSW] Cycles: 7
[CTXSW] Cycles: 8
[CTXSW] Cycles: 7
[CTXSW] Cycles: 8
[CTXSW] Cycles: 19
[CTXSW] Cycles: 12
[CTXSW] Cycles: 9
[CRITICAL] Cycles: 160026
[MEDIUM] Cycles: 80027
[OBSERVER] Preemption gap: 252769 cycles
[CTXSW] Cycles: 8
[CTXSW] Cycles: 6
[CTXSW] Cycles: 15
[CTXSW] Cycles: 26
[CTXSW] Cycles: 7
[CTXSW] Cycles: 7
[CTXSW] Cycles: 8
[CTXSW] Cycles: 7
[CTXSW] Cycles: 8
[CTXSW] Cycles: 6
[CTXSW] Cycles: 8
[CTXSW] Cycles: 6
[CRITICAL] Cycles: 163830
[MEDIUM] Cycles: 80027
[OBSERVER] Preemption gap: 263601 cycles
[CTXSW] Cycles: 8
[CTXSW] Cycles: 11
[CTXSW] Cycles: 18
[CTXSW] Cycles: 17
[CTXSW] Cycles: 9
[CTXSW] Cycles: 7
[CTXSW] Cycles: 8
[CTXSW] Cycles: 7
[CTXSW] Cycles: 10
[CTXSW] Cycles: 7
[CTXSW] Cycles: 7
[CTXSW] Cycles: 6
[CRITICAL] Cycles: 168618
[OBSERVER] Preemption gap: 175855 cycles
[CTXSW] Cycles: 8
[CTXSW] Cycles: 7
[CTXSW] Cycles: 19
[CTXSW] Cycles: 11
[CTXSW] Cycles: 7
[CTXSW] Cycles: 10
[CTXSW] Cycles: 10
[OBSERVER] Preemption gap: 29054 cycles
[CTXSW] Cycles: 7
[CTXSW] Cycles: 735
[CTXSW] Cycles: 12
[CTXSW] Cycles: 20
[CTXSW] Cycles: 11
[CTXSW] Cycles: 7
[CTXSW] Cycles: 7
[CTXSW] Cycles: 7
[CTXSW] Cycles: 8
[CTXSW] Cycles: 6
[CTXSW] Cycles: 8
[CTXSW] Cycles: 7
[CRITICAL] Cycles: 160028
[MEDIUM] Cycles: 80027
[OBSERVER] Preemption gap: 250981 cycles
[CTXSW] Cycles: 8
[CTXSW] Cycles: 7
[CTXSW] Cycles: 17
[CTXSW] Cycles: 17
[CTXSW] Cycles: 7
[CTXSW] Cycles: 7
[CTXSW] Cycles: 7
[CTXSW] Cycles: 33
[CTXSW] Cycles: 9
[CTXSW] Cycles: 7
[CTXSW] Cycles: 8
[CTXSW] Cycles: 6
[CRITICAL] Cycles: 160037
[MEDIUM] Cycles: 80031
[OBSERVER] Preemption gap: 252483 cycles
[CTXSW] Cycles: 9
[CTXSW] Cycles: 6
[CTXSW] Cycles: 19
[CTXSW] Cycles: 22
[CTXSW] Cycles: 9
[CTXSW] Cycles: 7
[CTXSW] Cycles: 8
[CTXSW] Cycles: 17
[CTXSW] Cycles: 12
[CTXSW] Cycles: 7
[CTXSW] Cycles: 8
[CTXSW] Cycles: 6
[CRITICAL] Cycles: 160036
[OBSERVER] Preemption gap: 187349 cycles
[CTXSW] Cycles: 8
[CTXSW] Cycles: 6
[CTXSW] Cycles: 21
[CTXSW] Cycles: 11
[CTXSW] Cycles: 6
[CTXSW] Cycles: 9
[CTXSW] Cycles: 25
[CTXSW] Cycles: 11
[CTXSW] Cycles: 7
[CTXSW] Cycles: 9
[CTXSW] Cycles: 31
[CTXSW] Cycles: 10
[CTXSW] Cycles: 8
[CTXSW] Cycles: 8
[CTXSW] Cycles: 7
[CTXSW] Cycles: 12
[CTXSW] Cycles: 18
[CTXSW] Cycles: 12
[CTXSW] Cycles: 6
[CTXSW] Cycles: 7
[CTXSW] Cycles: 18
[CRITICAL] Cycles: 170053
[MEDIUM] Cycles: 80026
[OBSERVER] Preemption gap: 266401 cycles
[CTXSW] Cycles: 12
[CTXSW] Cycles: 21
[CTXSW] Cycles: 28
[CTXSW] Cycles: 17
[CTXSW] Cycles: 10
[CTXSW] Cycles: 8
[CTXSW] Cycles: 8
[CTXSW] Cycles: 7
[CTXSW] Cycles: 7
[CTXSW] Cycles: 19
[CTXSW] Cycles: 12
[CTXSW] Cycles: 6
[CRITICAL] Cycles: 160038
[MEDIUM] Cycles: 80030
[OBSERVER] Preemption gap: 264003 cycles
[CTXSW] Cycles: 7
[CTXSW] Cycles: 19
[CTXSW] Cycles: 27
[CTXSW] Cycles: 22
[CTXSW] Cycles: 9
[CTXSW] Cycles: 8
[OBSERVER] Preemption gap: 28473 cycles
[CTXSW] Cycles: 7
[CTXSW] Cycles: 8
[CTXSW] Cycles: 8
[CTXSW] Cycles: 7
[CRITICAL] Cycles: 162414
[OBSERVER] Preemption gap: 176009 cycles
[CTXSW] Cycles: 8
[CTXSW] Cycles: 7
[CTXSW] Cycles: 24
[CTXSW] Cycles: 13
[CTXSW] Cycles: 20
[CTXSW] Cycles: 12
[CTXSW] Cycles: 8
[CTXSW] Cycles: 14
[CTXSW] Cycles: 12
[CTXSW] Cycles: 11
[CTXSW] Cycles: 24
[CTXSW] Cycles: 13
[CTXSW] Cycles: 12
[CTXSW] Cycles: 9
[CTXSW] Cycles: 214
[CTXSW] Cycles: 18
[CTXSW] Cycles: 17
[CTXSW] Cycles: 11
[CTXSW] Cycles: 7
[CTXSW] Cycles: 8
[CTXSW] Cycles: 6
[CRITICAL] Cycles: 161414
[MEDIUM] Cycles: 83744
[OBSERVER] Preemption gap: 262017 cycles
[CTXSW] Cycles: 8
[CTXSW] Cycles: 7
[CTXSW] Cycles: 13
[CTXSW] Cycles: 22
[CTXSW] Cycles: 7
[CTXSW] Cycles: 7
[CTXSW] Cycles: 9
[CTXSW] Cycles: 8
[CTXSW] Cycles: 8
[CTXSW] Cycles: 7
[CTXSW] Cycles: 8
[CTXSW] Cycles: 6
[CRITICAL] Cycles: 160042
[MEDIUM] Cycles: 82636
[OBSERVER] Preemption gap: 263274 cycles
[CTXSW] Cycles: 7
[CTXSW] Cycles: 6
[CTXSW] Cycles: 17
[CTXSW] Cycles: 16
[CTXSW] Cycles: 8
[CTXSW] Cycles: 8
[CTXSW] Cycles: 8
[CTXSW] Cycles: 6
[CTXSW] Cycles: 12
[CTXSW] Cycles: 6
[CTXSW] Cycles: 8
[CTXSW] Cycles: 6
[CRITICAL] Cycles: 160032
[OBSERVER] Preemption gap: 172612 cycles
[CTXSW] Cycles: 8
[CTXSW] Cycles: 7
[CTXSW] Cycles: 10
[CTXSW] Cycles: 9
[CTXSW] Cycles: 8
[CTXSW] Cycles: 8
[CTXSW] Cycles: 39
[CTXSW] Cycles: 9
[CTXSW] Cycles: 6
[CTXSW] Cycles: 9
[CTXSW] Cycles: 15
[CTXSW] Cycles: 11
[CTXSW] Cycles: 34
[CTXSW] Cycles: 8
[CTXSW] Cycles: 6
[OBSERVER] Preemption gap: 30284 cycles
[CTXSW] Cycles: 8
[CTXSW] Cycles: 7
[CTXSW] Cycles: 8
[CTXSW] Cycles: 9
[CRITICAL] Cycles: 160027
[MEDIUM] Cycles: 80032
[OBSERVER] Preemption gap: 264895 cycles
[CTXSW] Cycles: 9
[CTXSW] Cycles: 11
[CTXSW] Cycles: 13
[CTXSW] Cycles: 15
[CTXSW] Cycles: 8
[CTXSW] Cycles: 7
[CTXSW] Cycles: 7
[CTXSW] Cycles: 8
[CTXSW] Cycles: 8
[CTXSW] Cycles: 6
[CTXSW] Cycles: 8
[CTXSW] Cycles: 7
[CRITICAL] Cycles: 160026
[MEDIUM] Cycles: 80026
[OBSERVER] Preemption gap: 252321 cycles
[CTXSW] Cycles: 7
[CTXSW] Cycles: 7
[CTXSW] Cycles: 11
[CTXSW] Cycles: 18
[CTXSW] Cycles: 9
[CTXSW] Cycles: 8
[CTXSW] Cycles: 8
[CTXSW] Cycles: 13
[CTXSW] Cycles: 9
[CTXSW] Cycles: 7
[CTXSW] Cycles: 8
[CTXSW] Cycles: 6
[CRITICAL] Cycles: 166482
[OBSERVER] Preemption gap: 174930 cycles
[CTXSW] Cycles: 8
[CTXSW] Cycles: 7
[CTXSW] Cycles: 22
[CTXSW] Cycles: 8
[CTXSW] Cycles: 10
[CTXSW] Cycles: 9
[CTXSW] Cycles: 8
[CTXSW] Cycles: 8
[CTXSW] Cycles: 8
[CTXSW] Cycles: 9
[CTXSW] Cycles: 29
[CTXSW] Cycles: 8
[CTXSW] Cycles: 16
[CTXSW] Cycles: 10
[CTXSW] Cycles: 101
[CTXSW] Cycles: 16
[CTXSW] Cycles: 6
[CTXSW] Cycles: 8
[CTXSW] Cycles: 6
[CTXSW] Cycles: 8
[CTXSW] Cycles: 6
[CRITICAL] Cycles: 160030
[MEDIUM] Cycles: 84188
[OBSERVER] Preemption gap: 257568 cycles
[CTXSW] Cycles: 8
[CTXSW] Cycles: 6
[CTXSW] Cycles: 29
[CTXSW] Cycles: 22
[CTXSW] Cycles: 10
[CTXSW] Cycles: 8
[CTXSW] Cycles: 8
[CTXSW] Cycles: 18
[CTXSW] Cycles: 12
[CTXSW] Cycles: 23
[CTXSW] Cycles: 16
[CTXSW] Cycles: 141
[CRITICAL] Cycles: 169198
[MEDIUM] Cycles: 80033
[OBSERVER] Preemption gap: 255040 cycles
[CTXSW] Cycles: 11
[CTXSW] Cycles: 7
[CTXSW] Cycles: 15
[CTXSW] Cycles: 25
[CTXSW] Cycles: 9
[CTXSW] Cycles: 58
[CTXSW] Cycles: 12
[CTXSW] Cycles: 9
[CTXSW] Cycles: 7
[CTXSW] Cycles: 9
[CTXSW] Cycles: 15
[CTXSW] Cycles: 11
[CRITICAL] Cycles: 161123
[OBSERVER] Preemption gap: 179674 cycles
[CTXSW] Cycles: 7
[CTXSW] Cycles: 7
[CTXSW] Cycles: 20
[CTXSW] Cycles: 8
[CTXSW] Cycles: 7
[CTXSW] Cycles: 7
[CTXSW] Cycles: 8
[CTXSW] Cycles: 7
[CTXSW] Cycles: 9
[OBSERVER] Preemption gap: 26995 cycles
[CTXSW] Cycles: 7
[CTXSW] Cycles: 19
[CTXSW] Cycles: 13
[CTXSW] Cycles: 7
[CTXSW] Cycles: 8
[CTXSW] Cycles: 7
[CTXSW] Cycles: 8
[CTXSW] Cycles: 6
[CTXSW] Cycles: 7
[CTXSW] Cycles: 6
[CTXSW] Cycles: 8
[CTXSW] Cycles: 7
[CRITICAL] Cycles: 162342
[MEDIUM] Cycles: 80024
[OBSERVER] Preemption gap: 257878 cycles
[CTXSW] Cycles: 8
[CTXSW] Cycles: 6
[CTXSW] Cycles: 16
[CTXSW] Cycles: 15
[CTXSW] Cycles: 7
[CTXSW] Cycles: 8
[CTXSW] Cycles: 8
[CTXSW] Cycles: 7
[CTXSW] Cycles: 8
[CTXSW] Cycles: 7
[CTXSW] Cycles: 8
[CTXSW] Cycles: 6
[CRITICAL] Cycles: 161454
[MEDIUM] Cycles: 80022
[OBSERVER] Preemption gap: 259660 cycles
[CTXSW] Cycles: 7
[CTXSW] Cycles: 6
[CTXSW] Cycles: 14
[CTXSW] Cycles: 17
[CTXSW] Cycles: 7
[CTXSW] Cycles: 6
[CTXSW] Cycles: 7
[CTXSW] Cycles: 118
[CTXSW] Cycles: 7
[CTXSW] Cycles: 6
[CTXSW] Cycles: 8
[CTXSW] Cycles: 6
[CRITICAL] Cycles: 160029
[OBSERVER] Preemption gap: 180431 cycles
[CTXSW] Cycles: 8
[CTXSW] Cycles: 6
[CTXSW] Cycles: 15
[CTXSW] Cycles: 7
[CTXSW] Cycles: 8
[CTXSW] Cycles: 8
[CTXSW] Cycles: 12
[CTXSW] Cycles: 7
[CTXSW] Cycles: 7
[CTXSW] Cycles: 8
[CTXSW] Cycles: 6
[CTXSW] Cycles: 8
[CTXSW] Cycles: 6
[OBSERVER] Preemption gap: 24060 cycles
[CTXSW] Cycles: 8
[CTXSW] Cycles: 6
[CTXSW] Cycles: 18
[CTXSW] Cycles: 6
[CTXSW] Cycles: 214
[CTXSW] Cycles: 114
[CRITICAL] Cycles: 160023
[MEDIUM] Cycles: 80026
[OBSERVER] Preemption gap: 260941 cycles
[CTXSW] Cycles: 8
[CTXSW] Cycles: 6
[CTXSW] Cycles: 8
[CTXSW] Cycles: 11
[CTXSW] Cycles: 7
[CTXSW] Cycles: 7
[CTXSW] Cycles: 8
[CTXSW] Cycles: 6
[CTXSW] Cycles: 8
[CTXSW] Cycles: 10
[CTXSW] Cycles: 8
[CTXSW] Cycles: 35
[CRITICAL] Cycles: 160037
[MEDIUM] Cycles: 80035
[OBSERVER] Preemption gap: 263769 cycles
[CTXSW] Cycles: 7
[CTXSW] Cycles: 39
[CTXSW] Cycles: 30
[CTXSW] Cycles: 12
[CTXSW] Cycles: 10
[CTXSW] Cycles: 7
[CTXSW] Cycles: 22
[CTXSW] Cycles: 7
[CTXSW] Cycles: 8
[CTXSW] Cycles: 7
[CRITICAL] Cycles: 169461
[OBSERVER] Preemption gap: 183821 cycles
[CTXSW] Cycles: 7
[CTXSW] Cycles: 6
[CTXSW] Cycles: 18
[CTXSW] Cycles: 10
[CTXSW] Cycles: 15
[OBSERVER] Preemption gap: 24257 cycles
[CTXSW] Cycles: 7
[CTXSW] Cycles: 96
[CTXSW] Cycles: 8
[CTXSW] Cycles: 12
[CTXSW] Cycles: 8
[CTXSW] Cycles: 13
[CTXSW] Cycles: 8
[CTXSW] Cycles: 7
[CTXSW] Cycles: 9
[CTXSW] Cycles: 7
[CTXSW] Cycles: 7
[CTXSW] Cycles: 9
[CTXSW] Cycles: 7
[CTXSW] Cycles: 7
[CTXSW] Cycles: 7
[CTXSW] Cycles: 7
[CRITICAL] Cycles: 160033
[MEDIUM] Cycles: 82597
[OBSERVER] Preemption gap: 264798 cycles
[CTXSW] Cycles: 8
[CTXSW] Cycles: 6
[CTXSW] Cycles: 13
[CTXSW] Cycles: 14
[CTXSW] Cycles: 8
[CTXSW] Cycles: 7
[CTXSW] Cycles: 7
[CTXSW] Cycles: 6
[OBSERVER] Preemption gap: 24277 cycles
[CTXSW] Cycles: 7
[CTXSW] Cycles: 128
[CTXSW] Cycles: 7
[CTXSW] Cycles: 6
[CRITICAL] Cycles: 162402
[MEDIUM] Cycles: 80025
[OBSERVER] Preemption gap: 258171 cycles
[CTXSW] Cycles: 7
[CTXSW] Cycles: 7
[CTXSW] Cycles: 10
[CTXSW] Cycles: 9
[CTXSW] Cycles: 8
[CTXSW] Cycles: 7
[CTXSW] Cycles: 8
[CTXSW] Cycles: 6
[CTXSW] Cycles: 9
[CTXSW] Cycles: 7
[CTXSW] Cycles: 7
[CTXSW] Cycles: 7
[CRITICAL] Cycles: 172422
[OBSERVER] Preemption gap: 188967 cycles
[CTXSW] Cycles: 7
[CTXSW] Cycles: 8
[CTXSW] Cycles: 1095
[CTXSW] Cycles: 23
[CTXSW] Cycles: 13
[CTXSW] Cycles: 10
[CTXSW] Cycles: 50
[CTXSW] Cycles: 10
[CTXSW] Cycles: 19
[CTXSW] Cycles: 12
[CTXSW] Cycles: 17
[CTXSW] Cycles: 10
[CTXSW] Cycles: 7
[CTXSW] Cycles: 9
[CTXSW] Cycles: 218
[CTXSW] Cycles: 8
[CTXSW] Cycles: 6
[CTXSW] Cycles: 8
[CTXSW] Cycles: 7
[CRITICAL] Cycles: 160152
[MEDIUM] Cycles: 80359
[OBSERVER] Preemption gap: 262475 cycles
[CTXSW] Cycles: 8
[CTXSW] Cycles: 7
[CTXSW] Cycles: 19
[CTXSW] Cycles: 16
[CTXSW] Cycles: 9
[CTXSW] Cycles: 9
[CTXSW] Cycles: 9
[CTXSW] Cycles: 6
[CTXSW] Cycles: 8
[CTXSW] Cycles: 7
[OBSERVER] Preemption gap: 25003 cycles
[CTXSW] Cycles: 8
[CTXSW] Cycles: 7
[CRITICAL] Cycles: 162902
[MEDIUM] Cycles: 80279
[OBSERVER] Preemption gap: 248501 cycles
[CTXSW] Cycles: 7
[CTXSW] Cycles: 6
[CTXSW] Cycles: 16
[CTXSW] Cycles: 28
[CTXSW] Cycles: 11
[CTXSW] Cycles: 11
[CTXSW] Cycles: 8
[CTXSW] Cycles: 6
[CTXSW] Cycles: 9
[CTXSW] Cycles: 18
[CTXSW] Cycles: 12
[CTXSW] Cycles: 7
[CRITICAL] Cycles: 160488
[OBSERVER] Preemption gap: 175294 cycles
[CTXSW] Cycles: 8
[CTXSW] Cycles: 16
[CTXSW] Cycles: 26
[CTXSW] Cycles: 10
[CTXSW] Cycles: 7
[CTXSW] Cycles: 7
[CTXSW] Cycles: 8
[CTXSW] Cycles: 8
[CTXSW] Cycles: 49
[CTXSW] Cycles: 13
[CTXSW] Cycles: 8
[CTXSW] Cycles: 8
[CTXSW] Cycles: 8
[CTXSW] Cycles: 8
[CTXSW] Cycles: 10
[CTXSW] Cycles: 12
[CTXSW] Cycles: 12
[CTXSW] Cycles: 14
[CTXSW] Cycles: 16
[CTXSW] Cycles: 11
[CTXSW] Cycles: 11
[CRITICAL] Cycles: 160481
[MEDIUM] Cycles: 80030
[OBSERVER] Preemption gap: 254361 cycles
[CTXSW] Cycles: 8
[CTXSW] Cycles: 7
[CTXSW] Cycles: 28
[CTXSW] Cycles: 21
[CTXSW] Cycles: 10
[CTXSW] Cycles: 8
[CTXSW] Cycles: 7
[CTXSW] Cycles: 8
[CTXSW] Cycles: 7
[CTXSW] Cycles: 21
[CTXSW] Cycles: 10
[CTXSW] Cycles: 105
[CRITICAL] Cycles: 160030
[MEDIUM] Cycles: 80032
[OBSERVER] Preemption gap: 261459 cycles
[CTXSW] Cycles: 10
[CTXSW] Cycles: 7
[CTXSW] Cycles: 30
[CTXSW] Cycles: 16
[CTXSW] Cycles: 9
[CTXSW] Cycles: 8
[CTXSW] Cycles: 8
[CTXSW] Cycles: 8
[CTXSW] Cycles: 8
[CTXSW] Cycles: 10
[CTXSW] Cycles: 8
[CTXSW] Cycles: 24
[CRITICAL] Cycles: 161476
[OBSERVER] Preemption gap: 174299 cycles
[CTXSW] Cycles: 9
[CTXSW] Cycles: 25
[CTXSW] Cycles: 24
[CTXSW] Cycles: 10
[CTXSW] Cycles: 8
[CTXSW] Cycles: 8
[CTXSW] Cycles: 9
[CTXSW] Cycles: 12
[CTXSW] Cycles: 29
[CTXSW] Cycles: 7
[CTXSW] Cycles: 13
[CTXSW] Cycles: 7
[CTXSW] Cycles: 20
[CTXSW] Cycles: 12
[CTXSW] Cycles: 7
[CTXSW] Cycles: 8
[CTXSW] Cycles: 7
[CTXSW] Cycles: 9
[CTXSW] Cycles: 6
[CTXSW] Cycles: 8
[CTXSW] Cycles: 6
[CRITICAL] Cycles: 162682
[MEDIUM] Cycles: 80029
[OBSERVER] Preemption gap: 255039 cycles
[CTXSW] Cycles: 8
[CTXSW] Cycles: 7
[CTXSW] Cycles: 31
[CTXSW] Cycles: 21
[CTXSW] Cycles: 11
[CTXSW] Cycles: 8
[CTXSW] Cycles: 8
[CTXSW] Cycles: 26
[CTXSW] Cycles: 14
[CTXSW] Cycles: 7
[CTXSW] Cycles: 8
[CTXSW] Cycles: 8
[CRITICAL] Cycles: 160037
[MEDIUM] Cycles: 81523
[OBSERVER] Preemption gap: 260864 cycles
[CTXSW] Cycles: 8
[CTXSW] Cycles: 7
[CTXSW] Cycles: 14
[CTXSW] Cycles: 27
[CTXSW] Cycles: 9
[CTXSW] Cycles: 15
[CTXSW] Cycles: 12
[CTXSW] Cycles: 7
[CTXSW] Cycles: 8
[CTXSW] Cycles: 8
[CTXSW] Cycles: 8
[CTXSW] Cycles: 7
[CRITICAL] Cycles: 162302
[OBSERVER] Preemption gap: 174827 cycles
[CTXSW] Cycles: 8
[CTXSW] Cycles: 7
[CTXSW] Cycles: 17
[CTXSW] Cycles: 11
[CTXSW] Cycles: 8
[CTXSW] Cycles: 8
[CTXSW] Cycles: 41
[CTXSW] Cycles: 8
[CTXSW] Cycles: 10
[CTXSW] Cycles: 9
[CTXSW] Cycles: 13
[CTXSW] Cycles: 7
[CTXSW] Cycles: 12
[CTXSW] Cycles: 7
[CTXSW] Cycles: 7
[CTXSW] Cycles: 8
[CTXSW] Cycles: 7
[CTXSW] Cycles: 8
[CTXSW] Cycles: 11
[CTXSW] Cycles: 9
[CTXSW] Cycles: 7
[CRITICAL] Cycles: 161432
[MEDIUM] Cycles: 80345
[OBSERVER] Preemption gap: 259647 cycles
[CTXSW] Cycles: 7
[CTXSW] Cycles: 111
[CTXSW] Cycles: 14
[CTXSW] Cycles: 19
[CTXSW] Cycles: 8
[CTXSW] Cycles: 7
[CTXSW] Cycles: 8
[CTXSW] Cycles: 7
[CTXSW] Cycles: 7
[CTXSW] Cycles: 7
[CTXSW] Cycles: 8
[CTXSW] Cycles: 6
[CRITICAL] Cycles: 164353
[MEDIUM] Cycles: 80025
[OBSERVER] Preemption gap: 257149 cycles
[CTXSW] Cycles: 7
[CTXSW] Cycles: 6
[CTXSW] Cycles: 16
[CTXSW] Cycles: 15
[CTXSW] Cycles: 9
[CTXSW] Cycles: 8
[CTXSW] Cycles: 8
[CTXSW] Cycles: 6
[CTXSW] Cycles: 8
[CTXSW] Cycles: 7
[CTXSW] Cycles: 8
[CTXSW] Cycles: 6
[CRITICAL] Cycles: 160139
[OBSERVER] Preemption gap: 170035 cycles
[CTXSW] Cycles: 7
[CTXSW] Cycles: 6
[CTXSW] Cycles: 14
[CTXSW] Cycles: 7
[CTXSW] Cycles: 12
[OBSERVER] Preemption gap: 26900 cycles
[CTXSW] Cycles: 8
[CTXSW] Cycles: 15
[CTXSW] Cycles: 8
[CTXSW] Cycles: 14
[CTXSW] Cycles: 9
[CTXSW] Cycles: 14
[CTXSW] Cycles: 8
[CTXSW] Cycles: 6
[CTXSW] Cycles: 7
[CTXSW] Cycles: 18
[CTXSW] Cycles: 7
[CTXSW] Cycles: 6
[CTXSW] Cycles: 8
[CTXSW] Cycles: 18
[CTXSW] Cycles: 7
[CTXSW] Cycles: 6
[CRITICAL] Cycles: 160031
[MEDIUM] Cycles: 82854
[OBSERVER] Preemption gap: 260865 cycles
[CTXSW] Cycles: 8
[CTXSW] Cycles: 7
[CTXSW] Cycles: 25
[CTXSW] Cycles: 17
[CTXSW] Cycles: 9
[CTXSW] Cycles: 8
[CTXSW] Cycles: 8
[CTXSW] Cycles: 8
[OBSERVER] Preemption gap: 24380 cycles
[CTXSW] Cycles: 8
[CTXSW] Cycles: 17
[CTXSW] Cycles: 16
[CTXSW] Cycles: 7
[CRITICAL] Cycles: 160042
[MEDIUM] Cycles: 80028
[OBSERVER] Preemption gap: 256876 cycles
[CTXSW] Cycles: 8
[CTXSW] Cycles: 6
[CTXSW] Cycles: 19
[CTXSW] Cycles: 40
[CTXSW] Cycles: 11
[CTXSW] Cycles: 7
[OBSERVER] Preemption gap: 24787 cycles
[CTXSW] Cycles: 8
[CTXSW] Cycles: 9
[CTXSW] Cycles: 8
[CTXSW] Cycles: 9
[CTXSW] Cycles: 8
[CTXSW] Cycles: 6
[CRITICAL] Cycles: 160032
[OBSERVER] Preemption gap: 180039 cycles
[CTXSW] Cycles: 7
[CTXSW] Cycles: 122
[CTXSW] Cycles: 23
[CTXSW] Cycles: 8
[CTXSW] Cycles: 6
[CTXSW] Cycles: 7
[CTXSW] Cycles: 20
[CTXSW] Cycles: 17
[CTXSW] Cycles: 16
[CTXSW] Cycles: 10
[CTXSW] Cycles: 11
[CTXSW] Cycles: 9
[CTXSW] Cycles: 15
[CTXSW] Cycles: 8
[CTXSW] Cycles: 10
[CTXSW] Cycles: 8
[CTXSW] Cycles: 6
[CTXSW] Cycles: 143
[CTXSW] Cycles: 7
[CTXSW] Cycles: 8
[CTXSW] Cycles: 18
[CRITICAL] Cycles: 160039
[MEDIUM] Cycles: 81105
[OBSERVER] Preemption gap: 260004 cycles
[CTXSW] Cycles: 11
[CTXSW] Cycles: 7
[CTXSW] Cycles: 16
[CTXSW] Cycles: 20
[CTXSW] Cycles: 8
[CTXSW] Cycles: 7
[CTXSW] Cycles: 8
[CTXSW] Cycles: 6
[CTXSW] Cycles: 8
[CTXSW] Cycles: 7
[CTXSW] Cycles: 8
[CTXSW] Cycles: 6
[CRITICAL] Cycles: 160029
[MEDIUM] Cycles: 80023
[OBSERVER] Preemption gap: 262052 cycles
[CTXSW] Cycles: 8
[CTXSW] Cycles: 7
[CTXSW] Cycles: 18
[CTXSW] Cycles: 13
[CTXSW] Cycles: 8
[CTXSW] Cycles: 7
[CTXSW] Cycles: 8
[CTXSW] Cycles: 7
[CTXSW] Cycles: 8
[CTXSW] Cycles: 7
[CTXSW] Cycles: 9
[CTXSW] Cycles: 6
[CRITICAL] Cycles: 165246
[OBSERVER] Preemption gap: 180108 cycles
[CTXSW] Cycles: 8
[CTXSW] Cycles: 7
[CTXSW] Cycles: 33
[CTXSW] Cycles: 14
[CTXSW] Cycles: 11
[OBSERVER] Preemption gap: 24790 cycles
[CTXSW] Cycles: 9
[CTXSW] Cycles: 7
[CTXSW] Cycles: 8
[CTXSW] Cycles: 38
[CTXSW] Cycles: 9
[CTXSW] Cycles: 19
[CTXSW] Cycles: 12
[CTXSW] Cycles: 8
[CTXSW] Cycles: 8
[CTXSW] Cycles: 17
[CTXSW] Cycles: 11
[CTXSW] Cycles: 8
[CTXSW] Cycles: 8
[CTXSW] Cycles: 7
[CTXSW] Cycles: 11
[CTXSW] Cycles: 120
[CRITICAL] Cycles: 160046
[MEDIUM] Cycles: 84853
[OBSERVER] Preemption gap: 254416 cycles
[CTXSW] Cycles: 8
[CTXSW] Cycles: 7
[CTXSW] Cycles: 15
[CTXSW] Cycles: 17
[CTXSW] Cycles: 9
[CTXSW] Cycles: 7
[CTXSW] Cycles: 8
[CTXSW] Cycles: 7
[CTXSW] Cycles: 8
[CTXSW] Cycles: 7
[CTXSW] Cycles: 8
[CTXSW] Cycles: 7
[CRITICAL] Cycles: 160030
[MEDIUM] Cycles: 85069
[OBSERVER] Preemption gap: 262492 cycles
[CTXSW] Cycles: 8
[CTXSW] Cycles: 7
[CTXSW] Cycles: 18
[CTXSW] Cycles: 19
[CTXSW] Cycles: 10
[CTXSW] Cycles: 8
[CTXSW] Cycles: 8
[CTXSW] Cycles: 7
[CTXSW] Cycles: 8
[CTXSW] Cycles: 6
[CTXSW] Cycles: 7
[CTXSW] Cycles: 6
[CRITICAL] Cycles: 160041
[OBSERVER] Preemption gap: 176915 cycles
[CTXSW] Cycles: 7
[CTXSW] Cycles: 6
[CTXSW] Cycles: 15
[CTXSW] Cycles: 8
[CTXSW] Cycles: 7
[CTXSW] Cycles: 8
[CTXSW] Cycles: 9
[CTXSW] Cycles: 9
[CTXSW] Cycles: 9
[CTXSW] Cycles: 7
[CTXSW] Cycles: 11
[CTXSW] Cycles: 11
[CTXSW] Cycles: 24
[CTXSW] Cycles: 8
[CTXSW] Cycles: 19
[CTXSW] Cycles: 12
[CTXSW] Cycles: 38
[CTXSW] Cycles: 10
[CTXSW] Cycles: 17
[CRITICAL] Cycles: 165207
[MEDIUM] Cycles: 80030
[OBSERVER] Preemption gap: 257243 cycles
[CTXSW] Cycles: 12
[CTXSW] Cycles: 22
[CTXSW] Cycles: 19
[CTXSW] Cycles: 22
[CTXSW] Cycles: 9
[CTXSW] Cycles: 8
[CTXSW] Cycles: 7
[CTXSW] Cycles: 6
[CTXSW] Cycles: 7
[CTXSW] Cycles: 7
[CTXSW] Cycles: 8
[CTXSW] Cycles: 6
[CRITICAL] Cycles: 163158
[MEDIUM] Cycles: 80028
[OBSERVER] Preemption gap: 256023 cycles
[CTXSW] Cycles: 7
[CTXSW] Cycles: 6
[CTXSW] Cycles: 18
[CTXSW] Cycles: 20
[CTXSW] Cycles: 9
[CTXSW] Cycles: 138
[CTXSW] Cycles: 12
[CTXSW] Cycles: 17
[CTXSW] Cycles: 11
[CTXSW] Cycles: 7
[CTXSW] Cycles: 12
[CTXSW] Cycles: 7
[CRITICAL] Cycles: 163726
[OBSERVER] Preemption gap: 176355 cycles
[CTXSW] Cycles: 8
[CTXSW] Cycles: 7
[CTXSW] Cycles: 19
[CTXSW] Cycles: 11
[CTXSW] Cycles: 25
[CTXSW] Cycles: 11
[CTXSW] Cycles: 7
[CTXSW] Cycles: 8
[CTXSW] Cycles: 7
[CTXSW] Cycles: 10
[CTXSW] Cycles: 18
[CTXSW] Cycles: 17
[CTXSW] Cycles: 132
[CTXSW] Cycles: 9
[CTXSW] Cycles: 8
[CTXSW] Cycles: 8
[CTXSW] Cycles: 44
[CTXSW] Cycles: 8
[CTXSW] Cycles: 23
[CTXSW] Cycles: 12
[CTXSW] Cycles: 29
[CRITICAL] Cycles: 160040
[MEDIUM] Cycles: 80028
[OBSERVER] Preemption gap: 256337 cycles
[CTXSW] Cycles: 10
[CTXSW] Cycles: 7
[CTXSW] Cycles: 24
[CTXSW] Cycles: 20
[CTXSW] Cycles: 12
[CTXSW] Cycles: 15
[CTXSW] Cycles: 12
[CTXSW] Cycles: 18
[CTXSW] Cycles: 12
[CTXSW] Cycles: 33
[CTXSW] Cycles: 8
[CTXSW] Cycles: 7
[CRITICAL] Cycles: 160057
[MEDIUM] Cycles: 80029
[OBSERVER] Preemption gap: 270365 cycles
[CTXSW] Cycles: 7
[CTXSW] Cycles: 7
[CTXSW] Cycles: 33
[CTXSW] Cycles: 13
[CTXSW] Cycles: 10
[CTXSW] Cycles: 7
[CTXSW] Cycles: 8
[CTXSW] Cycles: 16
[CTXSW] Cycles: 14
[CTXSW] Cycles: 9
[CRITICAL] Cycles: 160035
[OBSERVER] Preemption gap: 173599 cycles
[CTXSW] Cycles: 8
[CTXSW] Cycles: 146
[CTXSW] Cycles: 14
[CTXSW] Cycles: 11
[CTXSW] Cycles: 34
[CTXSW] Cycles: 8
[CTXSW] Cycles: 9
[CTXSW] Cycles: 9
[CTXSW] Cycles: 124
[CTXSW] Cycles: 10
[CTXSW] Cycles: 24
[CTXSW] Cycles: 14
[CTXSW] Cycles: 7
[CTXSW] Cycles: 9
[CTXSW] Cycles: 17
[CTXSW] Cycles: 11
[CTXSW] Cycles: 7
[CTXSW] Cycles: 7
[CTXSW] Cycles: 6
[CTXSW] Cycles: 7
[CTXSW] Cycles: 7
[CRITICAL] Cycles: 160044
[MEDIUM] Cycles: 80026
[OBSERVER] Preemption gap: 263454 cycles
[CTXSW] Cycles: 7
[CTXSW] Cycles: 7
[CTXSW] Cycles: 30
[CTXSW] Cycles: 19
[CTXSW] Cycles: 10
[CTXSW] Cycles: 7
[CTXSW] Cycles: 8
[CTXSW] Cycles: 14
[CTXSW] Cycles: 11
[CTXSW] Cycles: 7
[CTXSW] Cycles: 8
[CTXSW] Cycles: 6
[CRITICAL] Cycles: 160031
[MEDIUM] Cycles: 86545
[OBSERVER] Preemption gap: 263809 cycles
[CTXSW] Cycles: 8
[CTXSW] Cycles: 6
[CTXSW] Cycles: 16
[CTXSW] Cycles: 19
[CTXSW] Cycles: 9
[CTXSW] Cycles: 8
[CTXSW] Cycles: 8
[CTXSW] Cycles: 7
[CTXSW] Cycles: 8
[CTXSW] Cycles: 6
[CTXSW] Cycles: 8
[CTXSW] Cycles: 6
[CRITICAL] Cycles: 160032
[OBSERVER] Preemption gap: 178124 cycles
[CTXSW] Cycles: 7
[CTXSW] Cycles: 7
[CTXSW] Cycles: 19
[CTXSW] Cycles: 9
[CTXSW] Cycles: 10
[CTXSW] Cycles: 9
[CTXSW] Cycles: 6
[CTXSW] Cycles: 8
[CTXSW] Cycles: 15
[CTXSW] Cycles: 9
[CTXSW] Cycles: 6
[CTXSW] Cycles: 8
[CTXSW] Cycles: 23
[CTXSW] Cycles: 21
[CTXSW] Cycles: 19
[CTXSW] Cycles: 11
[CTXSW] Cycles: 7
[CTXSW] Cycles: 8
[CTXSW] Cycles: 7
[CTXSW] Cycles: 8
[CTXSW] Cycles: 6
[CRITICAL] Cycles: 160038
[MEDIUM] Cycles: 82168
[OBSERVER] Preemption gap: 257230 cycles
[CTXSW] Cycles: 8
[CTXSW] Cycles: 7
[CTXSW] Cycles: 12
[CTXSW] Cycles: 29
[CTXSW] Cycles: 8
[CTXSW] Cycles: 7
[CTXSW] Cycles: 8
[CTXSW] Cycles: 6
[CTXSW] Cycles: 16
[CTXSW] Cycles: 10
[CTXSW] Cycles: 10
[CTXSW] Cycles: 6
[CRITICAL] Cycles: 161733
[MEDIUM] Cycles: 81910
[OBSERVER] Preemption gap: 257690 cycles
[CTXSW] Cycles: 8
[CTXSW] Cycles: 7
[CTXSW] Cycles: 23
[CTXSW] Cycles: 18
[CTXSW] Cycles: 8
[CTXSW] Cycles: 8
[CTXSW] Cycles: 7
[CTXSW] Cycles: 7
[CTXSW] Cycles: 9
[CTXSW] Cycles: 7
[CTXSW] Cycles: 8
[CTXSW] Cycles: 7
[CRITICAL] Cycles: 160028
[OBSERVER] Preemption gap: 182420 cycles
[CTXSW] Cycles: 7
[CTXSW] Cycles: 6
[CTXSW] Cycles: 14
[CTXSW] Cycles: 8
[CTXSW] Cycles: 6
[CTXSW] Cycles: 7
[CTXSW] Cycles: 23
[CTXSW] Cycles: 12
[CTXSW] Cycles: 8
[CTXSW] Cycles: 8
[CTXSW] Cycles: 6
[CTXSW] Cycles: 7
[CTXSW] Cycles: 6
[CTXSW] Cycles: 7
[CTXSW] Cycles: 6
[CTXSW] Cycles: 7
[CTXSW] Cycles: 7
[CTXSW] Cycles: 10
[CTXSW] Cycles: 31
[CTXSW] Cycles: 7
[CTXSW] Cycles: 7
[CRITICAL] Cycles: 160201
[MEDIUM] Cycles: 83644
[OBSERVER] Preemption gap: 257863 cycles
[CTXSW] Cycles: 12
[CTXSW] Cycles: 7
[CTXSW] Cycles: 26
[CTXSW] Cycles: 19
[CTXSW] Cycles: 9
[CTXSW] Cycles: 27
[CTXSW] Cycles: 8
[CTXSW] Cycles: 183
[CTXSW] Cycles: 8
[CTXSW] Cycles: 19
[CTXSW] Cycles: 12
[CTXSW] Cycles: 13
[CRITICAL] Cycles: 161560
[MEDIUM] Cycles: 84462
[OBSERVER] Preemption gap: 260733 cycles
[CTXSW] Cycles: 8
[CTXSW] Cycles: 6
[CTXSW] Cycles: 32
[CTXSW] Cycles: 16
[CTXSW] Cycles: 9
[CTXSW] Cycles: 8
[CTXSW] Cycles: 8
[CTXSW] Cycles: 7
[CTXSW] Cycles: 7
[CTXSW] Cycles: 6
[CTXSW] Cycles: 7
[CTXSW] Cycles: 6
[CRITICAL] Cycles: 162386
[OBSERVER] Preemption gap: 173438 cycles
[CTXSW] Cycles: 8
[CTXSW] Cycles: 6
[CTXSW] Cycles: 13
[OBSERVER] Preemption gap: 26982 cycles
[CTXSW] Cycles: 8
[CTXSW] Cycles: 12
[CTXSW] Cycles: 8
[CTXSW] Cycles: 32
[CTXSW] Cycles: 11
[CTXSW] Cycles: 136
[CTXSW] Cycles: 9
[CTXSW] Cycles: 21
[CTXSW] Cycles: 11
[CTXSW] Cycles: 17
[CTXSW] Cycles: 11
[CTXSW] Cycles: 6
[CTXSW] Cycles: 9
[CTXSW] Cycles: 7
[CTXSW] Cycles: 8
[CTXSW] Cycles: 7
[CRITICAL] Cycles: 160052
[MEDIUM] Cycles: 80027
[OBSERVER] Preemption gap: 263642 cycles
[CTXSW] Cycles: 7
[CTXSW] Cycles: 7
[CTXSW] Cycles: 24
[CTXSW] Cycles: 18
[CTXSW] Cycles: 10
[CTXSW] Cycles: 54
[CTXSW] Cycles: 8
[CTXSW] Cycles: 6
[CTXSW] Cycles: 8
[CTXSW] Cycles: 7
[CRITICAL] Cycles: 160649
[MEDIUM] Cycles: 80023
[OBSERVER] Preemption gap: 254225 cycles
[CTXSW] Cycles: 8
[CTXSW] Cycles: 6
[CTXSW] Cycles: 20
[CTXSW] Cycles: 15
[CTXSW] Cycles: 9
[CTXSW] Cycles: 16
[CTXSW] Cycles: 12
[CTXSW] Cycles: 6
[CTXSW] Cycles: 8
[CTXSW] Cycles: 15
[CTXSW] Cycles: 12
[CTXSW] Cycles: 121
[CRITICAL] Cycles: 160032
[OBSERVER] Preemption gap: 182421 cycles
[CTXSW] Cycles: 8
[CTXSW] Cycles: 8
[CTXSW] Cycles: 19
[CTXSW] Cycles: 11
[CTXSW] Cycles: 9
[CTXSW] Cycles: 8
[CTXSW] Cycles: 27
[CTXSW] Cycles: 10
[CTXSW] Cycles: 8
[CTXSW] Cycles: 7
[CTXSW] Cycles: 24
[CTXSW] Cycles: 9
[CTXSW] Cycles: 7
[CTXSW] Cycles: 8
[CTXSW] Cycles: 7
[CTXSW] Cycles: 8
[CTXSW] Cycles: 6
[CTXSW] Cycles: 7
[CTXSW] Cycles: 6
[CTXSW] Cycles: 8
[CTXSW] Cycles: 18
[CRITICAL] Cycles: 161893
[MEDIUM] Cycles: 80963
[OBSERVER] Preemption gap: 256439 cycles
[CTXSW] Cycles: 7
[CTXSW] Cycles: 7
[CTXSW] Cycles: 26
[CTXSW] Cycles: 18
[CTXSW] Cycles: 7
[CTXSW] Cycles: 7
[CTXSW] Cycles: 8
[CTXSW] Cycles: 6
[CTXSW] Cycles: 8
[CTXSW] Cycles: 7
[CTXSW] Cycles: 8
[CTXSW] Cycles: 8
[CRITICAL] Cycles: 162724
[MEDIUM] Cycles: 89366
[OBSERVER] Preemption gap: 263120 cycles
[CTXSW] Cycles: 7
[CTXSW] Cycles: 6
[CTXSW] Cycles: 18
[CTXSW] Cycles: 26
[CTXSW] Cycles: 9
[CTXSW] Cycles: 7
[CTXSW] Cycles: 8
[CTXSW] Cycles: 9
[CTXSW] Cycles: 8
[CTXSW] Cycles: 8
[CTXSW] Cycles: 8
[CTXSW] Cycles: 46
[CRITICAL] Cycles: 160029
[OBSERVER] Preemption gap: 182826 cycles
[CTXSW] Cycles: 10
[CTXSW] Cycles: 7
[CTXSW] Cycles: 22
[CTXSW] Cycles: 9
[CTXSW] Cycles: 54
[CTXSW] Cycles: 14
[CTXSW] Cycles: 18
[CTXSW] Cycles: 11
[CTXSW] Cycles: 6
[CTXSW] Cycles: 11
[CTXSW] Cycles: 15
[CTXSW] Cycles: 13
[CTXSW] Cycles: 7
[CTXSW] Cycles: 8
[CTXSW] Cycles: 7
[CTXSW] Cycles: 7
[CTXSW] Cycles: 8
[CTXSW] Cycles: 9
[CTXSW] Cycles: 7
[CTXSW] Cycles: 8
[CTXSW] Cycles: 7
[CRITICAL] Cycles: 160047
[MEDIUM] Cycles: 80026
[OBSERVER] Preemption gap: 262998 cycles
[CTXSW] Cycles: 7
[CTXSW] Cycles: 6
[CTXSW] Cycles: 33
[CTXSW] Cycles: 18
[CTXSW] Cycles: 8
[CTXSW] Cycles: 7
[CTXSW] Cycles: 8
[CTXSW] Cycles: 6
[CTXSW] Cycles: 8
[CTXSW] Cycles: 6
[CTXSW] Cycles: 8
[CTXSW] Cycles: 6
[CRITICAL] Cycles: 160984
[MEDIUM] Cycles: 81318
[OBSERVER] Preemption gap: 256778 cycles
[CTXSW] Cycles: 8
[CTXSW] Cycles: 7
[CTXSW] Cycles: 16
[CTXSW] Cycles: 14
[CTXSW] Cycles: 8
[CTXSW] Cycles: 8
[CTXSW] Cycles: 8
[CTXSW] Cycles: 6
[CTXSW] Cycles: 8
[CTXSW] Cycles: 6
[CTXSW] Cycles: 8
[CTXSW] Cycles: 6
[CRITICAL] Cycles: 164104
[OBSERVER] Preemption gap: 176024 cycles
[CTXSW] Cycles: 8
[CTXSW] Cycles: 6
[CTXSW] Cycles: 17
[CTXSW] Cycles: 8
[CTXSW] Cycles: 7
[CTXSW] Cycles: 8
[CTXSW] Cycles: 21
[CTXSW] Cycles: 8
[CTXSW] Cycles: 8
[CTXSW] Cycles: 8
[CTXSW] Cycles: 6
[CTXSW] Cycles: 7
[CTXSW] Cycles: 7
[OBSERVER] Preemption gap: 24916 cycles
[CTXSW] Cycles: 7
[CTXSW] Cycles: 6
[CTXSW] Cycles: 7
[CTXSW] Cycles: 7
[CTXSW] Cycles: 7
[CTXSW] Cycles: 7
[CTXSW] Cycles: 8
[CTXSW] Cycles: 6
[CRITICAL] Cycles: 160026
[MEDIUM] Cycles: 80029
[OBSERVER] Preemption gap: 254474 cycles
[CTXSW] Cycles: 8
[CTXSW] Cycles: 6
[CTXSW] Cycles: 11
[CTXSW] Cycles: 17
[CTXSW] Cycles: 8
[CTXSW] Cycles: 7
[CTXSW] Cycles: 8
[CTXSW] Cycles: 11
[CTXSW] Cycles: 18
[CTXSW] Cycles: 7
[CTXSW] Cycles: 8
[CTXSW] Cycles: 7
[CRITICAL] Cycles: 163419
[MEDIUM] Cycles: 80030
[OBSERVER] Preemption gap: 254555 cycles
[CTXSW] Cycles: 8
[CTXSW] Cycles: 6
[CTXSW] Cycles: 18
[CTXSW] Cycles: 24
[CTXSW] Cycles: 12
[CTXSW] Cycles: 7
[CTXSW] Cycles: 7
[CTXSW] Cycles: 6
[CTXSW] Cycles: 8
[CTXSW] Cycles: 9
[CTXSW] Cycles: 7
[CTXSW] Cycles: 21
[CRITICAL] Cycles: 160028
[OBSERVER] Preemption gap: 175813 cycles
[CTXSW] Cycles: 13
[CTXSW] Cycles: 11
[CTXSW] Cycles: 12
[CTXSW] Cycles: 8
[CTXSW] Cycles: 15
[CTXSW] Cycles: 7
[CTXSW] Cycles: 8
[CTXSW] Cycles: 8
[CTXSW] Cycles: 12
[CTXSW] Cycles: 8
[CTXSW] Cycles: 23
[CTXSW] Cycles: 10
[CTXSW] Cycles: 11
[CTXSW] Cycles: 9
[CTXSW] Cycles: 8
[CTXSW] Cycles: 18
[CTXSW] Cycles: 6
[CTXSW] Cycles: 8
[CTXSW] Cycles: 7
[CTXSW] Cycles: 9
[CTXSW] Cycles: 6
[CRITICAL] Cycles: 160678
[MEDIUM] Cycles: 80027
[OBSERVER] Preemption gap: 258860 cycles
[CTXSW] Cycles: 8
[CTXSW] Cycles: 7
[CTXSW] Cycles: 18
[CTXSW] Cycles: 10
[CTXSW] Cycles: 9
[CTXSW] Cycles: 7
[CTXSW] Cycles: 8
[CTXSW] Cycles: 7
[CTXSW] Cycles: 7
[CTXSW] Cycles: 7
[CTXSW] Cycles: 7
[CTXSW] Cycles: 6
[CRITICAL] Cycles: 160039
[MEDIUM] Cycles: 80029
[OBSERVER] Preemption gap: 259061 cycles
[CTXSW] Cycles: 7
[CTXSW] Cycles: 7
[CTXSW] Cycles: 10
[CTXSW] Cycles: 18
[CTXSW] Cycles: 9
[CTXSW] Cycles: 8
[CTXSW] Cycles: 8
[CTXSW] Cycles: 13
[CTXSW] Cycles: 10
[CTXSW] Cycles: 7
[CTXSW] Cycles: 18
[CTXSW] Cycles: 6
[CRITICAL] Cycles: 160422
[OBSERVER] Preemption gap: 174420 cycles
[CTXSW] Cycles: 7
[CTXSW] Cycles: 7
[CTXSW] Cycles: 18
[CTXSW] Cycles: 8
[CTXSW] Cycles: 27
[CTXSW] Cycles: 10
[CTXSW] Cycles: 8
[CTXSW] Cycles: 9
[CTXSW] Cycles: 17
[CTXSW] Cycles: 10
[CTXSW] Cycles: 8
[CTXSW] Cycles: 8
[CTXSW] Cycles: 36
[CTXSW] Cycles: 7
[CTXSW] Cycles: 6
[CTXSW] Cycles: 8
[CTXSW] Cycles: 6
[CTXSW] Cycles: 8
[CTXSW] Cycles: 7
[CTXSW] Cycles: 7
[CTXSW] Cycles: 6
[CRITICAL] Cycles: 160036
[MEDIUM] Cycles: 80030
[OBSERVER] Preemption gap: 259059 cycles
[CTXSW] Cycles: 8
[CTXSW] Cycles: 6
[CTXSW] Cycles: 14
[CTXSW] Cycles: 14
[CTXSW] Cycles: 7
[CTXSW] Cycles: 7
[CTXSW] Cycles: 7
[CTXSW] Cycles: 7
[CTXSW] Cycles: 7
[CTXSW] Cycles: 6
[CTXSW] Cycles: 8
[CTXSW] Cycles: 20
[CRITICAL] Cycles: 160047
[MEDIUM] Cycles: 80061
[OBSERVER] Preemption gap: 253824 cycles
[CTXSW] Cycles: 12
[CTXSW] Cycles: 41
[CTXSW] Cycles: 21
[CTXSW] Cycles: 21
[CTXSW] Cycles: 8
[CTXSW] Cycles: 9
[CTXSW] Cycles: 7
[CTXSW] Cycles: 7
[CTXSW] Cycles: 24
[CTXSW] Cycles: 2809
[CTXSW] Cycles: 14
[CTXSW] Cycles: 8
[CRITICAL] Cycles: 160042
[OBSERVER] Preemption gap: 180263 cycles
[CTXSW] Cycles: 9
[CTXSW] Cycles: 7
[CTXSW] Cycles: 22
[CTXSW] Cycles: 9
[CTXSW] Cycles: 6
[CTXSW] Cycles: 7
[CTXSW] Cycles: 11
[CTXSW] Cycles: 8
[CTXSW] Cycles: 21
[CTXSW] Cycles: 11
[CTXSW] Cycles: 37
[CTXSW] Cycles: 9
[CTXSW] Cycles: 7
[CTXSW] Cycles: 8
[CTXSW] Cycles: 6
[CTXSW] Cycles: 13
[CTXSW] Cycles: 6
[CTXSW] Cycles: 8
[CTXSW] Cycles: 6
[CTXSW] Cycles: 8
[CTXSW] Cycles: 6
[CRITICAL] Cycles: 162023
[MEDIUM] Cycles: 80029
[OBSERVER] Preemption gap: 255236 cycles
[CTXSW] Cycles: 8
[CTXSW] Cycles: 7
[CTXSW] Cycles: 19
[CTXSW] Cycles: 18
[CTXSW] Cycles: 7
[CTXSW] Cycles: 6
[CTXSW] Cycles: 7
[CTXSW] Cycles: 9
[CTXSW] Cycles: 8
[CTXSW] Cycles: 6
[CTXSW] Cycles: 7
[CTXSW] Cycles: 7
[CRITICAL] Cycles: 163082
[MEDIUM] Cycles: 80030
[OBSERVER] Preemption gap: 259283 cycles
[CTXSW] Cycles: 7
[CTXSW] Cycles: 9
[CTXSW] Cycles: 39
[CTXSW] Cycles: 16
[CTXSW] Cycles: 10
[CTXSW] Cycles: 18
[CTXSW] Cycles: 12
[CTXSW] Cycles: 37
[CTXSW] Cycles: 12
[CTXSW] Cycles: 11
[CTXSW] Cycles: 8
[CTXSW] Cycles: 19
[CRITICAL] Cycles: 160038
[OBSERVER] Preemption gap: 181963 cycles
[CTXSW] Cycles: 7
[CTXSW] Cycles: 7
[CTXSW] Cycles: 28
[CTXSW] Cycles: 10
[CTXSW] Cycles: 125
[CTXSW] Cycles: 9
[CTXSW] Cycles: 7
[CTXSW] Cycles: 8
[CTXSW] Cycles: 139
[CTXSW] Cycles: 12
[CTXSW] Cycles: 21
[CTXSW] Cycles: 13
[CTXSW] Cycles: 8
[CTXSW] Cycles: 8
[CTXSW] Cycles: 7
[CTXSW] Cycles: 18
[CTXSW] Cycles: 6
[CTXSW] Cycles: 8
[CTXSW] Cycles: 6
[CTXSW] Cycles: 7
[CTXSW] Cycles: 6
[CRITICAL] Cycles: 160043
[MEDIUM] Cycles: 80027
[OBSERVER] Preemption gap: 263907 cycles
[CTXSW] Cycles: 8
[CTXSW] Cycles: 6
[CTXSW] Cycles: 23
[CTXSW] Cycles: 20
[CTXSW] Cycles: 8
[CTXSW] Cycles: 14
[CTXSW] Cycles: 8
[CTXSW] Cycles: 6
[CTXSW] Cycles: 7
[CTXSW] Cycles: 7
[CTXSW] Cycles: 8
[CTXSW] Cycles: 8
[CRITICAL] Cycles: 160033
[MEDIUM] Cycles: 80028
[OBSERVER] Preemption gap: 262618 cycles
[CTXSW] Cycles: 7
[CTXSW] Cycles: 7
[CTXSW] Cycles: 27
[CTXSW] Cycles: 24
[CTXSW] Cycles: 8
[CTXSW] Cycles: 6
[CTXSW] Cycles: 8
[CTXSW] Cycles: 6
[CTXSW] Cycles: 7
[CTXSW] Cycles: 20
[CTXSW] Cycles: 13
[CTXSW] Cycles: 8
[CRITICAL] Cycles: 160163
[OBSERVER] Preemption gap: 174874 cycles
[CTXSW] Cycles: 8
[CTXSW] Cycles: 15
[CTXSW] Cycles: 30
[CTXSW] Cycles: 11
[CTXSW] Cycles: 7
[CTXSW] Cycles: 8
[CTXSW] Cycles: 10
[CTXSW] Cycles: 8
[CTXSW] Cycles: 7
[CTXSW] Cycles: 8
[CTXSW] Cycles: 6
[CTXSW] Cycles: 7
[CTXSW] Cycles: 7
[CTXSW] Cycles: 8
[CTXSW] Cycles: 7
[CTXSW] Cycles: 7
[CTXSW] Cycles: 6
[CTXSW] Cycles: 7
[CTXSW] Cycles: 7
[CTXSW] Cycles: 8
[CTXSW] Cycles: 7
[CRITICAL] Cycles: 160031
[MEDIUM] Cycles: 80030
[OBSERVER] Preemption gap: 261829 cycles
[CTXSW] Cycles: 8
[CTXSW] Cycles: 7
[CTXSW] Cycles: 16
[CTXSW] Cycles: 13
[CTXSW] Cycles: 7
[CTXSW] Cycles: 7
[CTXSW] Cycles: 7
[CTXSW] Cycles: 7
[CTXSW] Cycles: 7
[CTXSW] Cycles: 7
[CTXSW] Cycles: 7
[CTXSW] Cycles: 6
[CRITICAL] Cycles: 160022
[MEDIUM] Cycles: 80024
[OBSERVER] Preemption gap: 260828 cycles
[CTXSW] Cycles: 8
[CTXSW] Cycles: 6
[CTXSW] Cycles: 13
[CTXSW] Cycles: 13
[CTXSW] Cycles: 8
[CTXSW] Cycles: 8
[CTXSW] Cycles: 8
[CTXSW] Cycles: 6
[CTXSW] Cycles: 8
[CTXSW] Cycles: 7
[CTXSW] Cycles: 8
[CTXSW] Cycles: 6
[CRITICAL] Cycles: 161689
[OBSERVER] Preemption gap: 177384 cycles
[CTXSW] Cycles: 7
[CTXSW] Cycles: 6
[CTXSW] Cycles: 8
[CTXSW] Cycles: 8
[CTXSW] Cycles: 8
[CTXSW] Cycles: 8
[CTXSW] Cycles: 24
[CTXSW] Cycles: 12
[CTXSW] Cycles: 15
[CTXSW] Cycles: 11
[CTXSW] Cycles: 7
[OBSERVER] Preemption gap: 24594 cycles
[CTXSW] Cycles: 8
[CTXSW] Cycles: 15
[CTXSW] Cycles: 11
[CTXSW] Cycles: 7
[CTXSW] Cycles: 7
[CTXSW] Cycles: 7
[CTXSW] Cycles: 7
[CTXSW] Cycles: 6
[CTXSW] Cycles: 8
[CTXSW] Cycles: 81
[CRITICAL] Cycles: 160029
[MEDIUM] Cycles: 80029
[OBSERVER] Preemption gap: 266545 cycles
[CTXSW] Cycles: 8
[CTXSW] Cycles: 6
[CTXSW] Cycles: 21
[CTXSW] Cycles: 25
[CTXSW] Cycles: 9
[CTXSW] Cycles: 8
[OBSERVER] Preemption gap: 25708 cycles
[CTXSW] Cycles: 8
[CTXSW] Cycles: 20
[CTXSW] Cycles: 16
[CTXSW] Cycles: 7
[CTXSW] Cycles: 9
[CTXSW] Cycles: 20
[CRITICAL] Cycles: 160048
[MEDIUM] Cycles: 80027
[OBSERVER] Preemption gap: 264924 cycles
[CTXSW] Cycles: 10
[CTXSW] Cycles: 9
[CTXSW] Cycles: 22
[CTXSW] Cycles: 19
[CTXSW] Cycles: 9
[CTXSW] Cycles: 7
[CTXSW] Cycles: 7
[CTXSW] Cycles: 37
[CTXSW] Cycles: 8
[CTXSW] Cycles: 6
[CTXSW] Cycles: 7
[CTXSW] Cycles: 6
[CRITICAL] Cycles: 160027
[OBSERVER] Preemption gap: 181073 cycles
[CTXSW] Cycles: 7
[CTXSW] Cycles: 6
[CTXSW] Cycles: 10
[CTXSW] Cycles: 7
[CTXSW] Cycles: 7
[CTXSW] Cycles: 8
[CTXSW] Cycles: 8
[CTXSW] Cycles: 10
[CTXSW] Cycles: 7
[CTXSW] Cycles: 8
[CTXSW] Cycles: 7
[CTXSW] Cycles: 7
[CTXSW] Cycles: 7
[OBSERVER] Preemption gap: 24326 cycles
[CTXSW] Cycles: 19
[CTXSW] Cycles: 7
[CTXSW] Cycles: 8
[CTXSW] Cycles: 7
[CTXSW] Cycles: 8
[CTXSW] Cycles: 6
[OBSERVER] Preemption gap: 26856 cycles
[CTXSW] Cycles: 8
[CTXSW] Cycles: 7
[CRITICAL] Cycles: 160021
[MEDIUM] Cycles: 80018
[OBSERVER] Preemption gap: 249604 cycles
[CTXSW] Cycles: 8
[CTXSW] Cycles: 6
[CTXSW] Cycles: 9
[CTXSW] Cycles: 14
[CTXSW] Cycles: 8
[CTXSW] Cycles: 7
[CTXSW] Cycles: 8
[CTXSW] Cycles: 7
[CTXSW] Cycles: 7
[CTXSW] Cycles: 110
[OBSERVER] Preemption gap: 24025 cycles
[CTXSW] Cycles: 8
[CTXSW] Cycles: 6
[CRITICAL] Cycles: 160025
[MEDIUM] Cycles: 80026
[OBSERVER] Preemption gap: 249294 cycles
[CTXSW] Cycles: 8
[CTXSW] Cycles: 6
[CTXSW] Cycles: 19
[CTXSW] Cycles: 13
[CTXSW] Cycles: 8
[CTXSW] Cycles: 7
[CTXSW] Cycles: 8
[CTXSW] Cycles: 7
[CTXSW] Cycles: 7
[CTXSW] Cycles: 7
[CTXSW] Cycles: 7
[CTXSW] Cycles: 7
[CRITICAL] Cycles: 160028
[OBSERVER] Preemption gap: 178750 cycles
[CTXSW] Cycles: 7
[CTXSW] Cycles: 6
[CTXSW] Cycles: 11
[CTXSW] Cycles: 8
[CTXSW] Cycles: 7
[CTXSW] Cycles: 9
[CTXSW] Cycles: 10
[CTXSW] Cycles: 7
[CTXSW] Cycles: 7
[CTXSW] Cycles: 8
[CTXSW] Cycles: 7
[CTXSW] Cycles: 7
[CTXSW] Cycles: 6
[CTXSW] Cycles: 22
[CTXSW] Cycles: 6
[OBSERVER] Preemption gap: 24808 cycles
[CTXSW] Cycles: 8
[CTXSW] Cycles: 32
[CTXSW] Cycles: 8
[CTXSW] Cycles: 6
[CTXSW] Cycles: 7
[CTXSW] Cycles: 6
[CRITICAL] Cycles: 160023
[MEDIUM] Cycles: 83533
[OBSERVER] Preemption gap: 258799 cycles
[CTXSW] Cycles: 7
[CTXSW] Cycles: 6
[CTXSW] Cycles: 9
[CTXSW] Cycles: 10
[CTXSW] Cycles: 7
[CTXSW] Cycles: 7
[CTXSW] Cycles: 7
[CTXSW] Cycles: 6
[CTXSW] Cycles: 7
[CTXSW] Cycles: 6
[OBSERVER] Preemption gap: 28803 cycles
[CTXSW] Cycles: 7
[CTXSW] Cycles: 6
[CRITICAL] Cycles: 162848
[MEDIUM] Cycles: 80022
[OBSERVER] Preemption gap: 247764 cycles
[CTXSW] Cycles: 8
[CTXSW] Cycles: 5
[CTXSW] Cycles: 18
[CTXSW] Cycles: 14
[CTXSW] Cycles: 8
[CTXSW] Cycles: 7
[CTXSW] Cycles: 8
[CTXSW] Cycles: 6
[CTXSW] Cycles: 7
[CTXSW] Cycles: 6
[CTXSW] Cycles: 8
[CTXSW] Cycles: 5
[CRITICAL] Cycles: 160043
[OBSERVER] Preemption gap: 174182 cycles
[CTXSW] Cycles: 8
[CTXSW] Cycles: 6
[CTXSW] Cycles: 23
[CTXSW] Cycles: 11
[CTXSW] Cycles: 18
[CTXSW] Cycles: 12
[CTXSW] Cycles: 9
[CTXSW] Cycles: 9
[CTXSW] Cycles: 7
[CTXSW] Cycles: 11
[CTXSW] Cycles: 24
[CTXSW] Cycles: 17
[CTXSW] Cycles: 8
[CTXSW] Cycles: 8
[CTXSW] Cycles: 13
[CTXSW] Cycles: 10
[CTXSW] Cycles: 7
[OBSERVER] Preemption gap: 24582 cycles
[CTXSW] Cycles: 12
[CTXSW] Cycles: 6
[CTXSW] Cycles: 8
[CTXSW] Cycles: 6
[CRITICAL] Cycles: 165176
[MEDIUM] Cycles: 80030
[OBSERVER] Preemption gap: 260672 cycles
[CTXSW] Cycles: 7
[CTXSW] Cycles: 6
[CTXSW] Cycles: 11
[CTXSW] Cycles: 18
[CTXSW] Cycles: 8
[CTXSW] Cycles: 7
[CTXSW] Cycles: 8
[CTXSW] Cycles: 7
[CTXSW] Cycles: 7
[CTXSW] Cycles: 6
[CTXSW] Cycles: 8
[CTXSW] Cycles: 6
[CRITICAL] Cycles: 162382
[MEDIUM] Cycles: 80026
[OBSERVER] Preemption gap: 260539 cycles
[CTXSW] Cycles: 8
[CTXSW] Cycles: 6
[CTXSW] Cycles: 19
[CTXSW] Cycles: 15
[CTXSW] Cycles: 7
[CTXSW] Cycles: 7
[CTXSW] Cycles: 7
[CTXSW] Cycles: 7
[OBSERVER] Preemption gap: 29898 cycles
[CTXSW] Cycles: 7
[CTXSW] Cycles: 17
[CRITICAL] Cycles: 165533
[OBSERVER] Preemption gap: 182330 cycles
[CTXSW] Cycles: 8
[CTXSW] Cycles: 8
[CTXSW] Cycles: 20
[CTXSW] Cycles: 10
[CTXSW] Cycles: 8
[CTXSW] Cycles: 8
[CTXSW] Cycles: 9
[CTXSW] Cycles: 8
[CTXSW] Cycles: 24
[CTXSW] Cycles: 9
[CTXSW] Cycles: 6
[CTXSW] Cycles: 8
[CTXSW] Cycles: 7
[CTXSW] Cycles: 7
[CTXSW] Cycles: 6
[CTXSW] Cycles: 7
[CTXSW] Cycles: 7
[CTXSW] Cycles: 10
[CTXSW] Cycles: 7
[CTXSW] Cycles: 8
[CTXSW] Cycles: 6
[CRITICAL] Cycles: 160031
[MEDIUM] Cycles: 80037
[OBSERVER] Preemption gap: 262625 cycles
[CTXSW] Cycles: 8
[CTXSW] Cycles: 6
[CTXSW] Cycles: 22
[CTXSW] Cycles: 22
[CTXSW] Cycles: 11
[CTXSW] Cycles: 130
[CTXSW] Cycles: 8
[CTXSW] Cycles: 9
[CTXSW] Cycles: 8
[CTXSW] Cycles: 90
[CTXSW] Cycles: 12
[CTXSW] Cycles: 11
[CRITICAL] Cycles: 160215
[MEDIUM] Cycles: 80423
[OBSERVER] Preemption gap: 254915 cycles
[CTXSW] Cycles: 16
[CTXSW] Cycles: 8
[CTXSW] Cycles: 16
[CTXSW] Cycles: 23
[CTXSW] Cycles: 9
[CTXSW] Cycles: 7
[CTXSW] Cycles: 8
[CTXSW] Cycles: 7
[CTXSW] Cycles: 8
[CTXSW] Cycles: 6
[CTXSW] Cycles: 9
[CTXSW] Cycles: 7
[CRITICAL] Cycles: 160154
[OBSERVER] Preemption gap: 173048 cycles
[CTXSW] Cycles: 8
[CTXSW] Cycles: 6
[CTXSW] Cycles: 15
[CTXSW] Cycles: 10
[CTXSW] Cycles: 7
[CTXSW] Cycles: 8
[CTXSW] Cycles: 6
[CTXSW] Cycles: 8
[CTXSW] Cycles: 6
[CTXSW] Cycles: 7
[CTXSW] Cycles: 13
[CTXSW] Cycles: 8
[CTXSW] Cycles: 8
[CTXSW] Cycles: 14
[CTXSW] Cycles: 8
[CTXSW] Cycles: 7
[CTXSW] Cycles: 12
[CTXSW] Cycles: 8
[CTXSW] Cycles: 20
[CTXSW] Cycles: 15
[CTXSW] Cycles: 12
[CRITICAL] Cycles: 160033
[MEDIUM] Cycles: 80028
[OBSERVER] Preemption gap: 249618 cycles
[CTXSW] Cycles: 8
[CTXSW] Cycles: 6
[CTXSW] Cycles: 16
[CTXSW] Cycles: 20
[CTXSW] Cycles: 11
[CTXSW] Cycles: 7
[CTXSW] Cycles: 8
[CTXSW] Cycles: 6
[CTXSW] Cycles: 8
[CTXSW] Cycles: 7
[OBSERVER] Preemption gap: 24169 cycles
[CTXSW] Cycles: 8
[CTXSW] Cycles: 8
[CRITICAL] Cycles: 160038
[MEDIUM] Cycles: 80037
[OBSERVER] Preemption gap: 253504 cycles
[CTXSW] Cycles: 9
[CTXSW] Cycles: 19
[CTXSW] Cycles: 20
[CTXSW] Cycles: 21
[CTXSW] Cycles: 9
[CTXSW] Cycles: 8
[CTXSW] Cycles: 8
[CTXSW] Cycles: 24
[CTXSW] Cycles: 12
[CTXSW] Cycles: 6
[CTXSW] Cycles: 8
[CTXSW] Cycles: 7
[CRITICAL] Cycles: 160049
[OBSERVER] Preemption gap: 167451 cycles
[CTXSW] Cycles: 8
[CTXSW] Cycles: 7
[CTXSW] Cycles: 33
[CTXSW] Cycles: 9
[CTXSW] Cycles: 9
[CTXSW] Cycles: 9
[CTXSW] Cycles: 29
[CTXSW] Cycles: 12
[CTXSW] Cycles: 12
[CTXSW] Cycles: 9
[CTXSW] Cycles: 37
[CTXSW] Cycles: 18
[CTXSW] Cycles: 8
[CTXSW] Cycles: 14
[CTXSW] Cycles: 9
[CTXSW] Cycles: 8
[CTXSW] Cycles: 21
[CTXSW] Cycles: 16
[CTXSW] Cycles: 18
[CTXSW] Cycles: 12
[CTXSW] Cycles: 7
[CRITICAL] Cycles: 162829
[MEDIUM] Cycles: 80030
[OBSERVER] Preemption gap: 257743 cycles
[CTXSW] Cycles: 9
[CTXSW] Cycles: 8
[CTXSW] Cycles: 15
[CTXSW] Cycles: 28
[CTXSW] Cycles: 8
[CTXSW] Cycles: 9
[CTXSW] Cycles: 7
[CTXSW] Cycles: 7
[CTXSW] Cycles: 7
[CTXSW] Cycles: 9
[CTXSW] Cycles: 8
[CTXSW] Cycles: 7
[CRITICAL] Cycles: 160033
[MEDIUM] Cycles: 81350
[OBSERVER] Preemption gap: 253818 cycles
[CTXSW] Cycles: 8
[CTXSW] Cycles: 112
[CTXSW] Cycles: 14
[CTXSW] Cycles: 18
[CTXSW] Cycles: 9
[CTXSW] Cycles: 9
[CTXSW] Cycles: 8
[CTXSW] Cycles: 7
[CTXSW] Cycles: 7
[CTXSW] Cycles: 7
[CTXSW] Cycles: 8
[CTXSW] Cycles: 6
[CRITICAL] Cycles: 160024
[OBSERVER] Preemption gap: 172151 cycles
[CTXSW] Cycles: 7
[CTXSW] Cycles: 7
[CTXSW] Cycles: 15
[CTXSW] Cycles: 7
[CTXSW] Cycles: 10
[CTXSW] Cycles: 8
[CTXSW] Cycles: 19
[CTXSW] Cycles: 8
[CTXSW] Cycles: 11
[CTXSW] Cycles: 9
[CTXSW] Cycles: 20
[CTXSW] Cycles: 12
[CTXSW] Cycles: 8
[CTXSW] Cycles: 8
[CTXSW] Cycles: 17
[CTXSW] Cycles: 12
[CTXSW] Cycles: 12
[CTXSW] Cycles: 9
[CTXSW] Cycles: 6
[CTXSW] Cycles: 8
[CTXSW] Cycles: 7
[CRITICAL] Cycles: 160045
[MEDIUM] Cycles: 80191
[OBSERVER] Preemption gap: 268489 cycles
[CTXSW] Cycles: 12
[CTXSW] Cycles: 7
[CTXSW] Cycles: 19
[CTXSW] Cycles: 14
[CTXSW] Cycles: 8
[CTXSW] Cycles: 7
[CTXSW] Cycles: 8
[CTXSW] Cycles: 6
[CTXSW] Cycles: 8
[CTXSW] Cycles: 6
[CRITICAL] Cycles: 160142
[MEDIUM] Cycles: 80032
[OBSERVER] Preemption gap: 262317 cycles
[CTXSW] Cycles: 8
[CTXSW] Cycles: 6
[CTXSW] Cycles: 27
[CTXSW] Cycles: 18
[CTXSW] Cycles: 9
[CTXSW] Cycles: 18
[CTXSW] Cycles: 14
[CTXSW] Cycles: 8
[OBSERVER] Preemption gap: 28866 cycles
[CTXSW] Cycles: 8
[CTXSW] Cycles: 15
[CRITICAL] Cycles: 170030
[OBSERVER] Preemption gap: 191064 cycles
[CTXSW] Cycles: 10
[CTXSW] Cycles: 7
[CTXSW] Cycles: 24
[CTXSW] Cycles: 11
[CTXSW] Cycles: 7
[CTXSW] Cycles: 8
[CTXSW] Cycles: 139
[CTXSW] Cycles: 9
[CTXSW] Cycles: 44
[CTXSW] Cycles: 12
[CTXSW] Cycles: 29
[CTXSW] Cycles: 11
[CTXSW] Cycles: 7
[CTXSW] Cycles: 8
[CTXSW] Cycles: 7
[CTXSW] Cycles: 8
[CTXSW] Cycles: 6
[CTXSW] Cycles: 8
[CTXSW] Cycles: 7
[CRITICAL] Cycles: 160033
[MEDIUM] Cycles: 80031
[OBSERVER] Preemption gap: 258784 cycles
[CTXSW] Cycles: 8
[CTXSW] Cycles: 6
[CTXSW] Cycles: 19
[CTXSW] Cycles: 21
[CTXSW] Cycles: 8
[CTXSW] Cycles: 8
[CTXSW] Cycles: 7
[CTXSW] Cycles: 7
[CTXSW] Cycles: 8
[CTXSW] Cycles: 7
[CTXSW] Cycles: 7
[CTXSW] Cycles: 6
[CRITICAL] Cycles: 160033
[MEDIUM] Cycles: 80028
[OBSERVER] Preemption gap: 267433 cycles
[CTXSW] Cycles: 8
[CTXSW] Cycles: 6
[CTXSW] Cycles: 24
[CTXSW] Cycles: 16
[CTXSW] Cycles: 9
[CTXSW] Cycles: 8
[CTXSW] Cycles: 8
[CTXSW] Cycles: 17
[CTXSW] Cycles: 13
[CTXSW] Cycles: 15
[CTXSW] Cycles: 11
[CTXSW] Cycles: 6
[CRITICAL] Cycles: 160039
[OBSERVER] Preemption gap: 170022 cycles
[CTXSW] Cycles: 8
[CTXSW] Cycles: 7
[CTXSW] Cycles: 18
[OBSERVER] Preemption gap: 25989 cycles
[CTXSW] Cycles: 9
[CTXSW] Cycles: 13
[CTXSW] Cycles: 11
[CTXSW] Cycles: 18
[CTXSW] Cycles: 16
[CTXSW] Cycles: 17
[CTXSW] Cycles: 13
[CTXSW] Cycles: 39
[CTXSW] Cycles: 9
[CTXSW] Cycles: 23
[CTXSW] Cycles: 12
[CTXSW] Cycles: 7
[CTXSW] Cycles: 8
[CTXSW] Cycles: 8
[CTXSW] Cycles: 11
[CTXSW] Cycles: 6
[CRITICAL] Cycles: 160038
[MEDIUM] Cycles: 80028
[OBSERVER] Preemption gap: 258194 cycles
[CTXSW] Cycles: 7
[CTXSW] Cycles: 7
[CTXSW] Cycles: 28
[CTXSW] Cycles: 18
[CTXSW] Cycles: 9
[CTXSW] Cycles: 25
[CTXSW] Cycles: 10
[CTXSW] Cycles: 8
[CTXSW] Cycles: 10
[CTXSW] Cycles: 9
[CTXSW] Cycles: 9
[CTXSW] Cycles: 20
[CRITICAL] Cycles: 160031
[MEDIUM] Cycles: 80092
[OBSERVER] Preemption gap: 254563 cycles
[CTXSW] Cycles: 8
[CTXSW] Cycles: 9
[CTXSW] Cycles: 17
[CTXSW] Cycles: 16
[CTXSW] Cycles: 11
[CTXSW] Cycles: 7
[OBSERVER] Preemption gap: 24417 cycles
[CTXSW] Cycles: 8
[CTXSW] Cycles: 222
[CTXSW] Cycles: 17
[CTXSW] Cycles: 7
[CTXSW] Cycles: 9
[CTXSW] Cycles: 7
[CRITICAL] Cycles: 161731
[OBSERVER] Preemption gap: 182774 cycles
[CTXSW] Cycles: 8
[CTXSW] Cycles: 7
[CTXSW] Cycles: 21
[CTXSW] Cycles: 11
[CTXSW] Cycles: 7
[CTXSW] Cycles: 8
[CTXSW] Cycles: 8
[CTXSW] Cycles: 8
[CTXSW] Cycles: 25
[CTXSW] Cycles: 8
[CTXSW] Cycles: 11
[OBSERVER] Preemption gap: 25799 cycles
[CTXSW] Cycles: 13
[CTXSW] Cycles: 19
[CTXSW] Cycles: 17
[CTXSW] Cycles: 7
[OBSERVER] Preemption gap: 25047 cycles
[CTXSW] Cycles: 7
[CTXSW] Cycles: 8
[CTXSW] Cycles: 8
[CTXSW] Cycles: 6
[CTXSW] Cycles: 8
[CTXSW] Cycles: 35
[CRITICAL] Cycles: 160035
[MEDIUM] Cycles: 85853
[OBSERVER] Preemption gap: 259234 cycles
[CTXSW] Cycles: 8
[CTXSW] Cycles: 9
[CTXSW] Cycles: 24
[CTXSW] Cycles: 16
[CTXSW] Cycles: 8
[CTXSW] Cycles: 9
[CTXSW] Cycles: 8
[CTXSW] Cycles: 12
[CTXSW] Cycles: 10
[CTXSW] Cycles: 8
[CTXSW] Cycles: 8
[CTXSW] Cycles: 6
[CRITICAL] Cycles: 160032
[MEDIUM] Cycles: 80030
[OBSERVER] Preemption gap: 257104 cycles
[CTXSW] Cycles: 7
[CTXSW] Cycles: 7
[CTXSW] Cycles: 16
[CTXSW] Cycles: 30
[CTXSW] Cycles: 7
[CTXSW] Cycles: 7
[CTXSW] Cycles: 8
[CTXSW] Cycles: 8
[CTXSW] Cycles: 7
[CTXSW] Cycles: 6
[CTXSW] Cycles: 8
[CTXSW] Cycles: 20
[CRITICAL] Cycles: 163125
[OBSERVER] Preemption gap: 179600 cycles
[CTXSW] Cycles: 15
[CTXSW] Cycles: 31
[CTXSW] Cycles: 16
[CTXSW] Cycles: 9
[CTXSW] Cycles: 8
[CTXSW] Cycles: 7
[CTXSW] Cycles: 29
[CTXSW] Cycles: 12
[CTXSW] Cycles: 10
[CTXSW] Cycles: 9
[CTXSW] Cycles: 17
[CTXSW] Cycles: 12
[CTXSW] Cycles: 7
[CTXSW] Cycles: 8
[CTXSW] Cycles: 7
[CTXSW] Cycles: 8
[CTXSW] Cycles: 6
[CTXSW] Cycles: 8
[CTXSW] Cycles: 7
[CTXSW] Cycles: 8
[CTXSW] Cycles: 6
[CRITICAL] Cycles: 160029
[MEDIUM] Cycles: 80033
[OBSERVER] Preemption gap: 262255 cycles
[CTXSW] Cycles: 8
[CTXSW] Cycles: 7
[CTXSW] Cycles: 17
[CTXSW] Cycles: 27
[CTXSW] Cycles: 11
[CTXSW] Cycles: 7
[CTXSW] Cycles: 8
[CTXSW] Cycles: 25
[CTXSW] Cycles: 12
[CTXSW] Cycles: 7
[CTXSW] Cycles: 8
[CTXSW] Cycles: 7
[CRITICAL] Cycles: 160598
[MEDIUM] Cycles: 85781
[OBSERVER] Preemption gap: 258819 cycles
[CTXSW] Cycles: 7
[CTXSW] Cycles: 6
[CTXSW] Cycles: 14
[CTXSW] Cycles: 22
[CTXSW] Cycles: 8
[CTXSW] Cycles: 7
[CTXSW] Cycles: 9
[CTXSW] Cycles: 7
[CTXSW] Cycles: 8
[CTXSW] Cycles: 7
[CTXSW] Cycles: 8
[CTXSW] Cycles: 7
[CRITICAL] Cycles: 160032
[OBSERVER] Preemption gap: 171984 cycles
[CTXSW] Cycles: 17
[CTXSW] Cycles: 20
[CTXSW] Cycles: 17
[CTXSW] Cycles: 12
[CTXSW] Cycles: 7
[CTXSW] Cycles: 7
[CTXSW] Cycles: 7
[CTXSW] Cycles: 7
[CTXSW] Cycles: 11
[CTXSW] Cycles: 9
[CTXSW] Cycles: 13
[CTXSW] Cycles: 9
[CTXSW] Cycles: 19
[CTXSW] Cycles: 10
[CTXSW] Cycles: 8
[OBSERVER] Preemption gap: 25007 cycles
[CTXSW] Cycles: 8
[CTXSW] Cycles: 7
[CTXSW] Cycles: 8
[CTXSW] Cycles: 7
[CTXSW] Cycles: 7
[CTXSW] Cycles: 7
[CRITICAL] Cycles: 160039
[MEDIUM] Cycles: 80047
[OBSERVER] Preemption gap: 255317 cycles
[CTXSW] Cycles: 8
[CTXSW] Cycles: 7
[CTXSW] Cycles: 14
[CTXSW] Cycles: 18
[CTXSW] Cycles: 10
[CTXSW] Cycles: 8
[CTXSW] Cycles: 7
[CTXSW] Cycles: 7
[CTXSW] Cycles: 8
[CTXSW] Cycles: 17
[CTXSW] Cycles: 11
[CTXSW] Cycles: 16
[CRITICAL] Cycles: 161979
[MEDIUM] Cycles: 80030
[OBSERVER] Preemption gap: 260808 cycles
[CTXSW] Cycles: 11
[CTXSW] Cycles: 15
[CTXSW] Cycles: 24
[CTXSW] Cycles: 19
[CTXSW] Cycles: 9
[CTXSW] Cycles: 7
[CTXSW] Cycles: 8
[CTXSW] Cycles: 7
[CTXSW] Cycles: 8
[CTXSW] Cycles: 7
[CTXSW] Cycles: 8
[CTXSW] Cycles: 6
[CRITICAL] Cycles: 160033
[OBSERVER] Preemption gap: 178791 cycles
[CTXSW] Cycles: 8
[CTXSW] Cycles: 7
[CTXSW] Cycles: 15
[CTXSW] Cycles: 11
[CTXSW] Cycles: 11
[CTXSW] Cycles: 9
[CTXSW] Cycles: 10
[CTXSW] Cycles: 8
[CTXSW] Cycles: 15
[CTXSW] Cycles: 11
[CTXSW] Cycles: 11
[CTXSW] Cycles: 8
[CTXSW] Cycles: 7
[CTXSW] Cycles: 7
[CTXSW] Cycles: 6
[CTXSW] Cycles: 7
[CTXSW] Cycles: 8
[CTXSW] Cycles: 8
[CTXSW] Cycles: 6
[CTXSW] Cycles: 8
[CTXSW] Cycles: 6
[CRITICAL] Cycles: 160032
[MEDIUM] Cycles: 85812
[OBSERVER] Preemption gap: 270864 cycles
[CTXSW] Cycles: 8
[CTXSW] Cycles: 6
[CTXSW] Cycles: 19
[CTXSW] Cycles: 13
[CTXSW] Cycles: 8
[CTXSW] Cycles: 7
[CTXSW] Cycles: 8
[CTXSW] Cycles: 7
[CTXSW] Cycles: 8
[CTXSW] Cycles: 19
[CRITICAL] Cycles: 161214
[MEDIUM] Cycles: 80020
[OBSERVER] Preemption gap: 256647 cycles
[CTXSW] Cycles: 7
[CTXSW] Cycles: 7
[CTXSW] Cycles: 11
[CTXSW] Cycles: 10
[CTXSW] Cycles: 7
[CTXSW] Cycles: 6
[CTXSW] Cycles: 8
[CTXSW] Cycles: 7
[CTXSW] Cycles: 7
[CTXSW] Cycles: 19
[CTXSW] Cycles: 13
[CTXSW] Cycles: 7
[CRITICAL] Cycles: 166560
[OBSERVER] Preemption gap: 182522 cycles
[CTXSW] Cycles: 8
[CTXSW] Cycles: 37
[CTXSW] Cycles: 18
[CTXSW] Cycles: 9
[CTXSW] Cycles: 8
[CTXSW] Cycles: 13
[CTXSW] Cycles: 8
[CTXSW] Cycles: 9
[CTXSW] Cycles: 17
[CTXSW] Cycles: 9
[CTXSW] Cycles: 6
[CTXSW] Cycles: 9
[CTXSW] Cycles: 32
[CTXSW] Cycles: 12
[CTXSW] Cycles: 7
[CTXSW] Cycles: 10
[CTXSW] Cycles: 11
[CTXSW] Cycles: 13
[CTXSW] Cycles: 9
[CRITICAL] Cycles: 168595
[MEDIUM] Cycles: 80030
[OBSERVER] Preemption gap: 262937 cycles
[CTXSW] Cycles: 8
[CTXSW] Cycles: 7
[CTXSW] Cycles: 28
[CTXSW] Cycles: 19
[CTXSW] Cycles: 10
[CTXSW] Cycles: 8
[CTXSW] Cycles: 7
[CTXSW] Cycles: 7
[CTXSW] Cycles: 7
[CTXSW] Cycles: 6
[OBSERVER] Preemption gap: 27746 cycles
[CTXSW] Cycles: 7
[CTXSW] Cycles: 7
[CRITICAL] Cycles: 160070
[MEDIUM] Cycles: 81127
[OBSERVER] Preemption gap: 243046 cycles
[CTXSW] Cycles: 7
[CTXSW] Cycles: 6
[CTXSW] Cycles: 11
[CTXSW] Cycles: 18
[CTXSW] Cycles: 8
[CTXSW] Cycles: 18
[CTXSW] Cycles: 13
[CTXSW] Cycles: 18
[CTXSW] Cycles: 10
[CTXSW] Cycles: 7
[CTXSW] Cycles: 7
[CTXSW] Cycles: 7
[CRITICAL] Cycles: 160160
[OBSERVER] Preemption gap: 176801 cycles
[CTXSW] Cycles: 8
[CTXSW] Cycles: 7
[CTXSW] Cycles: 11
[CTXSW] Cycles: 7
[CTXSW] Cycles: 25
[CTXSW] Cycles: 7
[CTXSW] Cycles: 13
[CTXSW] Cycles: 9
[CTXSW] Cycles: 13
[CTXSW] Cycles: 10
[CTXSW] Cycles: 27
[CTXSW] Cycles: 10
[CTXSW] Cycles: 23
[CTXSW] Cycles: 11
[CTXSW] Cycles: 8
[CTXSW] Cycles: 8
[CTXSW] Cycles: 8
[CTXSW] Cycles: 7
[CTXSW] Cycles: 7
[CTXSW] Cycles: 11
[CTXSW] Cycles: 6
[CRITICAL] Cycles: 160038
[MEDIUM] Cycles: 80028
[OBSERVER] Preemption gap: 263295 cycles
[CTXSW] Cycles: 8
[CTXSW] Cycles: 6
[CTXSW] Cycles: 17
[CTXSW] Cycles: 19
[CTXSW] Cycles: 8
[CTXSW] Cycles: 19
[CTXSW] Cycles: 15
[CTXSW] Cycles: 10
[CTXSW] Cycles: 8
[CTXSW] Cycles: 6
[CTXSW] Cycles: 7
[CTXSW] Cycles: 7
[CRITICAL] Cycles: 160146
[MEDIUM] Cycles: 80024
[OBSERVER] Preemption gap: 260282 cycles
[CTXSW] Cycles: 7
[CTXSW] Cycles: 7
[CTXSW] Cycles: 15
[CTXSW] Cycles: 22
[CTXSW] Cycles: 10
[CTXSW] Cycles: 16
[CTXSW] Cycles: 7
[CTXSW] Cycles: 25
[CTXSW] Cycles: 12
[CTXSW] Cycles: 9
[CTXSW] Cycles: 8
[CTXSW] Cycles: 7
[CRITICAL] Cycles: 160030
[OBSERVER] Preemption gap: 185345 cycles
[CTXSW] Cycles: 8
[CTXSW] Cycles: 8
[CTXSW] Cycles: 18
[CTXSW] Cycles: 10
[CTXSW] Cycles: 7
[CTXSW] Cycles: 7
[CTXSW] Cycles: 34
[CTXSW] Cycles: 7
[CTXSW] Cycles: 38
[OBSERVER] Preemption gap: 27809 cycles
[CTXSW] Cycles: 9
[CTXSW] Cycles: 8
[CTXSW] Cycles: 8
[CTXSW] Cycles: 7
[CTXSW] Cycles: 10
[CTXSW] Cycles: 7
[CTXSW] Cycles: 7
[CTXSW] Cycles: 6
[CTXSW] Cycles: 8
[CTXSW] Cycles: 32
[CTXSW] Cycles: 7
[CTXSW] Cycles: 6
[CRITICAL] Cycles: 163907
[MEDIUM] Cycles: 80029
[OBSERVER] Preemption gap: 256185 cycles
[CTXSW] Cycles: 8
[CTXSW] Cycles: 6
[CTXSW] Cycles: 13
[CTXSW] Cycles: 22
[CTXSW] Cycles: 8
[CTXSW] Cycles: 10
[CTXSW] Cycles: 7
[CTXSW] Cycles: 7
[CTXSW] Cycles: 8
[CTXSW] Cycles: 7
[CTXSW] Cycles: 7
[CTXSW] Cycles: 7
[CRITICAL] Cycles: 160034
[MEDIUM] Cycles: 83564
[OBSERVER] Preemption gap: 255510 cycles
[CTXSW] Cycles: 8
[CTXSW] Cycles: 16
[CTXSW] Cycles: 20
[CTXSW] Cycles: 18
[CTXSW] Cycles: 9
[CTXSW] Cycles: 669
[CTXSW] Cycles: 8
[CTXSW] Cycles: 7
[CTXSW] Cycles: 8
[CTXSW] Cycles: 6
[CTXSW] Cycles: 8
[CTXSW] Cycles: 7
[CRITICAL] Cycles: 160027
[OBSERVER] Preemption gap: 179211 cycles
[CTXSW] Cycles: 7
[CTXSW] Cycles: 7
[CTXSW] Cycles: 16
[CTXSW] Cycles: 9
[CTXSW] Cycles: 8
[CTXSW] Cycles: 7
[CTXSW] Cycles: 7
[CTXSW] Cycles: 8
[CTXSW] Cycles: 9
[CTXSW] Cycles: 7
[CTXSW] Cycles: 7
[CTXSW] Cycles: 8
[CTXSW] Cycles: 18
[CTXSW] Cycles: 9
[CTXSW] Cycles: 6
[CTXSW] Cycles: 8
[CTXSW] Cycles: 6
[CTXSW] Cycles: 7
[CTXSW] Cycles: 7
[CTXSW] Cycles: 7
[CTXSW] Cycles: 8
[CRITICAL] Cycles: 160038
[MEDIUM] Cycles: 80028
[OBSERVER] Preemption gap: 253484 cycles
[CTXSW] Cycles: 7
[CTXSW] Cycles: 7
[CTXSW] Cycles: 23
[CTXSW] Cycles: 23
[CTXSW] Cycles: 8
[CTXSW] Cycles: 7
[CTXSW] Cycles: 7
[CTXSW] Cycles: 7
[CTXSW] Cycles: 7
[CTXSW] Cycles: 7
[CTXSW] Cycles: 8
[CTXSW] Cycles: 7
[CRITICAL] Cycles: 160073
[MEDIUM] Cycles: 85159
[OBSERVER] Preemption gap: 258407 cycles
[CTXSW] Cycles: 8
[CTXSW] Cycles: 7
[CTXSW] Cycles: 14
[CTXSW] Cycles: 24
[CTXSW] Cycles: 10
[CTXSW] Cycles: 9
[CTXSW] Cycles: 8
[CTXSW] Cycles: 6
[CTXSW] Cycles: 7
[CTXSW] Cycles: 20
[CTXSW] Cycles: 15
[CTXSW] Cycles: 7
[CRITICAL] Cycles: 162005
[OBSERVER] Preemption gap: 174720 cycles
[CTXSW] Cycles: 8
[CTXSW] Cycles: 22
[CTXSW] Cycles: 15
[CTXSW] Cycles: 11
[CTXSW] Cycles: 10
[CTXSW] Cycles: 7
[CTXSW] Cycles: 24
[CTXSW] Cycles: 11
[CTXSW] Cycles: 8
[CTXSW] Cycles: 9
[CTXSW] Cycles: 26
[CTXSW] Cycles: 13
[CTXSW] Cycles: 8
[OBSERVER] Preemption gap: 27828 cycles
[CTXSW] Cycles: 8
[CTXSW] Cycles: 19
[CTXSW] Cycles: 8
[CTXSW] Cycles: 7
[CTXSW] Cycles: 8
[CTXSW] Cycles: 7
[CTXSW] Cycles: 7
[CTXSW] Cycles: 9
[CRITICAL] Cycles: 164581
[MEDIUM] Cycles: 80032
[OBSERVER] Preemption gap: 255925 cycles
[CTXSW] Cycles: 8
[CTXSW] Cycles: 11
[CTXSW] Cycles: 26
[CTXSW] Cycles: 17
[CTXSW] Cycles: 10
[CTXSW] Cycles: 13
[CTXSW] Cycles: 7
[CTXSW] Cycles: 7
[CTXSW] Cycles: 8
[CTXSW] Cycles: 7
[CTXSW] Cycles: 18
[CTXSW] Cycles: 6
[CRITICAL] Cycles: 165109
[MEDIUM] Cycles: 80025
[OBSERVER] Preemption gap: 261005 cycles
[CTXSW] Cycles: 8
[CTXSW] Cycles: 7
[CTXSW] Cycles: 24
[CTXSW] Cycles: 13
[CTXSW] Cycles: 7
[CTXSW] Cycles: 7
[CTXSW] Cycles: 8
[CTXSW] Cycles: 7
[CTXSW] Cycles: 8
[CTXSW] Cycles: 7
[OBSERVER] Preemption gap: 25389 cycles
[CTXSW] Cycles: 8
[CTXSW] Cycles: 18
[CRITICAL] Cycles: 160030
[OBSERVER] Preemption gap: 172810 cycles
[CTXSW] Cycles: 8
[CTXSW] Cycles: 176
[CTXSW] Cycles: 13
[CTXSW] Cycles: 7
[CTXSW] Cycles: 7
[CTXSW] Cycles: 7
[CTXSW] Cycles: 125
[OBSERVER] Preemption gap: 24229 cycles
[CTXSW] Cycles: 8
[CTXSW] Cycles: 6
[CTXSW] Cycles: 7
[CTXSW] Cycles: 10
[CTXSW] Cycles: 8
[CTXSW] Cycles: 24
[CTXSW] Cycles: 13
[CTXSW] Cycles: 18
[CTXSW] Cycles: 12
[CTXSW] Cycles: 41
[CTXSW] Cycles: 14
[CTXSW] Cycles: 7
[CTXSW] Cycles: 8
[CTXSW] Cycles: 7
[CRITICAL] Cycles: 160031
[MEDIUM] Cycles: 80026
[OBSERVER] Preemption gap: 254540 cycles
[CTXSW] Cycles: 7
[CTXSW] Cycles: 6
[CTXSW] Cycles: 15
[CTXSW] Cycles: 84
[CTXSW] Cycles: 11
[CTXSW] Cycles: 7
[CTXSW] Cycles: 8
[CTXSW] Cycles: 13
[CTXSW] Cycles: 9
[CTXSW] Cycles: 7
[CTXSW] Cycles: 9
[CTXSW] Cycles: 21
[CRITICAL] Cycles: 160785
[MEDIUM] Cycles: 90832
[OBSERVER] Preemption gap: 265679 cycles
[CTXSW] Cycles: 11
[CTXSW] Cycles: 6
[CTXSW] Cycles: 14
[CTXSW] Cycles: 22
[CTXSW] Cycles: 9
[CTXSW] Cycles: 8
[CTXSW] Cycles: 8
[CTXSW] Cycles: 28
[CTXSW] Cycles: 12
[CTXSW] Cycles: 7
[CTXSW] Cycles: 8
[CTXSW] Cycles: 7
[CRITICAL] Cycles: 160035
[OBSERVER] Preemption gap: 171042 cycles
[CTXSW] Cycles: 8
[CTXSW] Cycles: 7
[CTXSW] Cycles: 13
[CTXSW] Cycles: 11
[CTXSW] Cycles: 39
[CTXSW] Cycles: 9
[CTXSW] Cycles: 10
[OBSERVER] Preemption gap: 24339 cycles
[CTXSW] Cycles: 8
[CTXSW] Cycles: 15
[CTXSW] Cycles: 15
[CTXSW] Cycles: 10
[CTXSW] Cycles: 12
[CTXSW] Cycles: 22
[CTXSW] Cycles: 11
[CTXSW] Cycles: 13
[CTXSW] Cycles: 10
[CTXSW] Cycles: 6
[OBSERVER] Preemption gap: 25079 cycles
[CTXSW] Cycles: 7
[CTXSW] Cycles: 8
[CTXSW] Cycles: 8
[CTXSW] Cycles: 6
[CRITICAL] Cycles: 164148
[MEDIUM] Cycles: 80032
[OBSERVER] Preemption gap: 254996 cycles
[CTXSW] Cycles: 7
[CTXSW] Cycles: 7
[CTXSW] Cycles: 11
[CTXSW] Cycles: 23
[CTXSW] Cycles: 8
[CTXSW] Cycles: 8
[CTXSW] Cycles: 8
[CTXSW] Cycles: 114
[CTXSW] Cycles: 8
[CTXSW] Cycles: 33
[CTXSW] Cycles: 8
[CTXSW] Cycles: 7
[CRITICAL] Cycles: 160031
[MEDIUM] Cycles: 80027
[OBSERVER] Preemption gap: 267914 cycles
[CTXSW] Cycles: 7
[CTXSW] Cycles: 7
[CTXSW] Cycles: 16
[CTXSW] Cycles: 13
[CTXSW] Cycles: 9
[CTXSW] Cycles: 7
[CTXSW] Cycles: 8
[CTXSW] Cycles: 6
[CTXSW] Cycles: 7
[CTXSW] Cycles: 6
[CRITICAL] Cycles: 163030
[OBSERVER] Preemption gap: 179749 cycles
[CTXSW] Cycles: 7
[CTXSW] Cycles: 7
[CTXSW] Cycles: 19
[CTXSW] Cycles: 13
[CTXSW] Cycles: 9
[CTXSW] Cycles: 7
[CTXSW] Cycles: 10
[CTXSW] Cycles: 8
[CTXSW] Cycles: 18
[CTXSW] Cycles: 8
[CTXSW] Cycles: 6
[CTXSW] Cycles: 8
[CTXSW] Cycles: 6
[CTXSW] Cycles: 7
[CTXSW] Cycles: 7
[CTXSW] Cycles: 8
[CTXSW] Cycles: 8
[CTXSW] Cycles: 7
[CTXSW] Cycles: 9
[CTXSW] Cycles: 7
[CTXSW] Cycles: 7
[CRITICAL] Cycles: 165329
[MEDIUM] Cycles: 80026
[OBSERVER] Preemption gap: 261302 cycles
[CTXSW] Cycles: 8
[CTXSW] Cycles: 7
[CTXSW] Cycles: 25
[CTXSW] Cycles: 18
[CTXSW] Cycles: 11
[CTXSW] Cycles: 9
[CTXSW] Cycles: 8
[CTXSW] Cycles: 6
[CTXSW] Cycles: 8
[CTXSW] Cycles: 7
[CTXSW] Cycles: 7
[CTXSW] Cycles: 6
[CRITICAL] Cycles: 160037
[MEDIUM] Cycles: 80029
[OBSERVER] Preemption gap: 262991 cycles
[CTXSW] Cycles: 7
[CTXSW] Cycles: 7
[CTXSW] Cycles: 17
[CTXSW] Cycles: 24
[CTXSW] Cycles: 10
[CTXSW] Cycles: 16
[CTXSW] Cycles: 10
[CTXSW] Cycles: 6
[CTXSW] Cycles: 7
[CTXSW] Cycles: 7
[CTXSW] Cycles: 8
[CTXSW] Cycles: 6
[CRITICAL] Cycles: 160684
[OBSERVER] Preemption gap: 175127 cycles
[CTXSW] Cycles: 7
[CTXSW] Cycles: 6
[CTXSW] Cycles: 21
[CTXSW] Cycles: 11
[CTXSW] Cycles: 13
[CTXSW] Cycles: 11
[CTXSW] Cycles: 19
[CTXSW] Cycles: 12
[CTXSW] Cycles: 6
[CTXSW] Cycles: 9
[CTXSW] Cycles: 17
[CTXSW] Cycles: 10
[CTXSW] Cycles: 29
[CTXSW] Cycles: 17
[CTXSW] Cycles: 145
[CTXSW] Cycles: 10
[CTXSW] Cycles: 7
[CTXSW] Cycles: 8
[CTXSW] Cycles: 6
[CTXSW] Cycles: 7
[CTXSW] Cycles: 7
[CRITICAL] Cycles: 161672
[MEDIUM] Cycles: 80932
[OBSERVER] Preemption gap: 253419 cycles
[CTXSW] Cycles: 8
[CTXSW] Cycles: 8
[CTXSW] Cycles: 15
[CTXSW] Cycles: 25
[CTXSW] Cycles: 7
[CTXSW] Cycles: 6
[CTXSW] Cycles: 8
[CTXSW] Cycles: 6
[CTXSW] Cycles: 8
[CTXSW] Cycles: 248
[CTXSW] Cycles: 9
[CTXSW] Cycles: 7
[CRITICAL] Cycles: 160028
[MEDIUM] Cycles: 81555
[OBSERVER] Preemption gap: 257242 cycles
[CTXSW] Cycles: 7
[CTXSW] Cycles: 7
[CTXSW] Cycles: 13
[CTXSW] Cycles: 12
[CTXSW] Cycles: 8
[CTXSW] Cycles: 7
[CTXSW] Cycles: 8
[CTXSW] Cycles: 6
[CTXSW] Cycles: 8
[CTXSW] Cycles: 7
[CTXSW] Cycles: 8
[CTXSW] Cycles: 6
[CRITICAL] Cycles: 160023
[OBSERVER] Preemption gap: 177516 cycles
[CTXSW] Cycles: 8
[CTXSW] Cycles: 7
[CTXSW] Cycles: 17
[CTXSW] Cycles: 7
[CTXSW] Cycles: 10
[CTXSW] Cycles: 8
[CTXSW] Cycles: 8
[CTXSW] Cycles: 7
[CTXSW] Cycles: 6
[CTXSW] Cycles: 13
[CTXSW] Cycles: 8
[CTXSW] Cycles: 7
[CTXSW] Cycles: 7
[CTXSW] Cycles: 7
[CTXSW] Cycles: 20
[CTXSW] Cycles: 11
[CTXSW] Cycles: 7
[CTXSW] Cycles: 7
[CTXSW] Cycles: 6
[CTXSW] Cycles: 17
[CTXSW] Cycles: 7
[CRITICAL] Cycles: 160197
[MEDIUM] Cycles: 80055
[OBSERVER] Preemption gap: 266884 cycles
[CTXSW] Cycles: 8
[CTXSW] Cycles: 15
[CTXSW] Cycles: 13
[CTXSW] Cycles: 29
[CTXSW] Cycles: 11
[CTXSW] Cycles: 8
[CTXSW] Cycles: 8
[CTXSW] Cycles: 10
[CTXSW] Cycles: 8
[CTXSW] Cycles: 8
[CTXSW] Cycles: 7
[CTXSW] Cycles: 7
[CRITICAL] Cycles: 164010
[MEDIUM] Cycles: 80030
[OBSERVER] Preemption gap: 264404 cycles
[CTXSW] Cycles: 8
[CTXSW] Cycles: 7
[CTXSW] Cycles: 13
[CTXSW] Cycles: 17
[CTXSW] Cycles: 8
[CTXSW] Cycles: 8
[OBSERVER] Preemption gap: 24793 cycles
[CTXSW] Cycles: 8
[CTXSW] Cycles: 7
[CTXSW] Cycles: 8
[CTXSW] Cycles: 6
[CTXSW] Cycles: 7
[CTXSW] Cycles: 6
[CRITICAL] Cycles: 160031
[OBSERVER] Preemption gap: 184954 cycles
[CTXSW] Cycles: 7
[CTXSW] Cycles: 6
[CTXSW] Cycles: 27
[CTXSW] Cycles: 8
[CTXSW] Cycles: 10
[CTXSW] Cycles: 7
[CTXSW] Cycles: 7
[CTXSW] Cycles: 8
[CTXSW] Cycles: 6
[CTXSW] Cycles: 8
[CTXSW] Cycles: 19
[CTXSW] Cycles: 11
[CTXSW] Cycles: 7
[CTXSW] Cycles: 8
[CTXSW] Cycles: 38
[CTXSW] Cycles: 10
[CTXSW] Cycles: 18
[CTXSW] Cycles: 8
[CTXSW] Cycles: 18
[CTXSW] Cycles: 7
[CTXSW] Cycles: 7
[CRITICAL] Cycles: 160029
[MEDIUM] Cycles: 80030
[OBSERVER] Preemption gap: 263354 cycles
[CTXSW] Cycles: 7
[CTXSW] Cycles: 18
[CTXSW] Cycles: 30
[CTXSW] Cycles: 25
[CTXSW] Cycles: 9
[CTXSW] Cycles: 98
[CTXSW] Cycles: 17
[CTXSW] Cycles: 16
[CTXSW] Cycles: 14
[CTXSW] Cycles: 7
[CTXSW] Cycles: 8
[CTXSW] Cycles: 7
[CRITICAL] Cycles: 163357
[MEDIUM] Cycles: 80039
[OBSERVER] Preemption gap: 258770 cycles
[CTXSW] Cycles: 7
[CTXSW] Cycles: 6
[CTXSW] Cycles: 25
[CTXSW] Cycles: 35
[CTXSW] Cycles: 10
[CTXSW] Cycles: 8
[CTXSW] Cycles: 8
[CTXSW] Cycles: 18
[OBSERVER] Preemption gap: 24745 cycles
[CTXSW] Cycles: 8
[CTXSW] Cycles: 7
[CTXSW] Cycles: 7
[CTXSW] Cycles: 7
[CRITICAL] Cycles: 160040
[OBSERVER] Preemption gap: 175202 cycles
[CTXSW] Cycles: 7
[CTXSW] Cycles: 9
[CTXSW] Cycles: 12
[CTXSW] Cycles: 8
[CTXSW] Cycles: 8
[CTXSW] Cycles: 9
[CTXSW] Cycles: 129
[CTXSW] Cycles: 9
[CTXSW] Cycles: 6
[CTXSW] Cycles: 9
[CTXSW] Cycles: 21
[CTXSW] Cycles: 7
[CTXSW] Cycles: 7
[CTXSW] Cycles: 8
[CTXSW] Cycles: 7
[CTXSW] Cycles: 8
[CTXSW] Cycles: 8
[OBSERVER] Preemption gap: 27825 cycles
[CTXSW] Cycles: 8
[CTXSW] Cycles: 8
[CTXSW] Cycles: 8
[CTXSW] Cycles: 7
[CRITICAL] Cycles: 160464
[MEDIUM] Cycles: 80610
[OBSERVER] Preemption gap: 256296 cycles
[CTXSW] Cycles: 8
[CTXSW] Cycles: 7
[CTXSW] Cycles: 13
[CTXSW] Cycles: 15
[CTXSW] Cycles: 9
[CTXSW] Cycles: 8
[CTXSW] Cycles: 8
[CTXSW] Cycles: 7
[CTXSW] Cycles: 8
[CTXSW] Cycles: 11
[CTXSW] Cycles: 10
[CTXSW] Cycles: 7
[CRITICAL] Cycles: 168393
[MEDIUM] Cycles: 80028
[OBSERVER] Preemption gap: 262763 cycles
[CTXSW] Cycles: 8
[CTXSW] Cycles: 7
[CTXSW] Cycles: 22
[CTXSW] Cycles: 19
[CTXSW] Cycles: 9
[CTXSW] Cycles: 114
[CTXSW] Cycles: 8
[CTXSW] Cycles: 7
[CTXSW] Cycles: 8
[CTXSW] Cycles: 7
[CTXSW] Cycles: 8
[CTXSW] Cycles: 6
[CRITICAL] Cycles: 160031
[OBSERVER] Preemption gap: 177481 cycles
[CTXSW] Cycles: 8
[CTXSW] Cycles: 7
[CTXSW] Cycles: 18
[CTXSW] Cycles: 10
[CTXSW] Cycles: 85
[CTXSW] Cycles: 7
[CTXSW] Cycles: 9
[CTXSW] Cycles: 7
[CTXSW] Cycles: 7
[CTXSW] Cycles: 8
[CTXSW] Cycles: 11
[CTXSW] Cycles: 8
[CTXSW] Cycles: 10
[CTXSW] Cycles: 7
[CTXSW] Cycles: 7
[OBSERVER] Preemption gap: 26901 cycles
[CTXSW] Cycles: 8
[CTXSW] Cycles: 7
[CTXSW] Cycles: 8
[CTXSW] Cycles: 6
[CRITICAL] Cycles: 167302
[MEDIUM] Cycles: 80035
[OBSERVER] Preemption gap: 264343 cycles
[CTXSW] Cycles: 8
[CTXSW] Cycles: 8
[CTXSW] Cycles: 21
[CTXSW] Cycles: 22
[CTXSW] Cycles: 9
[CTXSW] Cycles: 8
[CTXSW] Cycles: 8
[CTXSW] Cycles: 6
[CTXSW] Cycles: 7
[CTXSW] Cycles: 6
[CTXSW] Cycles: 12
[CTXSW] Cycles: 6
[CRITICAL] Cycles: 169305
[MEDIUM] Cycles: 80030
[OBSERVER] Preemption gap: 262678 cycles
[CTXSW] Cycles: 8
[CTXSW] Cycles: 6
[CTXSW] Cycles: 19
[CTXSW] Cycles: 23
[CTXSW] Cycles: 9
[CTXSW] Cycles: 7
[CTXSW] Cycles: 8
[CTXSW] Cycles: 19
[CTXSW] Cycles: 7
[CTXSW] Cycles: 7
[CTXSW] Cycles: 8
[CTXSW] Cycles: 6
[CRITICAL] Cycles: 160031
[OBSERVER] Preemption gap: 174631 cycles
[CTXSW] Cycles: 9
[CTXSW] Cycles: 6
[CTXSW] Cycles: 17
[CTXSW] Cycles: 9
[CTXSW] Cycles: 7
[CTXSW] Cycles: 8
[CTXSW] Cycles: 22
[CTXSW] Cycles: 11
[CTXSW] Cycles: 19
[CTXSW] Cycles: 14
[CTXSW] Cycles: 10
[CTXSW] Cycles: 7
[CTXSW] Cycles: 15
[CTXSW] Cycles: 10
[CTXSW] Cycles: 7
[CTXSW] Cycles: 12
[CTXSW] Cycles: 7
[CTXSW] Cycles: 8
[CTXSW] Cycles: 6
[CTXSW] Cycles: 7
[CTXSW] Cycles: 6
[CRITICAL] Cycles: 160849
[MEDIUM] Cycles: 83635
[OBSERVER] Preemption gap: 263863 cycles
[CTXSW] Cycles: 8
[CTXSW] Cycles: 7
[CTXSW] Cycles: 29
[CTXSW] Cycles: 23
[CTXSW] Cycles: 7
[CTXSW] Cycles: 7
[CTXSW] Cycles: 7
[CTXSW] Cycles: 7
[CTXSW] Cycles: 7
[CTXSW] Cycles: 6
[CTXSW] Cycles: 8
[CTXSW] Cycles: 118
[CRITICAL] Cycles: 163435
[MEDIUM] Cycles: 80176
[OBSERVER] Preemption gap: 260674 cycles
[CTXSW] Cycles: 10
[CTXSW] Cycles: 7
[CTXSW] Cycles: 19
[CTXSW] Cycles: 19
[CTXSW] Cycles: 9
[CTXSW] Cycles: 9
[CTXSW] Cycles: 9
[CTXSW] Cycles: 6
[CTXSW] Cycles: 8
[CTXSW] Cycles: 14
[CTXSW] Cycles: 11
[CTXSW] Cycles: 8
[CRITICAL] Cycles: 160037
[OBSERVER] Preemption gap: 174076 cycles
[CTXSW] Cycles: 8
[CTXSW] Cycles: 6
[CTXSW] Cycles: 118
[CTXSW] Cycles: 8
[CTXSW] Cycles: 11
[CTXSW] Cycles: 9
[CTXSW] Cycles: 7
[CTXSW] Cycles: 17
[CTXSW] Cycles: 15
[CTXSW] Cycles: 10
[CTXSW] Cycles: 14
[CTXSW] Cycles: 12
[CTXSW] Cycles: 32
[CTXSW] Cycles: 8
[CTXSW] Cycles: 7
[CTXSW] Cycles: 8
[CTXSW] Cycles: 6
[CTXSW] Cycles: 8
[CTXSW] Cycles: 9
[CTXSW] Cycles: 8
[CTXSW] Cycles: 6
[CRITICAL] Cycles: 160025
[MEDIUM] Cycles: 82779
[OBSERVER] Preemption gap: 254859 cycles
[CTXSW] Cycles: 7
[CTXSW] Cycles: 7
[CTXSW] Cycles: 15
[CTXSW] Cycles: 14
[CTXSW] Cycles: 8
[CTXSW] Cycles: 7
[CTXSW] Cycles: 7
[CTXSW] Cycles: 33
[CTXSW] Cycles: 8
[CTXSW] Cycles: 9
[CTXSW] Cycles: 8
[CTXSW] Cycles: 7
[CRITICAL] Cycles: 160035
[MEDIUM] Cycles: 80041
[OBSERVER] Preemption gap: 262056 cycles
[CTXSW] Cycles: 7
[CTXSW] Cycles: 20
[CTXSW] Cycles: 19
[CTXSW] Cycles: 19
[CTXSW] Cycles: 26
[CTXSW] Cycles: 7
[CTXSW] Cycles: 8
[CTXSW] Cycles: 6
[CTXSW] Cycles: 10
[CTXSW] Cycles: 6
[CTXSW] Cycles: 7
[CTXSW] Cycles: 7
[CRITICAL] Cycles: 165864
[OBSERVER] Preemption gap: 177378 cycles
[CTXSW] Cycles: 7
[CTXSW] Cycles: 7
[CTXSW] Cycles: 12
[CTXSW] Cycles: 8
[CTXSW] Cycles: 6
[CTXSW] Cycles: 7
[CTXSW] Cycles: 7
[CTXSW] Cycles: 7
[CTXSW] Cycles: 7
[CTXSW] Cycles: 7
[CTXSW] Cycles: 21
[CTXSW] Cycles: 12
[CTXSW] Cycles: 15
[CTXSW] Cycles: 8
[CTXSW] Cycles: 7
[CTXSW] Cycles: 13
[CTXSW] Cycles: 8
[CTXSW] Cycles: 8
[CTXSW] Cycles: 37
[CTXSW] Cycles: 9
[CTXSW] Cycles: 7
[CRITICAL] Cycles: 160031
[MEDIUM] Cycles: 82229
[OBSERVER] Preemption gap: 260231 cycles
[CTXSW] Cycles: 7
[CTXSW] Cycles: 7
[CTXSW] Cycles: 14
[CTXSW] Cycles: 20
[CTXSW] Cycles: 8
[CTXSW] Cycles: 7
[CTXSW] Cycles: 7
[CTXSW] Cycles: 7
[CTXSW] Cycles: 7
[CTXSW] Cycles: 6
[CTXSW] Cycles: 7
[CTXSW] Cycles: 18
[CRITICAL] Cycles: 161084
[MEDIUM] Cycles: 83465
[OBSERVER] Preemption gap: 262761 cycles
[CTXSW] Cycles: 7
[CTXSW] Cycles: 7
[CTXSW] Cycles: 29
[CTXSW] Cycles: 20
[CTXSW] Cycles: 8
[CTXSW] Cycles: 8
[CTXSW] Cycles: 8
[CTXSW] Cycles: 6
[CTXSW] Cycles: 8
[CTXSW] Cycles: 7
[CTXSW] Cycles: 8
[CTXSW] Cycles: 6
[CRITICAL] Cycles: 163520
[OBSERVER] Preemption gap: 179974 cycles
[CTXSW] Cycles: 7
[CTXSW] Cycles: 7
[CTXSW] Cycles: 23
[CTXSW] Cycles: 10
[CTXSW] Cycles: 10
[CTXSW] Cycles: 8
[CTXSW] Cycles: 13
[CTXSW] Cycles: 8
[CTXSW] Cycles: 118
[CTXSW] Cycles: 8
[CTXSW] Cycles: 6
[CTXSW] Cycles: 7
[CTXSW] Cycles: 8
[CTXSW] Cycles: 8
[CTXSW] Cycles: 7
[CTXSW] Cycles: 8
[CTXSW] Cycles: 8
[CTXSW] Cycles: 8
[CTXSW] Cycles: 7
[CTXSW] Cycles: 8
[CTXSW] Cycles: 7
[CRITICAL] Cycles: 160035
[MEDIUM] Cycles: 80027
[OBSERVER] Preemption gap: 263184 cycles
[CTXSW] Cycles: 8
[CTXSW] Cycles: 22
[CTXSW] Cycles: 23
[CTXSW] Cycles: 14
[CTXSW] Cycles: 8
[CTXSW] Cycles: 8
[CTXSW] Cycles: 8
[CTXSW] Cycles: 6
[CTXSW] Cycles: 9
[CTXSW] Cycles: 119
[CTXSW] Cycles: 8
[CTXSW] Cycles: 6
[CRITICAL] Cycles: 160033
[MEDIUM] Cycles: 80025
[OBSERVER] Preemption gap: 262521 cycles
[CTXSW] Cycles: 8
[CTXSW] Cycles: 8
[CTXSW] Cycles: 15
[CTXSW] Cycles: 16
[CTXSW] Cycles: 9
[CTXSW] Cycles: 9
[CTXSW] Cycles: 8
[CTXSW] Cycles: 8
[CTXSW] Cycles: 8
[CTXSW] Cycles: 21
[CTXSW] Cycles: 17
[CTXSW] Cycles: 7
[CRITICAL] Cycles: 160048
[OBSERVER] Preemption gap: 175164 cycles
[CTXSW] Cycles: 8
[CTXSW] Cycles: 9
[CTXSW] Cycles: 22
[CTXSW] Cycles: 9
[CTXSW] Cycles: 11
[CTXSW] Cycles: 11
[CTXSW] Cycles: 27
[CTXSW] Cycles: 17
[CTXSW] Cycles: 17
[CTXSW] Cycles: 16
[CTXSW] Cycles: 19
[CTXSW] Cycles: 12
[CTXSW] Cycles: 8
[CTXSW] Cycles: 9
[CTXSW] Cycles: 17
[CTXSW] Cycles: 11
[CTXSW] Cycles: 40
[CTXSW] Cycles: 10
[CTXSW] Cycles: 8
[CTXSW] Cycles: 8
[CTXSW] Cycles: 8
[CRITICAL] Cycles: 160146
[MEDIUM] Cycles: 80027
[OBSERVER] Preemption gap: 259098 cycles
[CTXSW] Cycles: 8
[CTXSW] Cycles: 7
[CTXSW] Cycles: 25
[CTXSW] Cycles: 19
[CTXSW] Cycles: 9
[CTXSW] Cycles: 10
[CTXSW] Cycles: 8
[CTXSW] Cycles: 11
[CTXSW] Cycles: 7
[CTXSW] Cycles: 9
[CTXSW] Cycles: 19
[CTXSW] Cycles: 8
[CRITICAL] Cycles: 160036
[MEDIUM] Cycles: 80034
[OBSERVER] Preemption gap: 256063 cycles
[CTXSW] Cycles: 9
[CTXSW] Cycles: 68
[CTXSW] Cycles: 21
[CTXSW] Cycles: 19
[CTXSW] Cycles: 9
[CTXSW] Cycles: 7
[CTXSW] Cycles: 7
[CTXSW] Cycles: 8
[CTXSW] Cycles: 7
[CTXSW] Cycles: 6
[CTXSW] Cycles: 7
[CTXSW] Cycles: 7
[CRITICAL] Cycles: 167073
[OBSERVER] Preemption gap: 181287 cycles
[CTXSW] Cycles: 7
[CTXSW] Cycles: 9
[CTXSW] Cycles: 26
[CTXSW] Cycles: 12
[CTXSW] Cycles: 11
[CTXSW] Cycles: 8
[CTXSW] Cycles: 6
[CTXSW] Cycles: 8
[CTXSW] Cycles: 25
[CTXSW] Cycles: 17
[CTXSW] Cycles: 14
[CTXSW] Cycles: 10
[CTXSW] Cycles: 14
[CTXSW] Cycles: 8
[CTXSW] Cycles: 23
[CTXSW] Cycles: 12
[CTXSW] Cycles: 75
[CTXSW] Cycles: 11
[CTXSW] Cycles: 7
[CTXSW] Cycles: 8
[CTXSW] Cycles: 7
[CRITICAL] Cycles: 160030
[MEDIUM] Cycles: 80033
[OBSERVER] Preemption gap: 260024 cycles
[CTXSW] Cycles: 7
[CTXSW] Cycles: 129
[CTXSW] Cycles: 19
[CTXSW] Cycles: 24
[CTXSW] Cycles: 9
[CTXSW] Cycles: 7
[OBSERVER] Preemption gap: 27456 cycles
[CTXSW] Cycles: 7
[CTXSW] Cycles: 17
[CTXSW] Cycles: 13
[CTXSW] Cycles: 8
[CTXSW] Cycles: 8
[CTXSW] Cycles: 8
[CRITICAL] Cycles: 160037
[MEDIUM] Cycles: 80025
[OBSERVER] Preemption gap: 270688 cycles
[CTXSW] Cycles: 7
[CTXSW] Cycles: 6
[CTXSW] Cycles: 23
[CTXSW] Cycles: 18
[CTXSW] Cycles: 9
[CTXSW] Cycles: 8
[CTXSW] Cycles: 7
[CTXSW] Cycles: 7
[CTXSW] Cycles: 7
[CTXSW] Cycles: 6
[CRITICAL] Cycles: 160037
[OBSERVER] Preemption gap: 180049 cycles
[CTXSW] Cycles: 8
[CTXSW] Cycles: 7
[CTXSW] Cycles: 18
[CTXSW] Cycles: 10
[CTXSW] Cycles: 7
[CTXSW] Cycles: 8
[CTXSW] Cycles: 122
[CTXSW] Cycles: 13
[CTXSW] Cycles: 7
[CTXSW] Cycles: 8
[CTXSW] Cycles: 11
[CTXSW] Cycles: 9
[CTXSW] Cycles: 28
[CTXSW] Cycles: 18
[CTXSW] Cycles: 7
[CTXSW] Cycles: 8
[CTXSW] Cycles: 7
[OBSERVER] Preemption gap: 24062 cycles
[CTXSW] Cycles: 8
[CTXSW] Cycles: 13
[CTXSW] Cycles: 11
[CTXSW] Cycles: 20
[CRITICAL] Cycles: 164884
[MEDIUM] Cycles: 80027
[OBSERVER] Preemption gap: 261469 cycles
[CTXSW] Cycles: 12
[CTXSW] Cycles: 7
[CTXSW] Cycles: 17
[CTXSW] Cycles: 21
[CTXSW] Cycles: 8
[CTXSW] Cycles: 134
[CTXSW] Cycles: 8
[CTXSW] Cycles: 7
[CTXSW] Cycles: 8
[CTXSW] Cycles: 7
[CTXSW] Cycles: 8
[CTXSW] Cycles: 7
[CRITICAL] Cycles: 168897
[MEDIUM] Cycles: 80022
[OBSERVER] Preemption gap: 261738 cycles
[CTXSW] Cycles: 8
[CTXSW] Cycles: 6
[CTXSW] Cycles: 12
[CTXSW] Cycles: 14
[CTXSW] Cycles: 8
[CTXSW] Cycles: 8
[CTXSW] Cycles: 7
[CTXSW] Cycles: 168
[CTXSW] Cycles: 0
[CTXSW] Cycles: 6
[CTXSW] Cycles: 7
[CTXSW] Cycles: 6
[CRITICAL] Cycles: 160030
[OBSERVER] Preemption gap: 187306 cycles
[CTXSW] Cycles: 7
[CTXSW] Cycles: 6
[CTXSW] Cycles: 19
[CTXSW] Cycles: 0
[CTXSW] Cycles: 7
[CTXSW] Cycles: 8
[CTXSW] Cycles: 18
[CTXSW] Cycles: 9
[CTXSW] Cycles: 8
[CTXSW] Cycles: 9
[CTXSW] Cycles: 7
[OBSERVER] Preemption gap: 25179 cycles
[CTXSW] Cycles: 7
[CTXSW] Cycles: 7
[CTXSW] Cycles: 8
[CTXSW] Cycles: 6
[CTXSW] Cycles: 7
[CTXSW] Cycles: 6
[OBSERVER] Preemption gap: 24874 cycles
[CTXSW] Cycles: 7
[CTXSW] Cycles: 8
[CTXSW] Cycles: 8
[CTXSW] Cycles: 7
[CRITICAL] Cycles: 164924
[MEDIUM] Cycles: 80032
[OBSERVER] Preemption gap: 261252 cycles
[CTXSW] Cycles: 8
[CTXSW] Cycles: 6
[CTXSW] Cycles: 22
[CTXSW] Cycles: 17
[CTXSW] Cycles: 9
[CTXSW] Cycles: 8
[CTXSW] Cycles: 8
[CTXSW] Cycles: 7
[CTXSW] Cycles: 8
[CTXSW] Cycles: 7
[CTXSW] Cycles: 8
[CTXSW] Cycles: 6
[CRITICAL] Cycles: 162664
[MEDIUM] Cycles: 80031
[OBSERVER] Preemption gap: 257698 cycles
[CTXSW] Cycles: 8
[CTXSW] Cycles: 6
[CTXSW] Cycles: 27
[CTXSW] Cycles: 22
[CTXSW] Cycles: 12
[CTXSW] Cycles: 8
[CTXSW] Cycles: 7
[CTXSW] Cycles: 9
[CTXSW] Cycles: 8
[CTXSW] Cycles: 7
[CTXSW] Cycles: 7
[CTXSW] Cycles: 7
[CRITICAL] Cycles: 160030
[OBSERVER] Preemption gap: 175267 cycles
[CTXSW] Cycles: 7
[CTXSW] Cycles: 7
[CTXSW] Cycles: 23
[CTXSW] Cycles: 9
[CTXSW] Cycles: 7
[CTXSW] Cycles: 7
[CTXSW] Cycles: 133
[CTXSW] Cycles: 9
[CTXSW] Cycles: 9
[CTXSW] Cycles: 8
[CTXSW] Cycles: 6
[CTXSW] Cycles: 8
[CTXSW] Cycles: 6
[CTXSW] Cycles: 7
[CTXSW] Cycles: 6
[CTXSW] Cycles: 15
[CTXSW] Cycles: 6
[CTXSW] Cycles: 16
[CTXSW] Cycles: 6
[CTXSW] Cycles: 8
[CTXSW] Cycles: 6
[CRITICAL] Cycles: 168707
[MEDIUM] Cycles: 80024
[OBSERVER] Preemption gap: 266486 cycles
[CTXSW] Cycles: 8
[CTXSW] Cycles: 6
[CTXSW] Cycles: 20
[CTXSW] Cycles: 14
[CTXSW] Cycles: 8
[CTXSW] Cycles: 8
[CTXSW] Cycles: 8
[CTXSW] Cycles: 19
[CTXSW] Cycles: 12
[CTXSW] Cycles: 7
[CTXSW] Cycles: 7
[CTXSW] Cycles: 19
[CRITICAL] Cycles: 160034
[MEDIUM] Cycles: 80073
[OBSERVER] Preemption gap: 254068 cycles
[CTXSW] Cycles: 11
[CTXSW] Cycles: 7
[CTXSW] Cycles: 15
[CTXSW] Cycles: 24
[CTXSW] Cycles: 10
[CTXSW] Cycles: 8
[CTXSW] Cycles: 8
[CTXSW] Cycles: 30
[CTXSW] Cycles: 8
[CTXSW] Cycles: 20
[CTXSW] Cycles: 12
[CTXSW] Cycles: 7
[CRITICAL] Cycles: 160035
[OBSERVER] Preemption gap: 177524 cycles
[CTXSW] Cycles: 8
[CTXSW] Cycles: 14
[CTXSW] Cycles: 16
[CTXSW] Cycles: 10
[CTXSW] Cycles: 21
[CTXSW] Cycles: 7
[CTXSW] Cycles: 51
[CTXSW] Cycles: 8
[CTXSW] Cycles: 15
[CTXSW] Cycles: 11
[CTXSW] Cycles: 8
[CTXSW] Cycles: 9
[CTXSW] Cycles: 7
[CTXSW] Cycles: 13
[CTXSW] Cycles: 8
[CTXSW] Cycles: 7
[CTXSW] Cycles: 7
[OBSERVER] Preemption gap: 24354 cycles
[CTXSW] Cycles: 7
[CTXSW] Cycles: 7
[CTXSW] Cycles: 9
[CTXSW] Cycles: 6
[CRITICAL] Cycles: 160044
[MEDIUM] Cycles: 80031
[OBSERVER] Preemption gap: 257763 cycles
[CTXSW] Cycles: 7
[CTXSW] Cycles: 7
[CTXSW] Cycles: 24
[CTXSW] Cycles: 18
[CTXSW] Cycles: 10
[CTXSW] Cycles: 7
[CTXSW] Cycles: 8
[CTXSW] Cycles: 7
[CTXSW] Cycles: 7
[CTXSW] Cycles: 19
[CTXSW] Cycles: 12
[CTXSW] Cycles: 9
[CRITICAL] Cycles: 165643
[MEDIUM] Cycles: 80030
[OBSERVER] Preemption gap: 253307 cycles
[CTXSW] Cycles: 9
[CTXSW] Cycles: 7
[CTXSW] Cycles: 14
[CTXSW] Cycles: 23
[CTXSW] Cycles: 9
[CTXSW] Cycles: 122
[CTXSW] Cycles: 7
[CTXSW] Cycles: 6
[CTXSW] Cycles: 8
[CTXSW] Cycles: 7
[CTXSW] Cycles: 7
[CTXSW] Cycles: 21
[CRITICAL] Cycles: 160035
[OBSERVER] Preemption gap: 182457 cycles
[CTXSW] Cycles: 11
[CTXSW] Cycles: 19
[CTXSW] Cycles: 0
[CTXSW] Cycles: 14
[CTXSW] Cycles: 11
[CTXSW] Cycles: 8
[CTXSW] Cycles: 10
[CTXSW] Cycles: 8
[CTXSW] Cycles: 130
[CTXSW] Cycles: 8
[CTXSW] Cycles: 9
[CTXSW] Cycles: 8
[CTXSW] Cycles: 25
[CTXSW] Cycles: 18
[CTXSW] Cycles: 8
[CTXSW] Cycles: 9
[CTXSW] Cycles: 7
[CTXSW] Cycles: 8
[CTXSW] Cycles: 17
[CRITICAL] Cycles: 160032
[MEDIUM] Cycles: 80028
[OBSERVER] Preemption gap: 262999 cycles
[CTXSW] Cycles: 11
[CTXSW] Cycles: 16
[CTXSW] Cycles: 25
[CTXSW] Cycles: 18
[CTXSW] Cycles: 9
[CTXSW] Cycles: 8
[CTXSW] Cycles: 8
[CTXSW] Cycles: 7
[CTXSW] Cycles: 8
[CTXSW] Cycles: 7
[CTXSW] Cycles: 8
[CTXSW] Cycles: 9
[CRITICAL] Cycles: 160043
[MEDIUM] Cycles: 80029
[OBSERVER] Preemption gap: 263103 cycles
[CTXSW] Cycles: 8
[CTXSW] Cycles: 7
[CTXSW] Cycles: 14
[CTXSW] Cycles: 15
[CTXSW] Cycles: 8
[CTXSW] Cycles: 7
[CTXSW] Cycles: 9
[CTXSW] Cycles: 7
[CTXSW] Cycles: 8
[CTXSW] Cycles: 7
[CTXSW] Cycles: 8
[CTXSW] Cycles: 7
[CRITICAL] Cycles: 161563
[OBSERVER] Preemption gap: 173594 cycles
[CTXSW] Cycles: 7
[CTXSW] Cycles: 7
[CTXSW] Cycles: 22
[CTXSW] Cycles: 11
[CTXSW] Cycles: 138
[CTXSW] Cycles: 8
[CTXSW] Cycles: 33
[CTXSW] Cycles: 12
[CTXSW] Cycles: 8
[CTXSW] Cycles: 8
[CTXSW] Cycles: 15
[CTXSW] Cycles: 11
[CTXSW] Cycles: 7
[CTXSW] Cycles: 8
[CTXSW] Cycles: 6
[CTXSW] Cycles: 7
[CTXSW] Cycles: 6
[CTXSW] Cycles: 8
[CTXSW] Cycles: 7
[CTXSW] Cycles: 12
[CTXSW] Cycles: 7
[CRITICAL] Cycles: 161614
[MEDIUM] Cycles: 81024
[OBSERVER] Preemption gap: 251343 cycles
[CTXSW] Cycles: 8
[CTXSW] Cycles: 10
[CTXSW] Cycles: 38
[CTXSW] Cycles: 16
[CTXSW] Cycles: 8
[CTXSW] Cycles: 8
[CTXSW] Cycles: 8
[CTXSW] Cycles: 6
[CTXSW] Cycles: 7
[CTXSW] Cycles: 7
[CTXSW] Cycles: 7
[CTXSW] Cycles: 7
[CRITICAL] Cycles: 160052
[MEDIUM] Cycles: 81245
[OBSERVER] Preemption gap: 257193 cycles
[CTXSW] Cycles: 7
[CTXSW] Cycles: 51
[CTXSW] Cycles: 25
[CTXSW] Cycles: 18
[CTXSW] Cycles: 8
[CTXSW] Cycles: 131
[CTXSW] Cycles: 8
[CTXSW] Cycles: 6
[OBSERVER] Preemption gap: 24416 cycles
[CTXSW] Cycles: 7
[CTXSW] Cycles: 7
[CTXSW] Cycles: 7
[CTXSW] Cycles: 32
[CRITICAL] Cycles: 161705
[OBSERVER] Preemption gap: 175070 cycles
[CTXSW] Cycles: 8
[CTXSW] Cycles: 7
[CTXSW] Cycles: 16
[CTXSW] Cycles: 8
[CTXSW] Cycles: 46
[CTXSW] Cycles: 12
[CTXSW] Cycles: 18
[CTXSW] Cycles: 11
[CTXSW] Cycles: 9
[CTXSW] Cycles: 10
[CTXSW] Cycles: 24
[CTXSW] Cycles: 13
[CTXSW] Cycles: 8
[CTXSW] Cycles: 8
[CTXSW] Cycles: 8
[CTXSW] Cycles: 8
[CTXSW] Cycles: 7
[CTXSW] Cycles: 7
[CTXSW] Cycles: 6
[CTXSW] Cycles: 8
[CTXSW] Cycles: 7
[CRITICAL] Cycles: 163628
[MEDIUM] Cycles: 80030
[OBSERVER] Preemption gap: 258801 cycles
[CTXSW] Cycles: 7
[CTXSW] Cycles: 6
[CTXSW] Cycles: 29
[CTXSW] Cycles: 15
[CTXSW] Cycles: 9
[CTXSW] Cycles: 122
[CTXSW] Cycles: 10
[CTXSW] Cycles: 137
[CTXSW] Cycles: 12
[CTXSW] Cycles: 7
[CTXSW] Cycles: 8
[CTXSW] Cycles: 7
[CRITICAL] Cycles: 160057
[MEDIUM] Cycles: 80716
[OBSERVER] Preemption gap: 263177 cycles
[CTXSW] Cycles: 8
[CTXSW] Cycles: 7
[CTXSW] Cycles: 446
[CTXSW] Cycles: 19
[CTXSW] Cycles: 9
[CTXSW] Cycles: 9
[CTXSW] Cycles: 8
[CTXSW] Cycles: 6
[CTXSW] Cycles: 7
[CTXSW] Cycles: 18
[CRITICAL] Cycles: 162677
[OBSERVER] Preemption gap: 172518 cycles
[CTXSW] Cycles: 11
[CTXSW] Cycles: 7
[CTXSW] Cycles: 34
[CTXSW] Cycles: 11
[CTXSW] Cycles: 9
[CTXSW] Cycles: 7
[CTXSW] Cycles: 6
[CTXSW] Cycles: 7
[CTXSW] Cycles: 6
[CTXSW] Cycles: 7
[CTXSW] Cycles: 9
[CTXSW] Cycles: 12
[CTXSW] Cycles: 9
[CTXSW] Cycles: 8
[CTXSW] Cycles: 7
[CTXSW] Cycles: 10
[CTXSW] Cycles: 6
[CTXSW] Cycles: 19
[CTXSW] Cycles: 8
[OBSERVER] Preemption gap: 27971 cycles
[CTXSW] Cycles: 9
[CTXSW] Cycles: 11
[CRITICAL] Cycles: 160040
[MEDIUM] Cycles: 81813
[OBSERVER] Preemption gap: 246733 cycles
[CTXSW] Cycles: 10
[CTXSW] Cycles: 6
[CTXSW] Cycles: 20
[CTXSW] Cycles: 34
[CTXSW] Cycles: 14
[CTXSW] Cycles: 148
[CTXSW] Cycles: 13
[CTXSW] Cycles: 7
[CTXSW] Cycles: 8
[CTXSW] Cycles: 18
[CTXSW] Cycles: 8
[CTXSW] Cycles: 7
[CRITICAL] Cycles: 160936
[MEDIUM] Cycles: 80027
[OBSERVER] Preemption gap: 253296 cycles
[CTXSW] Cycles: 8
[CTXSW] Cycles: 7
[CTXSW] Cycles: 35
[CTXSW] Cycles: 23
[CTXSW] Cycles: 10
[CTXSW] Cycles: 22
[CTXSW] Cycles: 8
[CTXSW] Cycles: 40
[CTXSW] Cycles: 13
[CTXSW] Cycles: 7
[CTXSW] Cycles: 8
[CTXSW] Cycles: 7
[CRITICAL] Cycles: 160042
[OBSERVER] Preemption gap: 185368 cycles
[CTXSW] Cycles: 8
[CTXSW] Cycles: 7
[CTXSW] Cycles: 32
[CTXSW] Cycles: 10
[CTXSW] Cycles: 7
[CTXSW] Cycles: 8
[CTXSW] Cycles: 22
[CTXSW] Cycles: 15
[CTXSW] Cycles: 12
[CTXSW] Cycles: 11
[CTXSW] Cycles: 15
[CTXSW] Cycles: 13
[CTXSW] Cycles: 13
[CTXSW] Cycles: 482
[CTXSW] Cycles: 18
[OBSERVER] Preemption gap: 29349 cycles
[CTXSW] Cycles: 11
[CTXSW] Cycles: 42
[CTXSW] Cycles: 11
[CTXSW] Cycles: 151
[CRITICAL] Cycles: 160042
[MEDIUM] Cycles: 85473
[OBSERVER] Preemption gap: 260120 cycles
[CTXSW] Cycles: 8
[CTXSW] Cycles: 20
[CTXSW] Cycles: 34
[CTXSW] Cycles: 21
[CTXSW] Cycles: 9
[CTXSW] Cycles: 9
[CTXSW] Cycles: 8
[CTXSW] Cycles: 44
[CTXSW] Cycles: 16
[CTXSW] Cycles: 8
[CTXSW] Cycles: 8
[CTXSW] Cycles: 8
[CRITICAL] Cycles: 161786
[MEDIUM] Cycles: 80037
[OBSERVER] Preemption gap: 259509 cycles
[CTXSW] Cycles: 16
[CTXSW] Cycles: 8
[CTXSW] Cycles: 46
[CTXSW] Cycles: 29
[CTXSW] Cycles: 18
[CTXSW] Cycles: 22
[CTXSW] Cycles: 18
[CTXSW] Cycles: 20
[CTXSW] Cycles: 16
[CTXSW] Cycles: 8
[CTXSW] Cycles: 16
[CTXSW] Cycles: 17
[CRITICAL] Cycles: 169013
[OBSERVER] Preemption gap: 186225 cycles
[CTXSW] Cycles: 11
[CTXSW] Cycles: 7
[CTXSW] Cycles: 23
[CTXSW] Cycles: 10
[CTXSW] Cycles: 7
[CTXSW] Cycles: 7
[CTXSW] Cycles: 13
[CTXSW] Cycles: 8
[CTXSW] Cycles: 10
[CTXSW] Cycles: 10
[CTXSW] Cycles: 6
[CTXSW] Cycles: 11
[CTXSW] Cycles: 7
[CTXSW] Cycles: 8
[CTXSW] Cycles: 6
[CTXSW] Cycles: 8
[CTXSW] Cycles: 6
[CTXSW] Cycles: 8
[CTXSW] Cycles: 18
[CTXSW] Cycles: 15
[CTXSW] Cycles: 22
[CRITICAL] Cycles: 162737
[MEDIUM] Cycles: 80030
[OBSERVER] Preemption gap: 256173 cycles
[CTXSW] Cycles: 8
[CTXSW] Cycles: 7
[CTXSW] Cycles: 13
[CTXSW] Cycles: 23
[CTXSW] Cycles: 9
[CTXSW] Cycles: 8
[CTXSW] Cycles: 8
[CTXSW] Cycles: 64
[CTXSW] Cycles: 13
[CTXSW] Cycles: 7
[CTXSW] Cycles: 9
[CTXSW] Cycles: 7
[CRITICAL] Cycles: 171525
[MEDIUM] Cycles: 80026
[OBSERVER] Preemption gap: 277964 cycles
[CTXSW] Cycles: 8
[CTXSW] Cycles: 7
[CTXSW] Cycles: 24
[CTXSW] Cycles: 15
[CTXSW] Cycles: 10
[CTXSW] Cycles: 7
[CTXSW] Cycles: 8
[CTXSW] Cycles: 8
[CTXSW] Cycles: 7
[CTXSW] Cycles: 7
[CRITICAL] Cycles: 160331
[OBSERVER] Preemption gap: 172272 cycles
[CTXSW] Cycles: 7
[CTXSW] Cycles: 7
[CTXSW] Cycles: 21
[OBSERVER] Preemption gap: 28689 cycles
[CTXSW] Cycles: 10
[CTXSW] Cycles: 9
[CTXSW] Cycles: 8
[CTXSW] Cycles: 110
[CTXSW] Cycles: 9
[CTXSW] Cycles: 20
[CTXSW] Cycles: 12
[CTXSW] Cycles: 7
[CTXSW] Cycles: 8
[CTXSW] Cycles: 19
[CTXSW] Cycles: 11
[CTXSW] Cycles: 7
[CTXSW] Cycles: 9
[CTXSW] Cycles: 8
[CTXSW] Cycles: 9
[CTXSW] Cycles: 16
[CRITICAL] Cycles: 161992
[MEDIUM] Cycles: 80034
[OBSERVER] Preemption gap: 254208 cycles
[CTXSW] Cycles: 10
[CTXSW] Cycles: 22
[CTXSW] Cycles: 11
[CTXSW] Cycles: 22
[CTXSW] Cycles: 8
[CTXSW] Cycles: 10
[CTXSW] Cycles: 8
[CTXSW] Cycles: 12
[CTXSW] Cycles: 8
[CTXSW] Cycles: 8
[CTXSW] Cycles: 8
[CTXSW] Cycles: 6
[CRITICAL] Cycles: 160036
[MEDIUM] Cycles: 85086
[OBSERVER] Preemption gap: 262066 cycles
[CTXSW] Cycles: 8
[CTXSW] Cycles: 6
[CTXSW] Cycles: 21
[CTXSW] Cycles: 17
[CTXSW] Cycles: 9
[CTXSW] Cycles: 8
[CTXSW] Cycles: 7
[CTXSW] Cycles: 7
[CTXSW] Cycles: 7
[CTXSW] Cycles: 7
[CTXSW] Cycles: 8
[CTXSW] Cycles: 7
[CRITICAL] Cycles: 160036
[OBSERVER] Preemption gap: 175171 cycles
[CTXSW] Cycles: 10
[CTXSW] Cycles: 25
[CTXSW] Cycles: 22
[CTXSW] Cycles: 11
[CTXSW] Cycles: 6
[CTXSW] Cycles: 8
[CTXSW] Cycles: 6
[CTXSW] Cycles: 8
[CTXSW] Cycles: 22
[CTXSW] Cycles: 14
[CTXSW] Cycles: 11
[CTXSW] Cycles: 17
[CTXSW] Cycles: 19
[CTXSW] Cycles: 12
[CTXSW] Cycles: 17
[CTXSW] Cycles: 11
[CTXSW] Cycles: 8
[CTXSW] Cycles: 8
[CTXSW] Cycles: 19
[CTXSW] Cycles: 14
[CTXSW] Cycles: 50
[CRITICAL] Cycles: 160034
[MEDIUM] Cycles: 80710
[OBSERVER] Preemption gap: 261092 cycles
[CTXSW] Cycles: 9
[CTXSW] Cycles: 22
[CTXSW] Cycles: 25
[CTXSW] Cycles: 20
[CTXSW] Cycles: 13
[CTXSW] Cycles: 11
[CTXSW] Cycles: 10
[CTXSW] Cycles: 20
[CTXSW] Cycles: 13
[CTXSW] Cycles: 125
[CTXSW] Cycles: 9
[CTXSW] Cycles: 7
[CRITICAL] Cycles: 160047
[MEDIUM] Cycles: 80037
[OBSERVER] Preemption gap: 249701 cycles
[CTXSW] Cycles: 8
[CTXSW] Cycles: 7
[CTXSW] Cycles: 14
[CTXSW] Cycles: 21
[CTXSW] Cycles: 9
[CTXSW] Cycles: 7
[CTXSW] Cycles: 8
[CTXSW] Cycles: 6
[CTXSW] Cycles: 8
[CTXSW] Cycles: 7
[CTXSW] Cycles: 8
[CTXSW] Cycles: 7
[CRITICAL] Cycles: 160026
[OBSERVER] Preemption gap: 182799 cycles
[CTXSW] Cycles: 8
[CTXSW] Cycles: 6
[CTXSW] Cycles: 13
[CTXSW] Cycles: 7
[CTXSW] Cycles: 6
[CTXSW] Cycles: 8
[CTXSW] Cycles: 11
[OBSERVER] Preemption gap: 24460 cycles
[CTXSW] Cycles: 8
[CTXSW] Cycles: 23
[CTXSW] Cycles: 13
[CTXSW] Cycles: 18
[CTXSW] Cycles: 12
[CTXSW] Cycles: 7
[CTXSW] Cycles: 8
[CTXSW] Cycles: 18
[CTXSW] Cycles: 11
[CTXSW] Cycles: 8
[CTXSW] Cycles: 9
[CTXSW] Cycles: 8
[CTXSW] Cycles: 8
[CTXSW] Cycles: 7
[CRITICAL] Cycles: 160030
[MEDIUM] Cycles: 80028
[OBSERVER] Preemption gap: 254469 cycles
[CTXSW] Cycles: 14
[CTXSW] Cycles: 8
[CTXSW] Cycles: 19
[CTXSW] Cycles: 22
[CTXSW] Cycles: 9
[CTXSW] Cycles: 7
[CTXSW] Cycles: 7
[CTXSW] Cycles: 7
[CTXSW] Cycles: 8
[CTXSW] Cycles: 22
[CTXSW] Cycles: 8
[CTXSW] Cycles: 20
[CRITICAL] Cycles: 161457
[MEDIUM] Cycles: 80029
[OBSERVER] Preemption gap: 254252 cycles
[CTXSW] Cycles: 11
[CTXSW] Cycles: 6
[CTXSW] Cycles: 15
[CTXSW] Cycles: 22
[CTXSW] Cycles: 11
[CTXSW] Cycles: 8
[CTXSW] Cycles: 7
[CTXSW] Cycles: 6
[CTXSW] Cycles: 8
[CTXSW] Cycles: 7
[CTXSW] Cycles: 10
[CTXSW] Cycles: 9
[CRITICAL] Cycles: 163100
[OBSERVER] Preemption gap: 178423 cycles
[CTXSW] Cycles: 8
[CTXSW] Cycles: 7
[CTXSW] Cycles: 16
[CTXSW] Cycles: 11
[CTXSW] Cycles: 21
[OBSERVER] Preemption gap: 24435 cycles
[CTXSW] Cycles: 14
[CTXSW] Cycles: 18
[CTXSW] Cycles: 12
[CTXSW] Cycles: 16
[CTXSW] Cycles: 9
[CTXSW] Cycles: 12
[CTXSW] Cycles: 8
[CTXSW] Cycles: 16
[CTXSW] Cycles: 10
[CTXSW] Cycles: 7
[CTXSW] Cycles: 8
[CTXSW] Cycles: 7
[CTXSW] Cycles: 8
[CTXSW] Cycles: 7
[CTXSW] Cycles: 7
[CTXSW] Cycles: 7
[CRITICAL] Cycles: 163043
[MEDIUM] Cycles: 80028
[OBSERVER] Preemption gap: 258419 cycles
[CTXSW] Cycles: 8
[CTXSW] Cycles: 7
[CTXSW] Cycles: 17
[CTXSW] Cycles: 18
[CTXSW] Cycles: 8
[CTXSW] Cycles: 15
[CTXSW] Cycles: 10
[CTXSW] Cycles: 7
[CTXSW] Cycles: 13
[CTXSW] Cycles: 6
[CTXSW] Cycles: 8
[CTXSW] Cycles: 7
[CRITICAL] Cycles: 160036
[MEDIUM] Cycles: 80039
[OBSERVER] Preemption gap: 259863 cycles
[CTXSW] Cycles: 7
[CTXSW] Cycles: 7
[CTXSW] Cycles: 24
[CTXSW] Cycles: 23
[CTXSW] Cycles: 10
[CTXSW] Cycles: 17
[CTXSW] Cycles: 11
[CTXSW] Cycles: 7
[CTXSW] Cycles: 8
[CTXSW] Cycles: 21
[CTXSW] Cycles: 12
[CTXSW] Cycles: 8
[CRITICAL] Cycles: 168004
[OBSERVER] Preemption gap: 180070 cycles
[CTXSW] Cycles: 8
[CTXSW] Cycles: 6
[CTXSW] Cycles: 21
[CTXSW] Cycles: 11
[CTXSW] Cycles: 11
[CTXSW] Cycles: 8
[CTXSW] Cycles: 6
[CTXSW] Cycles: 8
[CTXSW] Cycles: 11
[CTXSW] Cycles: 9
[CTXSW] Cycles: 21
[CTXSW] Cycles: 9
[CTXSW] Cycles: 7
[OBSERVER] Preemption gap: 30119 cycles
[CTXSW] Cycles: 8
[CTXSW] Cycles: 6
[CTXSW] Cycles: 8
[CTXSW] Cycles: 7
[CTXSW] Cycles: 8
[CTXSW] Cycles: 7
[CRITICAL] Cycles: 160032
[MEDIUM] Cycles: 84870
[OBSERVER] Preemption gap: 257754 cycles
[CTXSW] Cycles: 7
[CTXSW] Cycles: 7
[CTXSW] Cycles: 17
[CTXSW] Cycles: 20
[CTXSW] Cycles: 7
[CTXSW] Cycles: 18
[CTXSW] Cycles: 8
[CTXSW] Cycles: 6
[CTXSW] Cycles: 8
[CTXSW] Cycles: 6
[CTXSW] Cycles: 7
[CTXSW] Cycles: 7
[CRITICAL] Cycles: 160061
[MEDIUM] Cycles: 80021
[OBSERVER] Preemption gap: 254232 cycles
[CTXSW] Cycles: 8
[CTXSW] Cycles: 6
[CTXSW] Cycles: 9
[CTXSW] Cycles: 13
[CTXSW] Cycles: 7
[CTXSW] Cycles: 8
[CTXSW] Cycles: 8
[CTXSW] Cycles: 7
[CTXSW] Cycles: 7
[CTXSW] Cycles: 21
[CTXSW] Cycles: 13
[CTXSW] Cycles: 7
[CRITICAL] Cycles: 161655
[OBSERVER] Preemption gap: 178183 cycles
[CTXSW] Cycles: 8
[CTXSW] Cycles: 13
[CTXSW] Cycles: 18
[CTXSW] Cycles: 9
[CTXSW] Cycles: 11
[CTXSW] Cycles: 8
[CTXSW] Cycles: 10
[CTXSW] Cycles: 8
[CTXSW] Cycles: 39
[CTXSW] Cycles: 8
[CTXSW] Cycles: 15
[CTXSW] Cycles: 10
[CTXSW] Cycles: 19
[CTXSW] Cycles: 8
[CTXSW] Cycles: 7
[CTXSW] Cycles: 8
[CTXSW] Cycles: 13
[CTXSW] Cycles: 9
[CTXSW] Cycles: 7
[CTXSW] Cycles: 7
[CTXSW] Cycles: 9
[CRITICAL] Cycles: 160039
[MEDIUM] Cycles: 80028
[OBSERVER] Preemption gap: 264567 cycles
[CTXSW] Cycles: 7
[CTXSW] Cycles: 20
[CTXSW] Cycles: 22
[CTXSW] Cycles: 14
[CTXSW] Cycles: 8
[CTXSW] Cycles: 7
[CTXSW] Cycles: 7
[CTXSW] Cycles: 6
[CTXSW] Cycles: 8
[CTXSW] Cycles: 7
[OBSERVER] Preemption gap: 24438 cycles
[CTXSW] Cycles: 8
[CTXSW] Cycles: 7
[CRITICAL] Cycles: 170201
[MEDIUM] Cycles: 80030
[OBSERVER] Preemption gap: 251883 cycles
[CTXSW] Cycles: 7
[CTXSW] Cycles: 7
[CTXSW] Cycles: 20
[CTXSW] Cycles: 19
[CTXSW] Cycles: 10
[CTXSW] Cycles: 7
[CTXSW] Cycles: 8
[CTXSW] Cycles: 8
[CTXSW] Cycles: 8
[CTXSW] Cycles: 6
[OBSERVER] Preemption gap: 31082 cycle[CRITICAL] Cycles: 160000
s
[CTXSW] Cycles: 7
[CTXSW] Cycles: 0
[CTXSW] Cycles: 0
[CTXSW] Cycles: 16
[CTXSW] Cycles: 10
[CTXSW] Cycles: 125
[CTXSW] Cycles: 9
[CTXSW] Cycles: 11
[CTXSW] Cycles: 8
[CTXSW] Cycles: 10
[CTXSW] Cycles: 9
[CTXSW] Cycles: 18
[CTXSW] Cycles: 11
[CTXSW] Cycles: 25
[CTXSW] Cycles: 9
[CTXSW] Cycles: 8
[CTXSW] Cycles: 9
[CTXSW] Cycles: 7
[CTXSW] Cycles: 8
[CTXSW] Cycles: 19
[CRITICAL] Cycles: 160035
[MEDIUM] Cycles: 80029
[OBSERVER] Preemption gap: 263502 cycles
[CTXSW] Cycles: 11
[CTXSW] Cycles: 13
[CTXSW] Cycles: 19
[CTXSW] Cycles: 18
[CTXSW] Cycles: 9
[CTXSW] Cycles: 8
[CTXSW] Cycles: 8
[CTXSW] Cycles: 7
[CTXSW] Cycles: 7
[CTXSW] Cycles: 8
[CTXSW] Cycles: 7
[CTXSW] Cycles: 6
[CRITICAL] Cycles: 160198
[MEDIUM] Cycles: 83441
[OBSERVER] Preemption gap: 255329 cycles
[CTXSW] Cycles: 8
[CTXSW] Cycles: 7
[CTXSW] Cycles: 19
[CTXSW] Cycles: 15
[CTXSW] Cycles: 8
[CTXSW] Cycles: 8
[CTXSW] Cycles: 8
[CTXSW] Cycles: 6
[CTXSW] Cycles: 7
[CTXSW] Cycles: 6
[CTXSW] Cycles: 8
[CTXSW] Cycles: 7
[CRITICAL] Cycles: 160349
[OBSERVER] Preemption gap: 190453 cycles
[CTXSW] Cycles: 8
[CTXSW] Cycles: 7
[CTXSW] Cycles: 0
[CTXSW] Cycles: 9
[CTXSW] Cycles: 12
[CTXSW] Cycles: 8
[CTXSW] Cycles: 21
[CTXSW] Cycles: 12
[CTXSW] Cycles: 45
[CTXSW] Cycles: 12
[CTXSW] Cycles: 21
[CTXSW] Cycles: 14
[CTXSW] Cycles: 7
[CTXSW] Cycles: 8
[CTXSW] Cycles: 16
[CTXSW] Cycles: 11
[CTXSW] Cycles: 7
[CTXSW] Cycles: 8
[CTXSW] Cycles: 13
[CRITICAL] Cycles: 160043
[MEDIUM] Cycles: 80042
[OBSERVER] Preemption gap: 249104 cycles
[CTXSW] Cycles: 11
[CTXSW] Cycles: 8
[CTXSW] Cycles: 28
[CTXSW] Cycles: 21
[CTXSW] Cycles: 9
[CTXSW] Cycles: 14
[CTXSW] Cycles: 8
[CTXSW] Cycles: 17
[OBSERVER] Preemption gap: 26719 cycles
[CTXSW] Cycles: 13
[CTXSW] Cycles: 7
[CTXSW] Cycles: 8
[CTXSW] Cycles: 7
[CRITICAL] Cycles: 160517
[MEDIUM] Cycles: 80028
[OBSERVER] Preemption gap: 256701 cycles
[CTXSW] Cycles: 7
[CTXSW] Cycles: 18
[CTXSW] Cycles: 17
[CTXSW] Cycles: 26
[CTXSW] Cycles: 9
[CTXSW] Cycles: 7
[CTXSW] Cycles: 8
[CTXSW] Cycles: 6
[CTXSW] Cycles: 7
[CTXSW] Cycles: 6
[OBSERVER] Preemption gap: 24389 cycles
[CTXSW] Cycles: 12
[CTXSW] Cycles: 11
[CRITICAL] Cycles: 160000
[OBSERVER] Preemption gap: 181098 cycles
[CTXSW] Cycles: 8
[CTXSW] Cycles: 0
[CTXSW] Cycles: 11
[CTXSW] Cycles: 13
[CTXSW] Cycles: 11
[CTXSW] Cycles: 8
[CTXSW] Cycles: 43
[CTXSW] Cycles: 8
[CTXSW] Cycles: 22
[CTXSW] Cycles: 18
[CTXSW] Cycles: 21
[CTXSW] Cycles: 14
[CTXSW] Cycles: 7
[CTXSW] Cycles: 12
[CTXSW] Cycles: 14
[CTXSW] Cycles: 10
[CTXSW] Cycles: 7
[CTXSW] Cycles: 8
[CTXSW] Cycles: 7
[CRITICAL] Cycles: 162818
[MEDIUM] Cycles: 80032
[OBSERVER] Preemption gap: 256433 cycles
[CTXSW] Cycles: 8
[CTXSW] Cycles: 7
[CTXSW] Cycles: 20
[CTXSW] Cycles: 21
[CTXSW] Cycles: 10
[CTXSW] Cycles: 44
[CTXSW] Cycles: 8
[CTXSW] Cycles: 7
[CTXSW] Cycles: 8
[CTXSW] Cycles: 20
[CTXSW] Cycles: 12
[CTXSW] Cycles: 7
[CRITICAL] Cycles: 162228
[MEDIUM] Cycles: 80027
[OBSERVER] Preemption gap: 255603 cycles
[CTXSW] Cycles: 8
[CTXSW] Cycles: 7
[CTXSW] Cycles: 19
[CTXSW] Cycles: 212
[CTXSW] Cycles: 10
[CTXSW] Cycles: 18
[CTXSW] Cycles: 13
[CTXSW] Cycles: 6
[CTXSW] Cycles: 8
[CTXSW] Cycles: 7
[CTXSW] Cycles: 8
[CTXSW] Cycles: 7
[CRITICAL] Cycles: 162683
[OBSERVER] Preemption gap: 170921 cycles
[CTXSW] Cycles: 8
[CTXSW] Cycles: 7
[CTXSW] Cycles: 17
[CTXSW] Cycles: 9
[CTXSW] Cycles: 12
[CTXSW] Cycles: 8
[CTXSW] Cycles: 12
[CTXSW] Cycles: 9
[CTXSW] Cycles: 14
[CTXSW] Cycles: 12
[CTXSW] Cycles: 9
[CTXSW] Cycles: 7
[CTXSW] Cycles: 6
[CTXSW] Cycles: 7
[CTXSW] Cycles: 19
[CTXSW] Cycles: 11
[CTXSW] Cycles: 7
[CTXSW] Cycles: 11
[CTXSW] Cycles: 123
[CTXSW] Cycles: 10
[CTXSW] Cycles: 7
[CRITICAL] Cycles: 160031
[MEDIUM] Cycles: 80028
[OBSERVER] Preemption gap: 260507 cycles
[CTXSW] Cycles: 8
[CTXSW] Cycles: 126
[CTXSW] Cycles: 15
[CTXSW] Cycles: 25
[CTXSW] Cycles: 8
[CTXSW] Cycles: 7
[CTXSW] Cycles: 8
[CTXSW] Cycles: 6
[CTXSW] Cycles: 7
[CTXSW] Cycles: 18
[CTXSW] Cycles: 12
[CTXSW] Cycles: 17
[CRITICAL] Cycles: 160032
[MEDIUM] Cycles: 80031
[OBSERVER] Preemption gap: 261941 cycles
[CTXSW] Cycles: 11
[CTXSW] Cycles: 7
[CTXSW] Cycles: 14
[CTXSW] Cycles: 15
[CTXSW] Cycles: 8
[CTXSW] Cycles: 7
[CTXSW] Cycles: 8
[CTXSW] Cycles: 25
[CTXSW] Cycles: 11
[CTXSW] Cycles: 7
[CTXSW] Cycles: 8
[CTXSW] Cycles: 6
[CRITICAL] Cycles: 160034
[OBSERVER] Preemption gap: 177289 cycles
[CTXSW] Cycles: 8
[CTXSW] Cycles: 7
[CTXSW] Cycles: 19
[CTXSW] Cycles: 9
[CTXSW] Cycles: 9
[CTXSW] Cycles: 8
[CTXSW] Cycles: 7
[CTXSW] Cycles: 8
[CTXSW] Cycles: 18
[CTXSW] Cycles: 13
[CTXSW] Cycles: 42
[CTXSW] Cycles: 7
[CTXSW] Cycles: 7
[CTXSW] Cycles: 8
[CTXSW] Cycles: 6
[CTXSW] Cycles: 8
[CTXSW] Cycles: 19
[CTXSW] Cycles: 11
[CTXSW] Cycles: 6
[CTXSW] Cycles: 7
[CTXSW] Cycles: 8
[CRITICAL] Cycles: 160026
[MEDIUM] Cycles: 80029
[OBSERVER] Preemption gap: 257331 cycles
[CTXSW] Cycles: 7
[CTXSW] Cycles: 7
[CTXSW] Cycles: 13
[CTXSW] Cycles: 22
[CTXSW] Cycles: 11
[CTXSW] Cycles: 19
[CTXSW] Cycles: 16
[CTXSW] Cycles: 125
[CTXSW] Cycles: 8
[CTXSW] Cycles: 7
[CTXSW] Cycles: 8
[CTXSW] Cycles: 9
[CRITICAL] Cycles: 160136
[MEDIUM] Cycles: 86103
[OBSERVER] Preemption gap: 258753 cycles
[CTXSW] Cycles: 9
[CTXSW] Cycles: 10
[CTXSW] Cycles: 22
[CTXSW] Cycles: 19
[CTXSW] Cycles: 8
[CTXSW] Cycles: 7
[CTXSW] Cycles: 7
[CTXSW] Cycles: 7
[CTXSW] Cycles: 7
[CTXSW] Cycles: 22
[CTXSW] Cycles: 12
[CTXSW] Cycles: 8
[CRITICAL] Cycles: 160036
[OBSERVER] Preemption gap: 173392 cycles
[CTXSW] Cycles: 9
[CTXSW] Cycles: 7
[CTXSW] Cycles: 19
[CTXSW] Cycles: 11
[CTXSW] Cycles: 30
[CTXSW] Cycles: 12
[CTXSW] Cycles: 14
[CTXSW] Cycles: 10
[CTXSW] Cycles: 9
[CTXSW] Cycles: 8
[CTXSW] Cycles: 16
[CTXSW] Cycles: 13
[CTXSW] Cycles: 10
[CTXSW] Cycles: 8
[CTXSW] Cycles: 7
[CTXSW] Cycles: 8
[CTXSW] Cycles: 6
[CTXSW] Cycles: 8
[CTXSW] Cycles: 7
[CTXSW] Cycles: 7
[CTXSW] Cycles: 149
[CRITICAL] Cycles: 166052
[MEDIUM] Cycles: 80168
[OBSERVER] Preemption gap: 258565 cycles
[CTXSW] Cycles: 12
[CTXSW] Cycles: 8
[CTXSW] Cycles: 21
[CTXSW] Cycles: 18
[CTXSW] Cycles: 9
[CTXSW] Cycles: 7
[CTXSW] Cycles: 7
[CTXSW] Cycles: 7
[CTXSW] Cycles: 8
[CTXSW] Cycles: 17
[CTXSW] Cycles: 8
[CTXSW] Cycles: 7
[CRITICAL] Cycles: 163996
[MEDIUM] Cycles: 80175
[OBSERVER] Preemption gap: 261032 cycles
[CTXSW] Cycles: 8
[CTXSW] Cycles: 7
[CTXSW] Cycles: 22
[CTXSW] Cycles: 17
[CTXSW] Cycles: 10
[CTXSW] Cycles: 19
[CTXSW] Cycles: 12
[CTXSW] Cycles: 7
[CTXSW] Cycles: 8
[CTXSW] Cycles: 47
[CTXSW] Cycles: 10
[CTXSW] Cycles: 7
[CRITICAL] Cycles: 160198
[OBSERVER] Preemption gap: 183453 cycles
[CTXSW] Cycles: 8
[CTXSW] Cycles: 7
[CTXSW] Cycles: 16
[CTXSW] Cycles: 9
[CTXSW] Cycles: 12
[CTXSW] Cycles: 8
[CTXSW] Cycles: 9
[CTXSW] Cycles: 15
[CTXSW] Cycles: 10
[CTXSW] Cycles: 14
[CTXSW] Cycles: 13
[CTXSW] Cycles: 7
[CTXSW] Cycles: 7
[CTXSW] Cycles: 8
[CTXSW] Cycles: 6
[CTXSW] Cycles: 7
[CTXSW] Cycles: 8
[CTXSW] Cycles: 7
[CTXSW] Cycles: 6
[CTXSW] Cycles: 7
[CTXSW] Cycles: 7
[CRITICAL] Cycles: 160034
[MEDIUM] Cycles: 80477
[OBSERVER] Preemption gap: 262121 cycles
[CTXSW] Cycles: 8
[CTXSW] Cycles: 7
[CTXSW] Cycles: 25
[CTXSW] Cycles: 15
[CTXSW] Cycles: 9
[CTXSW] Cycles: 9
[CTXSW] Cycles: 8
[CTXSW] Cycles: 7
[CTXSW] Cycles: 8
[CTXSW] Cycles: 23
[CTXSW] Cycles: 12
[CTXSW] Cycles: 9
[CRITICAL] Cycles: 160047
[MEDIUM] Cycles: 80032
[OBSERVER] Preemption gap: 258836 cycles
[CTXSW] Cycles: 8
[CTXSW] Cycles: 16
[CTXSW] Cycles: 20
[CTXSW] Cycles: 18
[CTXSW] Cycles: 9
[CTXSW] Cycles: 8
[CTXSW] Cycles: 7
[CTXSW] Cycles: 6
[CTXSW] Cycles: 7
[CTXSW] Cycles: 7
[CTXSW] Cycles: 8
[CTXSW] Cycles: 6
[CRITICAL] Cycles: 160031
[OBSERVER] Preemption gap: 189340 cycles
[CTXSW] Cycles: 7
[CTXSW] Cycles: 7
[CTXSW] Cycles: 15
[CTXSW] Cycles: 9
[CTXSW] Cycles: 6
[CTXSW] Cycles: 8
[CTXSW] Cycles: 7
[CTXSW] Cycles: 10
[CTXSW] Cycles: 21
[CTXSW] Cycles: 16
[CTXSW] Cycles: 7
[CTXSW] Cycles: 8
[CTXSW] Cycles: 7
[CTXSW] Cycles: 7
[CTXSW] Cycles: 12
[CTXSW] Cycles: 10
[CTXSW] Cycles: 6
[CTXSW] Cycles: 9
[CTXSW] Cycles: 6
[CRITICAL] Cycles: 160025
[MEDIUM] Cycles: 80029
[OBSERVER] Preemption gap: 262939 cycles
[CTXSW] Cycles: 7
[CTXSW] Cycles: 7
[CTXSW] Cycles: 11
[CTXSW] Cycles: 25
[CTXSW] Cycles: 9
[CTXSW] Cycles: 7
[CTXSW] Cycles: 7
[CTXSW] Cycles: 8
[CTXSW] Cycles: 8
[CTXSW] Cycles: 9
[CTXSW] Cycles: 10
[CTXSW] Cycles: 7
[CRITICAL] Cycles: 160024
[MEDIUM] Cycles: 80031
[OBSERVER] Preemption gap: 255488 cycles
[CTXSW] Cycles: 8
[CTXSW] Cycles: 7
[CTXSW] Cycles: 10
[CTXSW] Cycles: 25
[CTXSW] Cycles: 11
[CTXSW] Cycles: 8
[CTXSW] Cycles: 8
[CTXSW] Cycles: 7
[CTXSW] Cycles: 15
[CTXSW] Cycles: 7
[CTXSW] Cycles: 8
[CTXSW] Cycles: 16
[CRITICAL] Cycles: 160033
[OBSERVER] Preemption gap: 174839 cycles
[CTXSW] Cycles: 11
[CTXSW] Cycles: 7
[CTXSW] Cycles: 14
[CTXSW] Cycles: 11
[CTXSW] Cycles: 9
[CTXSW] Cycles: 8
[CTXSW] Cycles: 24
[CTXSW] Cycles: 7
[CTXSW] Cycles: 10
[CTXSW] Cycles: 7
[CTXSW] Cycles: 21
[CTXSW] Cycles: 16
[CTXSW] Cycles: 17
[CTXSW] Cycles: 9
[CTXSW] Cycles: 19
[CTXSW] Cycles: 8
[CTXSW] Cycles: 7
[CTXSW] Cycles: 7
[CTXSW] Cycles: 7
[CTXSW] Cycles: 7
[CTXSW] Cycles: 6
[CRITICAL] Cycles: 160037
[MEDIUM] Cycles: 80030
[OBSERVER] Preemption gap: 261256 cycles
[CTXSW] Cycles: 8
[CTXSW] Cycles: 7
[CTXSW] Cycles: 15
[CTXSW] Cycles: 23
[CTXSW] Cycles: 9
[CTXSW] Cycles: 9
[CTXSW] Cycles: 7
[CTXSW] Cycles: 27
[CTXSW] Cycles: 11
[CTXSW] Cycles: 7
[CTXSW] Cycles: 8
[CTXSW] Cycles: 6
[CRITICAL] Cycles: 162206
[MEDIUM] Cycles: 83060
[OBSERVER] Preemption gap: 263101 cycles
[CTXSW] Cycles: 7
[CTXSW] Cycles: 7
[CTXSW] Cycles: 22
[CTXSW] Cycles: 22
[CTXSW] Cycles: 9
[CTXSW] Cycles: 8
[CTXSW] Cycles: 8
[CTXSW] Cycles: 6
[CTXSW] Cycles: 7
[CTXSW] Cycles: 6
[CTXSW] Cycles: 7
[CTXSW] Cycles: 6
[CRITICAL] Cycles: 161537
[OBSERVER] Preemption gap: 171667 cycles
[CTXSW] Cycles: 8
[CTXSW] Cycles: 7
[CTXSW] Cycles: 14
[CTXSW] Cycles: 7
[CTXSW] Cycles: 132
[CTXSW] Cycles: 8
[CTXSW] Cycles: 7
[CTXSW] Cycles: 8
[CTXSW] Cycles: 13
[CTXSW] Cycles: 10
[CTXSW] Cycles: 12
[CTXSW] Cycles: 9
[CTXSW] Cycles: 6
[CTXSW] Cycles: 7
[CTXSW] Cycles: 6
[CTXSW] Cycles: 10
[CTXSW] Cycles: 7
[CTXSW] Cycles: 8
[CTXSW] Cycles: 6
[CTXSW] Cycles: 7
[CTXSW] Cycles: 11
[CRITICAL] Cycles: 164664
[MEDIUM] Cycles: 80028
[OBSERVER] Preemption gap: 257137 cycles
[CTXSW] Cycles: 7
[CTXSW] Cycles: 6
[CTXSW] Cycles: 13
[CTXSW] Cycles: 15
[CTXSW] Cycles: 8
[CTXSW] Cycles: 7
[CTXSW] Cycles: 7
[CTXSW] Cycles: 7
[CTXSW] Cycles: 7
[CTXSW] Cycles: 7
[CTXSW] Cycles: 7
[CTXSW] Cycles: 6
[CRITICAL] Cycles: 161292
[MEDIUM] Cycles: 84819
[OBSERVER] Preemption gap: 261725 cycles
[CTXSW] Cycles: 7
[CTXSW] Cycles: 7
[CTXSW] Cycles: 11
[CTXSW] Cycles: 18
[CTXSW] Cycles: 8
[CTXSW] Cycles: 18
[CTXSW] Cycles: 13
[CTXSW] Cycles: 7
[CTXSW] Cycles: 7
[CTXSW] Cycles: 123
[CTXSW] Cycles: 7
[CTXSW] Cycles: 119
[CRITICAL] Cycles: 160039
[OBSERVER] Preemption gap: 179709 cycles
[CTXSW] Cycles: 8
[CTXSW] Cycles: 7
[CTXSW] Cycles: 18
[CTXSW] Cycles: 9
[CTXSW] Cycles: 15
[CTXSW] Cycles: 8
[CTXSW] Cycles: 10
[CTXSW] Cycles: 8
[CTXSW] Cycles: 135
[CTXSW] Cycles: 12
[CTXSW] Cycles: 46
[CTXSW] Cycles: 12
[CTXSW] Cycles: 7
[CTXSW] Cycles: 7
[CTXSW] Cycles: 6
[CTXSW] Cycles: 7
[CTXSW] Cycles: 6
[CTXSW] Cycles: 7
[CTXSW] Cycles: 25
[CTXSW] Cycles: 16
[CTXSW] Cycles: 12
[CRITICAL] Cycles: 160198
[MEDIUM] Cycles: 80035
[OBSERVER] Preemption gap: 256575 cycles
[CTXSW] Cycles: 10
[CTXSW] Cycles: 7
[CTXSW] Cycles: 17
[CTXSW] Cycles: 21
[CTXSW] Cycles: 11
[CTXSW] Cycles: 9
[CTXSW] Cycles: 8
[CTXSW] Cycles: 19
[OBSERVER] Preemption gap: 24349 cycles
[CTXSW] Cycles: 8
[CTXSW] Cycles: 6
[CTXSW] Cycles: 7
[CTXSW] Cycles: 8
[CRITICAL] Cycles: 160036
[MEDIUM] Cycles: 80031
[OBSERVER] Preemption gap: 264816 cycles
[CTXSW] Cycles: 8
[CTXSW] Cycles: 6
[CTXSW] Cycles: 20
[CTXSW] Cycles: 20
[CTXSW] Cycles: 10
[CTXSW] Cycles: 7
[CTXSW] Cycles: 8
[CTXSW] Cycles: 21
[CTXSW] Cycles: 12
[CTXSW] Cycles: 8
[CTXSW] Cycles: 8
[CTXSW] Cycles: 7
[CRITICAL] Cycles: 160772
[OBSERVER] Preemption gap: 178609 cycles
[CTXSW] Cycles: 8
[CTXSW] Cycles: 7
[CTXSW] Cycles: 31
[CTXSW] Cycles: 11
[CTXSW] Cycles: 20
[CTXSW] Cycles: 7
[CTXSW] Cycles: 23
[OBSERVER] Preemption gap: 27631 cycles
[CTXSW] Cycles: 17
[CTXSW] Cycles: 24
[CTXSW] Cycles: 10
[CTXSW] Cycles: 8
[CTXSW] Cycles: 8
[CTXSW] Cycles: 18
[CTXSW] Cycles: 11
[CTXSW] Cycles: 7
[CTXSW] Cycles: 8
[CTXSW] Cycles: 7
[CTXSW] Cycles: 8
[CTXSW] Cycles: 7
[CTXSW] Cycles: 7
[CTXSW] Cycles: 7
[CRITICAL] Cycles: 160030
[MEDIUM] Cycles: 80029
[OBSERVER] Preemption gap: 262330 cycles
[CTXSW] Cycles: 8
[CTXSW] Cycles: 7
[CTXSW] Cycles: 15
[CTXSW] Cycles: 30
[CTXSW] Cycles: 11
[CTXSW] Cycles: 8
[CTXSW] Cycles: 7
[CTXSW] Cycles: 6
[CTXSW] Cycles: 8
[CTXSW] Cycles: 7
[CTXSW] Cycles: 8
[CTXSW] Cycles: 7
[CRITICAL] Cycles: 169023
[MEDIUM] Cycles: 80028
[OBSERVER] Preemption gap: 259326 cycles
[CTXSW] Cycles: 8
[CTXSW] Cycles: 8
[CTXSW] Cycles: 26
[CTXSW] Cycles: 26
[CTXSW] Cycles: 9
[CTXSW] Cycles: 8
[CTXSW] Cycles: 7
[CTXSW] Cycles: 8
[CTXSW] Cycles: 7
[CTXSW] Cycles: 19
[CTXSW] Cycles: 11
[CTXSW] Cycles: 40
[CRITICAL] Cycles: 160035
[OBSERVER] Preemption gap: 177237 cycles
[CTXSW] Cycles: 10
[CTXSW] Cycles: 17
[CTXSW] Cycles: 19
[CTXSW] Cycles: 9
[CTXSW] Cycles: 21
[CTXSW] Cycles: 8
[CTXSW] Cycles: 6
[CTXSW] Cycles: 7
[CTXSW] Cycles: 23
[CTXSW] Cycles: 8
[CTXSW] Cycles: 24
[CTXSW] Cycles: 12
[CTXSW] Cycles: 13
[CTXSW] Cycles: 10
[CTXSW] Cycles: 7
[CTXSW] Cycles: 7
[CTXSW] Cycles: 7
[CTXSW] Cycles: 7
[CTXSW] Cycles: 7
[CTXSW] Cycles: 7
[CTXSW] Cycles: 6
[CRITICAL] Cycles: 162927
[MEDIUM] Cycles: 80030
[OBSERVER] Preemption gap: 260677 cycles
[CTXSW] Cycles: 8
[CTXSW] Cycles: 6
[CTXSW] Cycles: 15
[CTXSW] Cycles: 20
[CTXSW] Cycles: 8
[CTXSW] Cycles: 8
[CTXSW] Cycles: 8
[CTXSW] Cycles: 6
[CTXSW] Cycles: 8
[CTXSW] Cycles: 7
[CTXSW] Cycles: 8
[CTXSW] Cycles: 6
[CRITICAL] Cycles: 160024
[MEDIUM] Cycles: 85507
[OBSERVER] Preemption gap: 258219 cycles
[CTXSW] Cycles: 7
[CTXSW] Cycles: 7
[CTXSW] Cycles: 12
[CTXSW] Cycles: 23
[CTXSW] Cycles: 9
[CTXSW] Cycles: 7
[CTXSW] Cycles: 8
[CTXSW] Cycles: 7
[CTXSW] Cycles: 8
[CTXSW] Cycles: 8
[CTXSW] Cycles: 7
[CTXSW] Cycles: 6
[CRITICAL] Cycles: 160035
[OBSERVER] Preemption gap: 178204 cycles
[CTXSW] Cycles: 8
[CTXSW] Cycles: 6
[CTXSW] Cycles: 21
[CTXSW] Cycles: 9
[CTXSW] Cycles: 19
[CTXSW] Cycles: 12
[CTXSW] Cycles: 9
[CTXSW] Cycles: 10
[CTXSW] Cycles: 62
[CTXSW] Cycles: 9
[CTXSW] Cycles: 7
[CTXSW] Cycles: 10
[CTXSW] Cycles: 6
[CTXSW] Cycles: 8
[CTXSW] Cycles: 7
[CTXSW] Cycles: 8
[CTXSW] Cycles: 8
[CTXSW] Cycles: 8
[CTXSW] Cycles: 8
[CTXSW] Cycles: 8
[CTXSW] Cycles: 9
[CRITICAL] Cycles: 160028
[MEDIUM] Cycles: 80029
[OBSERVER] Preemption gap: 260838 cycles
[CTXSW] Cycles: 7
[CTXSW] Cycles: 8
[CTXSW] Cycles: 18
[CTXSW] Cycles: 18
[CTXSW] Cycles: 8
[CTXSW] Cycles: 7
[CTXSW] Cycles: 8
[CTXSW] Cycles: 7
[CTXSW] Cycles: 7
[CTXSW] Cycles: 21
[CTXSW] Cycles: 12
[CTXSW] Cycles: 23
[CRITICAL] Cycles: 160040
[MEDIUM] Cycles: 80030
[OBSERVER] Preemption gap: 258829 cycles
[CTXSW] Cycles: 10
[CTXSW] Cycles: 7
[CTXSW] Cycles: 24
[CTXSW] Cycles: 20
[CTXSW] Cycles: 9
[CTXSW] Cycles: 8
[CTXSW] Cycles: 8
[CTXSW] Cycles: 21
[OBSERVER] Preemption gap: 27616 cycles
[CTXSW] Cycles: 17
[CTXSW] Cycles: 7
[CTXSW] Cycles: 9
[CTXSW] Cycles: 8
[CRITICAL] Cycles: 160258
[OBSERVER] Preemption gap: 175900 cycles
[CTXSW] Cycles: 8
[CTXSW] Cycles: 6
[CTXSW] Cycles: 18
[CTXSW] Cycles: 10
[CTXSW] Cycles: 13
[CTXSW] Cycles: 8
[CTXSW] Cycles: 122
[OBSERVER] Preemption gap: 24179 cycles
[CTXSW] Cycles: 9
[CTXSW] Cycles: 29
[CTXSW] Cycles: 11
[CTXSW] Cycles: 7
[CTXSW] Cycles: 8
[CTXSW] Cycles: 15
[CTXSW] Cycles: 9
[CTXSW] Cycles: 7
[CTXSW] Cycles: 12
[CTXSW] Cycles: 7
[CTXSW] Cycles: 7
[CTXSW] Cycles: 16
[CTXSW] Cycles: 11
[CTXSW] Cycles: 17
[CRITICAL] Cycles: 168722
[MEDIUM] Cycles: 80029
[OBSERVER] Preemption gap: 260694 cycles
[CTXSW] Cycles: 10
[CTXSW] Cycles: 7
[CTXSW] Cycles: 26
[CTXSW] Cycles: 25
[CTXSW] Cycles: 9
[CTXSW] Cycles: 8
[CTXSW] Cycles: 8
[CTXSW] Cycles: 7
[CTXSW] Cycles: 8
[CTXSW] Cycles: 6
[CTXSW] Cycles: 8
[CTXSW] Cycles: 6
[CRITICAL] Cycles: 162110
[MEDIUM] Cycles: 80031
[OBSERVER] Preemption gap: 257732 cycles
[CTXSW] Cycles: 8
[CTXSW] Cycles: 20
[CTXSW] Cycles: 27
[CTXSW] Cycles: 19
[CTXSW] Cycles: 9
[CTXSW] Cycles: 7
[CTXSW] Cycles: 8
[CTXSW] Cycles: 6
[CTXSW] Cycles: 8
[CTXSW] Cycles: 7
[CTXSW] Cycles: 8
[CTXSW] Cycles: 7
[CRITICAL] Cycles: 160028
[OBSERVER] Preemption gap: 163883 cycles
[CTXSW] Cycles: 7
[CTXSW] Cycles: 6
[CTXSW] Cycles: 9
[CTXSW] Cycles: 7
[CTXSW] Cycles: 8
[CTXSW] Cycles: 8
[CTXSW] Cycles: 7
[CTXSW] Cycles: 8
[CTXSW] Cycles: 6
[CTXSW] Cycles: 8
[CTXSW] Cycles: 11
[CTXSW] Cycles: 8
[CTXSW] Cycles: 6
[CTXSW] Cycles: 8
[CTXSW] Cycles: 7
[CTXSW] Cycles: 10
[CTXSW] Cycles: 20
[CTXSW] Cycles: 11
[CTXSW] Cycles: 7
[CTXSW] Cycles: 8
[CTXSW] Cycles: 7
[CRITICAL] Cycles: 160038
[MEDIUM] Cycles: 80029
[OBSERVER] Preemption gap: 263841 cycles
[CTXSW] Cycles: 8
[CTXSW] Cycles: 6
[CTXSW] Cycles: 23
[CTXSW] Cycles: 19
[CTXSW] Cycles: 10
[CTXSW] Cycles: 7
[CTXSW] Cycles: 8
[CTXSW] Cycles: 6
[CTXSW] Cycles: 8
[CTXSW] Cycles: 7
[CTXSW] Cycles: 8
[CTXSW] Cycles: 7
[CRITICAL] Cycles: 160778
[MEDIUM] Cycles: 80026
[OBSERVER] Preemption gap: 263543 cycles
[CTXSW] Cycles: 8
[CTXSW] Cycles: 8
[CTXSW] Cycles: 18
[CTXSW] Cycles: 10
[CTXSW] Cycles: 8
[CTXSW] Cycles: 20
[CTXSW] Cycles: 13
[CTXSW] Cycles: 7
[CTXSW] Cycles: 8
[CTXSW] Cycles: 7
[CTXSW] Cycles: 7
[CTXSW] Cycles: 123
[CRITICAL] Cycles: 165458
[OBSERVER] Preemption gap: 187199 cycles
[CTXSW] Cycles: 8
[CTXSW] Cycles: 7
[CTXSW] Cycles: 20
[CTXSW] Cycles: 8
[CTXSW] Cycles: 9
[CTXSW] Cycles: 9
[CTXSW] Cycles: 19
[CTXSW] Cycles: 10
[CTXSW] Cycles: 7
[CTXSW] Cycles: 9
[CTXSW] Cycles: 7
[OBSERVER] Preemption gap: 24956 cycles
[CTXSW] Cycles: 8
[CTXSW] Cycles: 7
[CTXSW] Cycles: 8
[CTXSW] Cycles: 7
[CTXSW] Cycles: 8
[CTXSW] Cycles: 9
[CTXSW] Cycles: 8
[CTXSW] Cycles: 6
[CTXSW] Cycles: 8
[CTXSW] Cycles: 7
[CRITICAL] Cycles: 161693
[MEDIUM] Cycles: 84168
[OBSERVER] Preemption gap: 261804 cycles
[CTXSW] Cycles: 8
[CTXSW] Cycles: 7
[CTXSW] Cycles: 15
[CTXSW] Cycles: 15
[CTXSW] Cycles: 8
[CTXSW] Cycles: 7
[CTXSW] Cycles: 7
[CTXSW] Cycles: 6
[CTXSW] Cycles: 7
[CTXSW] Cycles: 7
[CTXSW] Cycles: 7
[CTXSW] Cycles: 7
[CRITICAL] Cycles: 162921
[MEDIUM] Cycles: 80029
[OBSERVER] Preemption gap: 259095 cycles
[CTXSW] Cycles: 7
[CTXSW] Cycles: 6
[CTXSW] Cycles: 21
[CTXSW] Cycles: 19
[CTXSW] Cycles: 9
[CTXSW] Cycles: 8
[CTXSW] Cycles: 8
[CTXSW] Cycles: 7
[CTXSW] Cycles: 7
[CTXSW] Cycles: 17
[CTXSW] Cycles: 10
[CTXSW] Cycles: 7
[CRITICAL] Cycles: 162104
[OBSERVER] Preemption gap: 176849 cycles
[CTXSW] Cycles: 9
[CTXSW] Cycles: 7
[CTXSW] Cycles: 17
[CTXSW] Cycles: 12
[CTXSW] Cycles: 13
[CTXSW] Cycles: 9
[CTXSW] Cycles: 22
[CTXSW] Cycles: 12
[CTXSW] Cycles: 35
[CTXSW] Cycles: 9
[CTXSW] Cycles: 10
[CTXSW] Cycles: 8
[CTXSW] Cycles: 15
[CTXSW] Cycles: 10
[CTXSW] Cycles: 6
[CTXSW] Cycles: 8
[CTXSW] Cycles: 7
[CTXSW] Cycles: 8
[CTXSW] Cycles: 7
[CTXSW] Cycles: 8
[CTXSW] Cycles: 16
[CRITICAL] Cycles: 160037
[MEDIUM] Cycles: 80043
[OBSERVER] Preemption gap: 253435 cycles
[CTXSW] Cycles: 11
[CTXSW] Cycles: 8
[CTXSW] Cycles: 55
[CTXSW] Cycles: 19
[CTXSW] Cycles: 11
[CTXSW] Cycles: 7
[CTXSW] Cycles: 8
[CTXSW] Cycles: 16
[CTXSW] Cycles: 12
[CTXSW] Cycles: 6
[CTXSW] Cycles: 8
[CTXSW] Cycles: 7
[CRITICAL] Cycles: 160029
[MEDIUM] Cycles: 80029
[OBSERVER] Preemption gap: 260331 cycles
[CTXSW] Cycles: 8
[CTXSW] Cycles: 7
[CTXSW] Cycles: 12
[CTXSW] Cycles: 14
[CTXSW] Cycles: 7
[CTXSW] Cycles: 7
[CTXSW] Cycles: 7
[CTXSW] Cycles: 7
[CTXSW] Cycles: 7
[CTXSW] Cycles: 9
[CTXSW] Cycles: 7
[CTXSW] Cycles: 7
[CRITICAL] Cycles: 162355
[OBSERVER] Preemption gap: 174665 cycles
[CTXSW] Cycles: 8
[CTXSW] Cycles: 6
[CTXSW] Cycles: 15
[CTXSW] Cycles: 8
[CTXSW] Cycles: 40
[OBSERVER] Preemption gap: 26882 cycles
[CTXSW] Cycles: 8
[CTXSW] Cycles: 8
[CTXSW] Cycles: 11
[CTXSW] Cycles: 7
[CTXSW] Cycles: 8
[CTXSW] Cycles: 6
[CTXSW] Cycles: 7
[CTXSW] Cycles: 36
[CTXSW] Cycles: 8
[CTXSW] Cycles: 9
[CTXSW] Cycles: 9
[CTXSW] Cycles: 33
[CTXSW] Cycles: 7
[CTXSW] Cycles: 115
[CTXSW] Cycles: 8
[CTXSW] Cycles: 6
[CRITICAL] Cycles: 160919
[MEDIUM] Cycles: 80034
[OBSERVER] Preemption gap: 251972 cycles
[CTXSW] Cycles: 7
[CTXSW] Cycles: 6
[CTXSW] Cycles: 13
[CTXSW] Cycles: 11
[CTXSW] Cycles: 8
[CTXSW] Cycles: 7
[CTXSW] Cycles: 8
[CTXSW] Cycles: 7
[CTXSW] Cycles: 7
[CTXSW] Cycles: 7
[CTXSW] Cycles: 7
[CTXSW] Cycles: 7
[CRITICAL] Cycles: 160021
[MEDIUM] Cycles: 80223
[OBSERVER] Preemption gap: 253073 cycles
[CTXSW] Cycles: 8
[CTXSW] Cycles: 7
[CTXSW] Cycles: 10
[CTXSW] Cycles: 17
[CTXSW] Cycles: 8
[CTXSW] Cycles: 9
[CTXSW] Cycles: 7
[CTXSW] Cycles: 6
[CTXSW] Cycles: 16
[CTXSW] Cycles: 6
[CTXSW] Cycles: 7
[CTXSW] Cycles: 20
[CRITICAL] Cycles: 160032
[OBSERVER] Preemption gap: 171052 cycles
[CTXSW] Cycles: 11
[CTXSW] Cycles: 37
[CTXSW] Cycles: 16
[CTXSW] Cycles: 8
[CTXSW] Cycles: 102
[CTXSW] Cycles: 9
[CTXSW] Cycles: 22
[CTXSW] Cycles: 11
[CTXSW] Cycles: 8
[CTXSW] Cycles: 10
[CTXSW] Cycles: 25
[CTXSW] Cycles: 16
[CTXSW] Cycles: 41
[CTXSW] Cycles: 12
[CTXSW] Cycles: 7
[CTXSW] Cycles: 8
[CTXSW] Cycles: 7
[CTXSW] Cycles: 8
[CTXSW] Cycles: 7
[CTXSW] Cycles: 8
[CTXSW] Cycles: 7
[CRITICAL] Cycles: 160047
[MEDIUM] Cycles: 80033
[OBSERVER] Preemption gap: 263632 cycles
[CTXSW] Cycles: 12
[CTXSW] Cycles: 6
[CTXSW] Cycles: 29
[CTXSW] Cycles: 17
[CTXSW] Cycles: 9
[CTXSW] Cycles: 7
[CTXSW] Cycles: 8
[CTXSW] Cycles: 14
[CTXSW] Cycles: 9
[CTXSW] Cycles: 9
[CTXSW] Cycles: 8
[CTXSW] Cycles: 40
[CRITICAL] Cycles: 160042
[MEDIUM] Cycles: 80032
[OBSERVER] Preemption gap: 255172 cycles
[CTXSW] Cycles: 8
[CTXSW] Cycles: 9
[CTXSW] Cycles: 26
[CTXSW] Cycles: 21
[CTXSW] Cycles: 11
[CTXSW] Cycles: 7
[CTXSW] Cycles: 7
[CTXSW] Cycles: 20
[CTXSW] Cycles: 12
[CTXSW] Cycles: 7
[CTXSW] Cycles: 9
[CTXSW] Cycles: 6
[CRITICAL] Cycles: 161491
[OBSERVER] Preemption gap: 184596 cycles
[CTXSW] Cycles: 8
[CTXSW] Cycles: 7
[CTXSW] Cycles: 21
[CTXSW] Cycles: 11
[CTXSW] Cycles: 7
[CTXSW] Cycles: 8
[CTXSW] Cycles: 7
[CTXSW] Cycles: 15
[CTXSW] Cycles: 14
[CTXSW] Cycles: 8
[CTXSW] Cycles: 7
[CTXSW] Cycles: 8
[CTXSW] Cycles: 9
[CTXSW] Cycles: 8
[CTXSW] Cycles: 7
[CTXSW] Cycles: 7
[CTXSW] Cycles: 6
[CTXSW] Cycles: 7
[CTXSW] Cycles: 116
[CTXSW] Cycles: 9
[CTXSW] Cycles: 7
[CRITICAL] Cycles: 163778
[MEDIUM] Cycles: 80034
[OBSERVER] Preemption gap: 258596 cycles
[CTXSW] Cycles: 7
[CTXSW] Cycles: 6
[CTXSW] Cycles: 15
[CTXSW] Cycles: 17
[CTXSW] Cycles: 7
[CTXSW] Cycles: 21
[CTXSW] Cycles: 15
[CTXSW] Cycles: 8
[CTXSW] Cycles: 8
[CTXSW] Cycles: 8
[CTXSW] Cycles: 8
[CTXSW] Cycles: 126
[CRITICAL] Cycles: 160038
[MEDIUM] Cycles: 82392
[OBSERVER] Preemption gap: 259796 cycles
[CTXSW] Cycles: 9
[CTXSW] Cycles: 27
[CTXSW] Cycles: 22
[CTXSW] Cycles: 20
[CTXSW] Cycles: 9
[CTXSW] Cycles: 7
[OBSERVER] Preemption gap: 30065 cycles
[CTXSW] Cycles: 8
[CTXSW] Cycles: 23
[CTXSW] Cycles: 11
[CTXSW] Cycles: 7
[CRITICAL] Cycles: 161091
[OBSERVER] Preemption gap: 180122 cycles
[CTXSW] Cycles: 8
[CTXSW] Cycles: 7
[CTXSW] Cycles: 14
[CTXSW] Cycles: 8
[CTXSW] Cycles: 9
[CTXSW] Cycles: 8
[CTXSW] Cycles: 130
[CTXSW] Cycles: 10
[CTXSW] Cycles: 19
[CTXSW] Cycles: 10
[CTXSW] Cycles: 6
[CTXSW] Cycles: 8
[CTXSW] Cycles: 6
[CTXSW] Cycles: 8
[CTXSW] Cycles: 6
[CTXSW] Cycles: 7
[CTXSW] Cycles: 6
[CTXSW] Cycles: 8
[CTXSW] Cycles: 6
[CTXSW] Cycles: 8
[CTXSW] Cycles: 6
[CRITICAL] Cycles: 162774
[MEDIUM] Cycles: 80180
[OBSERVER] Preemption gap: 258074 cycles
[CTXSW] Cycles: 7
[CTXSW] Cycles: 6
[CTXSW] Cycles: 28
[CTXSW] Cycles: 19
[CTXSW] Cycles: 10
[CTXSW] Cycles: 14
[CTXSW] Cycles: 16
[CTXSW] Cycles: 7
[CTXSW] Cycles: 8
[CTXSW] Cycles: 13
[CTXSW] Cycles: 10
[CTXSW] Cycles: 11
[CRITICAL] Cycles: 162769
[MEDIUM] Cycles: 80030
[OBSERVER] Preemption gap: 257909 cycles
[CTXSW] Cycles: 9
[CTXSW] Cycles: 7
[CTXSW] Cycles: 20
[CTXSW] Cycles: 17
[CTXSW] Cycles: 9
[CTXSW] Cycles: 8
[CTXSW] Cycles: 8
[CTXSW] Cycles: 7
[CTXSW] Cycles: 8
[CTXSW] Cycles: 7
[CTXSW] Cycles: 7
[CTXSW] Cycles: 7
[CRITICAL] Cycles: 164220
[OBSERVER] Preemption gap: 178501 cycles
[CTXSW] Cycles: 8
[CTXSW] Cycles: 7
[CTXSW] Cycles: 17
[CTXSW] Cycles: 8
[CTXSW] Cycles: 9
[CTXSW] Cycles: 17
[CTXSW] Cycles: 8
[CTXSW] Cycles: 8
[CTXSW] Cycles: 6
[CTXSW] Cycles: 10
[CTXSW] Cycles: 14
[CTXSW] Cycles: 9
[CTXSW] Cycles: 47
[CTXSW] Cycles: 11
[CTXSW] Cycles: 7
[CTXSW] Cycles: 8
[CTXSW] Cycles: 21
[CTXSW] Cycles: 14
[CTXSW] Cycles: 7
[CTXSW] Cycles: 8
[CTXSW] Cycles: 6
[CRITICAL] Cycles: 160027
[MEDIUM] Cycles: 80034
[OBSERVER] Preemption gap: 255562 cycles
[CTXSW] Cycles: 8
[CTXSW] Cycles: 7
[CTXSW] Cycles: 22
[CTXSW] Cycles: 27
[CTXSW] Cycles: 9
[CTXSW] Cycles: 8
[OBSERVER] Preemption gap: 29641 cycles
[CTXSW] Cycles: 8
[CTXSW] Cycles: 10
[CTXSW] Cycles: 8
[CTXSW] Cycles: 7
[CRITICAL] Cycles: 163354
[MEDIUM] Cycles: 80027
[OBSERVER] Preemption gap: 260046 cycles
[CTXSW] Cycles: 8
[CTXSW] Cycles: 6
[CTXSW] Cycles: 25
[CTXSW] Cycles: 20
[CTXSW] Cycles: 9
[CTXSW] Cycles: 7
[CTXSW] Cycles: 7
[CTXSW] Cycles: 10
[CTXSW] Cycles: 8
[CTXSW] Cycles: 6
[CTXSW] Cycles: 7
[CTXSW] Cycles: 8
[CRITICAL] Cycles: 162604
[OBSERVER] Preemption gap: 179740 cycles
[CTXSW] Cycles: 8
[CTXSW] Cycles: 6
[CTXSW] Cycles: 22
[CTXSW] Cycles: 10
[CTXSW] Cycles: 8
[CTXSW] Cycles: 8
[CTXSW] Cycles: 22
[CTXSW] Cycles: 13
[CTXSW] Cycles: 116
[CTXSW] Cycles: 9
[CTXSW] Cycles: 152
[CTXSW] Cycles: 8
[CTXSW] Cycles: 15
[CTXSW] Cycles: 9
[CTXSW] Cycles: 6
[OBSERVER] Preemption gap: 25524 cycles
[CTXSW] Cycles: 8
[CTXSW] Cycles: 10
[CTXSW] Cycles: 9
[CTXSW] Cycles: 7
[CTXSW] Cycles: 8
[CTXSW] Cycles: 7
[CRITICAL] Cycles: 166903
[MEDIUM] Cycles: 80034
[OBSERVER] Preemption gap: 261796 cycles
[CTXSW] Cycles: 8
[CTXSW] Cycles: 7
[CTXSW] Cycles: 18
[CTXSW] Cycles: 20
[CTXSW] Cycles: 9
[CTXSW] Cycles: 8
[CTXSW] Cycles: 8
[CTXSW] Cycles: 7
[CTXSW] Cycles: 7
[CTXSW] Cycles: 6
[CTXSW] Cycles: 8
[CTXSW] Cycles: 7
[CRITICAL] Cycles: 160038
[MEDIUM] Cycles: 80026
[OBSERVER] Preemption gap: 256509 cycles
[CTXSW] Cycles: 7
[CTXSW] Cycles: 19
[CTXSW] Cycles: 24
[CTXSW] Cycles: 21
[CTXSW] Cycles: 8
[CTXSW] Cycles: 18
[CTXSW] Cycles: 13
[CTXSW] Cycles: 26
[CTXSW] Cycles: 11
[CTXSW] Cycles: 7
[CTXSW] Cycles: 9
[CTXSW] Cycles: 6
[CRITICAL] Cycles: 160043
[OBSERVER] Preemption gap: 177544 cycles
[CTXSW] Cycles: 7
[CTXSW] Cycles: 7
[CTXSW] Cycles: 16
[CTXSW] Cycles: 8
[CTXSW] Cycles: 8
[CTXSW] Cycles: 10
[CTXSW] Cycles: 25
[CTXSW] Cycles: 10
[CTXSW] Cycles: 8
[CTXSW] Cycles: 8
[CTXSW] Cycles: 135
[CTXSW] Cycles: 8
[CTXSW] Cycles: 12
[CTXSW] Cycles: 8
[CTXSW] Cycles: 9
[CTXSW] Cycles: 8
[CTXSW] Cycles: 6
[CTXSW] Cycles: 8
[CTXSW] Cycles: 7
[CTXSW] Cycles: 8
[CTXSW] Cycles: 6
[CRITICAL] Cycles: 160042
[MEDIUM] Cycles: 80027
[OBSERVER] Preemption gap: 259046 cycles
[CTXSW] Cycles: 8
[CTXSW] Cycles: 57
[CTXSW] Cycles: 15
[CTXSW] Cycles: 16
[CTXSW] Cycles: 9
[CTXSW] Cycles: 25
[CTXSW] Cycles: 13
[CTXSW] Cycles: 7
[CTXSW] Cycles: 8
[CTXSW] Cycles: 6
[CTXSW] Cycles: 8
[CTXSW] Cycles: 40
[CRITICAL] Cycles: 167785
[MEDIUM] Cycles: 80034
[OBSERVER] Preemption gap: 261306 cycles
[CTXSW] Cycles: 11
[CTXSW] Cycles: 7
[CTXSW] Cycles: 28
[CTXSW] Cycles: 21
[CTXSW] Cycles: 9
[CTXSW] Cycles: 9
[CTXSW] Cycles: 13
[CTXSW] Cycles: 8
[CTXSW] Cycles: 8
[CTXSW] Cycles: 7
[OBSERVER] Preemption gap: 25282 cycles
[CTXSW] Cycles: 7
[CTXSW] Cycles: 9
[CRITICAL] Cycles: 160048
[OBSERVER] Preemption gap: 166249 cycles
[CTXSW] Cycles: 8
[CTXSW] Cycles: 6
[CTXSW] Cycles: 21
[OBSERVER] Preemption gap: 26496 cycles
[CTXSW] Cycles: 10
[CTXSW] Cycles: 8
[CTXSW] Cycles: 8
[CTXSW] Cycles: 13
[CTXSW] Cycles: 12
[CTXSW] Cycles: 27
[CTXSW] Cycles: 15
[CTXSW] Cycles: 7
[CTXSW] Cycles: 8
[CTXSW] Cycles: 7
[CTXSW] Cycles: 8
[CTXSW] Cycles: 7
[CTXSW] Cycles: 19
[CTXSW] Cycles: 26
[CTXSW] Cycles: 16
[CTXSW] Cycles: 57
[CRITICAL] Cycles: 160031
[MEDIUM] Cycles: 91296
[OBSERVER] Preemption gap: 269169 cycles
[CTXSW] Cycles: 9
[CTXSW] Cycles: 7
[CTXSW] Cycles: 23
[CTXSW] Cycles: 24
[CTXSW] Cycles: 8
[CTXSW] Cycles: 7
[CTXSW] Cycles: 8
[CTXSW] Cycles: 7
[CTXSW] Cycles: 7
[CTXSW] Cycles: 8
[CTXSW] Cycles: 8
[CTXSW] Cycles: 6
[CRITICAL] Cycles: 160276
[MEDIUM] Cycles: 84345
[OBSERVER] Preemption gap: 260500 cycles
[CTXSW] Cycles: 7
[CTXSW] Cycles: 7
[CTXSW] Cycles: 15
[CTXSW] Cycles: 12
[CTXSW] Cycles: 8
[CTXSW] Cycles: 7
[CTXSW] Cycles: 7
[CTXSW] Cycles: 6
[OBSERVER] Preemption gap: 25369 cycles
[CTXSW] Cycles: 8
[CTXSW] Cycles: 22
[CTXSW] Cycles: 11
[CTXSW] Cycles: 11
[CRITICAL] Cycles: 160028
[OBSERVER] Preemption gap: 178562 cycles
[CTXSW] Cycles: 8
[CTXSW] Cycles: 6
[CTXSW] Cycles: 15
[CTXSW] Cycles: 10
[CTXSW] Cycles: 11
[CTXSW] Cycles: 8
[CTXSW] Cycles: 20
[CTXSW] Cycles: 13
[CTXSW] Cycles: 24
[CTXSW] Cycles: 11
[CTXSW] Cycles: 41
[CTXSW] Cycles: 10
[CTXSW] Cycles: 8
[CTXSW] Cycles: 8
[CTXSW] Cycles: 18
[CTXSW] Cycles: 8
[CTXSW] Cycles: 6
[CTXSW] Cycles: 10
[CTXSW] Cycles: 6
[CTXSW] Cycles: 8
[CTXSW] Cycles: 7
[CRITICAL] Cycles: 164492
[MEDIUM] Cycles: 80113
[OBSERVER] Preemption gap: 255803 cycles
[CTXSW] Cycles: 8
[CTXSW] Cycles: 6
[CTXSW] Cycles: 23
[CTXSW] Cycles: 17
[CTXSW] Cycles: 8
[CTXSW] Cycles: 7
[CTXSW] Cycles: 7
[CTXSW] Cycles: 7
[CTXSW] Cycles: 7
[CTXSW] Cycles: 8
[CTXSW] Cycles: 8
[CTXSW] Cycles: 7
[CRITICAL] Cycles: 160041
[MEDIUM] Cycles: 80026
[OBSERVER] Preemption gap: 260745 cycles
[CTXSW] Cycles: 8
[CTXSW] Cycles: 6
[CTXSW] Cycles: 24
[CTXSW] Cycles: 12
[CTXSW] Cycles: 7
[CTXSW] Cycles: 7
[CTXSW] Cycles: 7
[CTXSW] Cycles: 7
[CTXSW] Cycles: 7
[CTXSW] Cycles: 6
[CTXSW] Cycles: 7
[CTXSW] Cycles: 18
[CRITICAL] Cycles: 160034
[OBSERVER] Preemption gap: 173689 cycles
[CTXSW] Cycles: 7
[CTXSW] Cycles: 10
[CTXSW] Cycles: 23
[CTXSW] Cycles: 8
[CTXSW] Cycles: 11
[CTXSW] Cycles: 8
[CTXSW] Cycles: 7
[CTXSW] Cycles: 8
[CTXSW] Cycles: 40
[CTXSW] Cycles: 10
[CTXSW] Cycles: 8
[CTXSW] Cycles: 17
[CTXSW] Cycles: 7
[CTXSW] Cycles: 8
[CTXSW] Cycles: 6
[CTXSW] Cycles: 8
[CTXSW] Cycles: 7
[CTXSW] Cycles: 8
[CTXSW] Cycles: 7
[CTXSW] Cycles: 7
[CTXSW] Cycles: 6
[CRITICAL] Cycles: 160038
[MEDIUM] Cycles: 82507
[OBSERVER] Preemption gap: 261558 cycles
[CTXSW] Cycles: 8
[CTXSW] Cycles: 7
[CTXSW] Cycles: 12
[CTXSW] Cycles: 20
[CTXSW] Cycles: 11
[CTXSW] Cycles: 10
[CTXSW] Cycles: 8
[CTXSW] Cycles: 22
[CTXSW] Cycles: 15
[CTXSW] Cycles: 7
[CTXSW] Cycles: 9
[CTXSW] Cycles: 10
[CRITICAL] Cycles: 160165
[MEDIUM] Cycles: 80027
[OBSERVER] Preemption gap: 255061 cycles
[CTXSW] Cycles: 9
[CTXSW] Cycles: 9
[CTXSW] Cycles: 20
[CTXSW] Cycles: 16
[CTXSW] Cycles: 7
[CTXSW] Cycles: 7
[CTXSW] Cycles: 8
[CTXSW] Cycles: 11
[CTXSW] Cycles: 8
[CTXSW] Cycles: 7
[CTXSW] Cycles: 8
[CTXSW] Cycles: 8
[CRITICAL] Cycles: 161734
[OBSERVER] Preemption gap: 173001 cycles
[CTXSW] Cycles: 8
[CTXSW] Cycles: 6
[CTXSW] Cycles: 9
[CTXSW] Cycles: 8
[CTXSW] Cycles: 7
[CTXSW] Cycles: 19
[CTXSW] Cycles: 13
[CTXSW] Cycles: 10
[CTXSW] Cycles: 7
[CTXSW] Cycles: 7
[CTXSW] Cycles: 21
[CTXSW] Cycles: 10
[CTXSW] Cycles: 140
[CTXSW] Cycles: 8
[CTXSW] Cycles: 13
[CTXSW] Cycles: 7
[CTXSW] Cycles: 6
[CTXSW] Cycles: 8
[CTXSW] Cycles: 125
[CTXSW] Cycles: 7
[CTXSW] Cycles: 8
[CRITICAL] Cycles: 160034
[MEDIUM] Cycles: 80029
[OBSERVER] Preemption gap: 259689 cycles
[CTXSW] Cycles: 8
[CTXSW] Cycles: 18
[CTXSW] Cycles: 16
[CTXSW] Cycles: 13
[CTXSW] Cycles: 7
[CTXSW] Cycles: 7
[CTXSW] Cycles: 8
[CTXSW] Cycles: 7
[OBSERVER] Preemption gap: 25249 cycles
[CTXSW] Cycles: 7
[CTXSW] Cycles: 6
[CTXSW] Cycles: 8
[CTXSW] Cycles: 7
[CRITICAL] Cycles: 160028
[MEDIUM] Cycles: 80024
[OBSERVER] Preemption gap: 257013 cycles
[CTXSW] Cycles: 8
[CTXSW] Cycles: 6
[CTXSW] Cycles: 12
[CTXSW] Cycles: 10
[CTXSW] Cycles: 7
[CTXSW] Cycles: 7
[CTXSW] Cycles: 8
[CTXSW] Cycles: 6
[CTXSW] Cycles: 7
[CTXSW] Cycles: 7
[CTXSW] Cycles: 8
[CTXSW] Cycles: 7
[CRITICAL] Cycles: 160031
[OBSERVER] Preemption gap: 181763 cycles
[CTXSW] Cycles: 7
[CTXSW] Cycles: 7
[CTXSW] Cycles: 10
[CTXSW] Cycles: 7
[CTXSW] Cycles: 13
[CTXSW] Cycles: 8
[CTXSW] Cycles: 7
[CTXSW] Cycles: 7
[CTXSW] Cycles: 8
[CTXSW] Cycles: 7
[CTXSW] Cycles: 7
[CTXSW] Cycles: 9
[CTXSW] Cycles: 6
[CTXSW] Cycles: 7
[CTXSW] Cycles: 6
[CTXSW] Cycles: 8
[CTXSW] Cycles: 7
[CTXSW] Cycles: 8
[CTXSW] Cycles: 43
[OBSERVER] Preemption gap: 24352 cycles
[CTXSW] Cycles: 8
[CTXSW] Cycles: 6
[CRITICAL] Cycles: 165482
[MEDIUM] Cycles: 80026
[OBSERVER] Preemption gap: 254020 cycles
[CTXSW] Cycles: 8
[CTXSW] Cycles: 6
[CTXSW] Cycles: 11
[CTXSW] Cycles: 24
[CTXSW] Cycles: 9
[CTXSW] Cycles: 9
[CTXSW] Cycles: 8
[CTXSW] Cycles: 19
[CTXSW] Cycles: 15
[CTXSW] Cycles: 16
[CTXSW] Cycles: 13
[CTXSW] Cycles: 17
[CRITICAL] Cycles: 160034
[MEDIUM] Cycles: 83429
[OBSERVER] Preemption gap: 265108 cycles
[CTXSW] Cycles: 14
[CTXSW] Cycles: 45
[CTXSW] Cycles: 21
[CTXSW] Cycles: 19
[CTXSW] Cycles: 9
[CTXSW] Cycles: 8
[CTXSW] Cycles: 7
[CTXSW] Cycles: 114
[CTXSW] Cycles: 8
[CTXSW] Cycles: 6
[CTXSW] Cycles: 8
[CTXSW] Cycles: 8
[CRITICAL] Cycles: 167336
[OBSERVER] Preemption gap: 182194 cycles
[CTXSW] Cycles: 8
[CTXSW] Cycles: 11
[CTXSW] Cycles: 26
[CTXSW] Cycles: 7
[CTXSW] Cycles: 19
[CTXSW] Cycles: 11
[CTXSW] Cycles: 14
[CTXSW] Cycles: 8
[CTXSW] Cycles: 10
[CTXSW] Cycles: 8
[CTXSW] Cycles: 12
[CTXSW] Cycles: 9
[CTXSW] Cycles: 125
[CTXSW] Cycles: 8
[CTXSW] Cycles: 8
[CTXSW] Cycles: 8
[CTXSW] Cycles: 16
[CTXSW] Cycles: 16
[CTXSW] Cycles: 131
[CTXSW] Cycles: 10
[CTXSW] Cycles: 8
[CRITICAL] Cycles: 161374
[MEDIUM] Cycles: 80031
[OBSERVER] Preemption gap: 259358 cycles
[CTXSW] Cycles: 7
[CTXSW] Cycles: 35
[CTXSW] Cycles: 14
[CTXSW] Cycles: 11
[CTXSW] Cycles: 8
[CTXSW] Cycles: 7
[CTXSW] Cycles: 8
[CTXSW] Cycles: 6
[CTXSW] Cycles: 8
[CTXSW] Cycles: 6
[CTXSW] Cycles: 8
[CTXSW] Cycles: 6
[CRITICAL] Cycles: 160022
[MEDIUM] Cycles: 80027
[OBSERVER] Preemption gap: 250870 cycles
[CTXSW] Cycles: 8
[CTXSW] Cycles: 6
[CTXSW] Cycles: 9
[CTXSW] Cycles: 30
[CTXSW] Cycles: 8
[CTXSW] Cycles: 115
[OBSERVER] Preemption gap: 26293 cycles
[CTXSW] Cycles: 8
[CTXSW] Cycles: 7
[CTXSW] Cycles: 7
[CTXSW] Cycles: 8
[CTXSW] Cycles: 8
[CTXSW] Cycles: 18
[CRITICAL] Cycles: 162676
[OBSERVER] Preemption gap: 168843 cycles
[CTXSW] Cycles: 8
[CTXSW] Cycles: 6
[CTXSW] Cycles: 23
[CTXSW] Cycles: 8
[CTXSW] Cycles: 6
[CTXSW] Cycles: 8
[CTXSW] Cycles: 7
[CTXSW] Cycles: 13
[CTXSW] Cycles: 91
[CTXSW] Cycles: 7
[CTXSW] Cycles: 10
[CTXSW] Cycles: 7
[CTXSW] Cycles: 7
[CTXSW] Cycles: 7
[CTXSW] Cycles: 6
[CTXSW] Cycles: 7
[CTXSW] Cycles: 7
[OBSERVER] Preemption gap: 24217 cycles
[CTXSW] Cycles: 8
[CTXSW] Cycles: 7
[CTXSW] Cycles: 7
[CTXSW] Cycles: 6
[CRITICAL] Cycles: 160025
[MEDIUM] Cycles: 80029
[OBSERVER] Preemption gap: 257806 cycles
[CTXSW] Cycles: 7
[CTXSW] Cycles: 7
[CTXSW] Cycles: 9
[CTXSW] Cycles: 10
[CTXSW] Cycles: 7
[CTXSW] Cycles: 7
[OBSERVER] Preemption gap: 25361 cycles
[CTXSW] Cycles: 8
[CTXSW] Cycles: 7
[CTXSW] Cycles: 7
[CTXSW] Cycles: 6
[CTXSW] Cycles: 8
[CTXSW] Cycles: 7
[CRITICAL] Cycles: 160134
[MEDIUM] Cycles: 80022
[OBSERVER] Preemption gap: 260975 cycles
[CTXSW] Cycles: 8
[CTXSW] Cycles: 6
[CTXSW] Cycles: 15
[CTXSW] Cycles: 10
[CTXSW] Cycles: 7
[CTXSW] Cycles: 7
[CTXSW] Cycles: 7
[CTXSW] Cycles: 7
[CTXSW] Cycles: 7
[CTXSW] Cycles: 6
[CTXSW] Cycles: 8
[CTXSW] Cycles: 7
[CRITICAL] Cycles: 163350
[OBSERVER] Preemption gap: 177680 cycles
[CTXSW] Cycles: 8
[CTXSW] Cycles: 6
[CTXSW] Cycles: 11
[CTXSW] Cycles: 8
[CTXSW] Cycles: 7
[CTXSW] Cycles: 8
[CTXSW] Cycles: 20
[CTXSW] Cycles: 13
[CTXSW] Cycles: 21
[CTXSW] Cycles: 15
[CTXSW] Cycles: 14
[CTXSW] Cycles: 10
[CTXSW] Cycles: 18
[CTXSW] Cycles: 13
[CTXSW] Cycles: 7
[CTXSW] Cycles: 8
[CTXSW] Cycles: 25
[CTXSW] Cycles: 13
[CTXSW] Cycles: 6
[CTXSW] Cycles: 8
[CTXSW] Cycles: 16
[CRITICAL] Cycles: 160047
[MEDIUM] Cycles: 80030
[OBSERVER] Preemption gap: 253876 cycles
[CTXSW] Cycles: 11
[CTXSW] Cycles: 7
[CTXSW] Cycles: 30
[CTXSW] Cycles: 19
[CTXSW] Cycles: 8
[CTXSW] Cycles: 10
[CTXSW] Cycles: 8
[CTXSW] Cycles: 8
[CTXSW] Cycles: 8
[CTXSW] Cycles: 7
[CTXSW] Cycles: 7
[CTXSW] Cycles: 10
[CRITICAL] Cycles: 168095
[MEDIUM] Cycles: 80028
[OBSERVER] Preemption gap: 262599 cycles
[CTXSW] Cycles: 8
[CTXSW] Cycles: 8
[CTXSW] Cycles: 24
[CTXSW] Cycles: 20
[CTXSW] Cycles: 8
[CTXSW] Cycles: 7
[CTXSW] Cycles: 8
[CTXSW] Cycles: 7
[CTXSW] Cycles: 8
[CTXSW] Cycles: 7
[CTXSW] Cycles: 8
[CTXSW] Cycles: 126
[CRITICAL] Cycles: 165502
[OBSERVER] Preemption gap: 181751 cycles
[CTXSW] Cycles: 7
[CTXSW] Cycles: 6
[CTXSW] Cycles: 33
[CTXSW] Cycles: 12
[CTXSW] Cycles: 7
[CTXSW] Cycles: 8
[CTXSW] Cycles: 7
[CTXSW] Cycles: 12
[CTXSW] Cycles: 31
[CTXSW] Cycles: 8
[CTXSW] Cycles: 7
[CTXSW] Cycles: 8
[CTXSW] Cycles: 6
[CTXSW] Cycles: 8
[CTXSW] Cycles: 6
[CTXSW] Cycles: 8
[CTXSW] Cycles: 7
[CTXSW] Cycles: 7
[CTXSW] Cycles: 6
[CTXSW] Cycles: 8
[CTXSW] Cycles: 7
[CRITICAL] Cycles: 160117
[MEDIUM] Cycles: 82807
[OBSERVER] Preemption gap: 252436 cycles
[CTXSW] Cycles: 8
[CTXSW] Cycles: 6
[CTXSW] Cycles: 30
[CTXSW] Cycles: 16
[CTXSW] Cycles: 9
[CTXSW] Cycles: 19
[CTXSW] Cycles: 13
[CTXSW] Cycles: 7
[CTXSW] Cycles: 9
[CTXSW] Cycles: 10
[CTXSW] Cycles: 12
[CTXSW] Cycles: 7
[CRITICAL] Cycles: 160042
[MEDIUM] Cycles: 80025
[OBSERVER] Preemption gap: 259412 cycles
[CTXSW] Cycles: 7
[CTXSW] Cycles: 6
[CTXSW] Cycles: 27
[CTXSW] Cycles: 16
[CTXSW] Cycles: 8
[CTXSW] Cycles: 7
[CTXSW] Cycles: 8
[CTXSW] Cycles: 6
[OBSERVER] Preemption gap: 25029 cycles
[CTXSW] Cycles: 8
[CTXSW] Cycles: 9
[CTXSW] Cycles: 7
[CTXSW] Cycles: 6
[CRITICAL] Cycles: 160413
[OBSERVER] Preemption gap: 170818 cycles
[CTXSW] Cycles: 7
[CTXSW] Cycles: 7
[CTXSW] Cycles: 16
[CTXSW] Cycles: 8
[CTXSW] Cycles: 8
[CTXSW] Cycles: 9
[CTXSW] Cycles: 6
[CTXSW] Cycles: 7
[CTXSW] Cycles: 8
[CTXSW] Cycles: 7
[CTXSW] Cycles: 9
[CTXSW] Cycles: 7
[CTXSW] Cycles: 9
[CTXSW] Cycles: 7
[CTXSW] Cycles: 7
[CTXSW] Cycles: 8
[CTXSW] Cycles: 6
[CTXSW] Cycles: 8
[CTXSW] Cycles: 18
[CTXSW] Cycles: 7
[CTXSW] Cycles: 7
[CRITICAL] Cycles: 163941
[MEDIUM] Cycles: 80033
[OBSERVER] Preemption gap: 252478 cycles
[CTXSW] Cycles: 8
[CTXSW] Cycles: 111
[CTXSW] Cycles: 16
[CTXSW] Cycles: 16
[CTXSW] Cycles: 9
[CTXSW] Cycles: 124
[CTXSW] Cycles: 8
[CTXSW] Cycles: 20
[CTXSW] Cycles: 7
[CTXSW] Cycles: 7
[CTXSW] Cycles: 8
[CTXSW] Cycles: 20
[CRITICAL] Cycles: 160034
[MEDIUM] Cycles: 80028
[OBSERVER] Preemption gap: 265783 cycles
[CTXSW] Cycles: 12
[CTXSW] Cycles: 16
[CTXSW] Cycles: 20
[CTXSW] Cycles: 18
[CTXSW] Cycles: 8
[CTXSW] Cycles: 8
[CTXSW] Cycles: 8
[CTXSW] Cycles: 16
[CTXSW] Cycles: 13
[CTXSW] Cycles: 7
[CTXSW] Cycles: 9
[CTXSW] Cycles: 6
[CRITICAL] Cycles: 160138
[OBSERVER] Preemption gap: 181722 cycles
[CTXSW] Cycles: 8
[CTXSW] Cycles: 7
[CTXSW] Cycles: 15
[CTXSW] Cycles: 10
[CTXSW] Cycles: 18
[CTXSW] Cycles: 11
[CTXSW] Cycles: 8
[CTXSW] Cycles: 8
[CTXSW] Cycles: 12
[CTXSW] Cycles: 10
[CTXSW] Cycles: 7
[CTXSW] Cycles: 7
[CTXSW] Cycles: 10
[CTXSW] Cycles: 12
[CTXSW] Cycles: 15
[CTXSW] Cycles: 11
[CTXSW] Cycles: 15
[CTXSW] Cycles: 13
[CTXSW] Cycles: 16
[OBSERVER] Preemption gap: 29286 cycles
[CTXSW] Cycles: 10
[CTX[CRITICAL] Cycles: 162046
[MEDIUM] Cycles: 80180
SW] Cycles: 11
[CTXSW] Cycles: 10
[CTXSW] Cycles: 11
[CTXSW] Cycles: 19
[CTXSW] Cycles: 9
[CTXSW] Cycles: 24
[CTXSW] Cycles: 7
[CTXSW] Cycles: 6
[CTXSW] Cycles: 8
[CTXSW] Cycles: 7
[CTXSW] Cycles: 9
[CTXSW] Cycles: 6
[CRITICAL] Cycles: 160035
[MEDIUM] Cycles: 80023
[OBSERVER] Preemption gap: 257964 cycles
[CTXSW] Cycles: 8
[CTXSW] Cycles: 7
[CTXSW] Cycles: 15
[CTXSW] Cycles: 17
[CTXSW] Cycles: 9
[CTXSW] Cycles: 12
[CTXSW] Cycles: 10
[CTXSW] Cycles: 7
[CTXSW] Cycles: 8
[CTXSW] Cycles: 14
[CTXSW] Cycles: 10
[CTXSW] Cycles: 7
[CRITICAL] Cycles: 160091
[OBSERVER] Preemption gap: 180773 cycles
[CTXSW] Cycles: 8
[CTXSW] Cycles: 17
[CTXSW] Cycles: 21
[CTXSW] Cycles: 12
[CTXSW] Cycles: 11
[CTXSW] Cycles: 9
[CTXSW] Cycles: 7
[CTXSW] Cycles: 8
[CTXSW] Cycles: 13
[CTXSW] Cycles: 9
[CTXSW] Cycles: 23
[CTXSW] Cycles: 8
[CTXSW] Cycles: 10
[CTXSW] Cycles: 7
[CTXSW] Cycles: 7
[CTXSW] Cycles: 7
[CTXSW] Cycles: 7
[CTXSW] Cycles: 8
[CTXSW] Cycles: 19
[CTXSW] Cycles: 13
[CTXSW] Cycles: 7
[CRITICAL] Cycles: 161280
[MEDIUM] Cycles: 83173
[OBSERVER] Preemption gap: 256026 cycles
[CTXSW] Cycles: 8
[CTXSW] Cycles: 12
[CTXSW] Cycles: 21
[CTXSW] Cycles: 26
[CTXSW] Cycles: 8
[CTXSW] Cycles: 7
[CTXSW] Cycles: 7
[CTXSW] Cycles: 6
[CTXSW] Cycles: 8
[CTXSW] Cycles: 6
[CTXSW] Cycles: 11
[CTXSW] Cycles: 7
[CRITICAL] Cycles: 162305
[MEDIUM] Cycles: 80030
[OBSERVER] Preemption gap: 253746 cycles
[CTXSW] Cycles: 7
[CTXSW] Cycles: 8
[CTXSW] Cycles: 27
[CTXSW] Cycles: 26
[CTXSW] Cycles: 9
[CTXSW] Cycles: 125
[CTXSW] Cycles: 7
[CTXSW] Cycles: 8
[CTXSW] Cycles: 7
[CTXSW] Cycles: 7
[CTXSW] Cycles: 16
[CTXSW] Cycles: 9
[CRITICAL] Cycles: 161122
[OBSERVER] Preemption gap: 174439 cycles
[CTXSW] Cycles: 8
[CTXSW] Cycles: 8
[CTXSW] Cycles: 26
[CTXSW] Cycles: 11
[CTXSW] Cycles: 14
[CTXSW] Cycles: 7
[CTXSW] Cycles: 6
[CTXSW] Cycles: 8
[CTXSW] Cycles: 8
[CTXSW] Cycles: 8
[CTXSW] Cycles: 8
[CTXSW] Cycles: 7
[CTXSW] Cycles: 8
[CTXSW] Cycles: 17
[CTXSW] Cycles: 20
[CTXSW] Cycles: 12
[CTXSW] Cycles: 8
[CTXSW] Cycles: 8
[CTXSW] Cycles: 25
[OBSERVER] Preemption gap: 27052 cycles
[CTXSW] Cycles: 12
[CTXSW] Cycles: 6
[CRITICAL] Cycles: 160035
[MEDIUM] Cycles: 80159
[OBSERVER] Preemption gap: 245351 cycles
[CTXSW] Cycles: 8
[CTXSW] Cycles: 7
[CTXSW] Cycles: 22
[CTXSW] Cycles: 18
[CTXSW] Cycles: 10
[CTXSW] Cycles: 8
[CTXSW] Cycles: 7
[CTXSW] Cycles: 7
[CTXSW] Cycles: 7
[CTXSW] Cycles: 21
[CTXSW] Cycles: 12
[CTXSW] Cycles: 35
[CRITICAL] Cycles: 160895
[MEDIUM] Cycles: 83374
[OBSERVER] Preemption gap: 262403 cycles
[CTXSW] Cycles: 8
[CTXSW] Cycles: 18
[CTXSW] Cycles: 15
[CTXSW] Cycles: 18
[CTXSW] Cycles: 9
[CTXSW] Cycles: 16
[CTXSW] Cycles: 12
[CTXSW] Cycles: 8
[CTXSW] Cycles: 9
[CTXSW] Cycles: 24
[CTXSW] Cycles: 10
[CTXSW] Cycles: 7
[CRITICAL] Cycles: 160032
[OBSERVER] Preemption gap: 181099 cycles
[CTXSW] Cycles: 7
[CTXSW] Cycles: 7
[CTXSW] Cycles: 17
[CTXSW] Cycles: 8
[CTXSW] Cycles: 18
[CTXSW] Cycles: 12
[CTXSW] Cycles: 14
[CTXSW] Cycles: 15
[CTXSW] Cycles: 7
[CTXSW] Cycles: 8
[CTXSW] Cycles: 15
[CTXSW] Cycles: 9
[CTXSW] Cycles: 18
[CTXSW] Cycles: 11
[CTXSW] Cycles: 7
[OBSERVER] Preemption gap: 24232 cycles
[CTXSW] Cycles: 7
[CTXSW] Cycles: 51
[CTXSW] Cycles: 10
[CTXSW] Cycles: 18
[CTXSW] Cycles: 8
[CTXSW] Cycles: 6
[CRITICAL] Cycles: 162990
[MEDIUM] Cycles: 80104
[OBSERVER] Preemption gap: 255749 cycles
[CTXSW] Cycles: 8
[CTXSW] Cycles: 6
[CTXSW] Cycles: 13
[CTXSW] Cycles: 20
[CTXSW] Cycles: 8
[CTXSW] Cycles: 31
[CTXSW] Cycles: 13
[CTXSW] Cycles: 24
[CTXSW] Cycles: 10
[CTXSW] Cycles: 6
[CTXSW] Cycles: 11
[CTXSW] Cycles: 7
[CRITICAL] Cycles: 161467
[MEDIUM] Cycles: 80030
[OBSERVER] Preemption gap: 251493 cycles
[CTXSW] Cycles: 8
[CTXSW] Cycles: 7
[CTXSW] Cycles: 19
[CTXSW] Cycles: 22
[CTXSW] Cycles: 9
[CTXSW] Cycles: 8
[CTXSW] Cycles: 8
[CTXSW] Cycles: 6
[CTXSW] Cycles: 8
[CTXSW] Cycles: 6
[CTXSW] Cycles: 8
[CTXSW] Cycles: 6
[CRITICAL] Cycles: 160033
[OBSERVER] Preemption gap: 172923 cycles
[CTXSW] Cycles: 8
[CTXSW] Cycles: 7
[CTXSW] Cycles: 18
[CTXSW] Cycles: 9
[CTXSW] Cycles: 42
[CTXSW] Cycles: 11
[CTXSW] Cycles: 7
[CTXSW] Cycles: 8
[CTXSW] Cycles: 21
[CTXSW] Cycles: 12
[CTXSW] Cycles: 47
[CTXSW] Cycles: 12
[CTXSW] Cycles: 7
[OBSERVER] Preemption gap: 24158 cycles
[CTXSW] Cycles: 12
[CTXSW] Cycles: 17
[CTXSW] Cycles: 11
[CTXSW] Cycles: 7
[CTXSW] Cycles: 9
[CTXSW] Cycles: 7
[CTXSW] Cycles: 16
[CTXSW] Cycles: 7
[CRITICAL] Cycles: 166097
[MEDIUM] Cycles: 80032
[OBSERVER] Preemption gap: 259826 cycles
[CTXSW] Cycles: 8
[CTXSW] Cycles: 6
[CTXSW] Cycles: 11
[CTXSW] Cycles: 25
[CTXSW] Cycles: 8
[CTXSW] Cycles: 7
[CTXSW] Cycles: 9
[CTXSW] Cycles: 8
[CTXSW] Cycles: 11
[CTXSW] Cycles: 9
[CTXSW] Cycles: 8
[CTXSW] Cycles: 18
[CRITICAL] Cycles: 161271
[MEDIUM] Cycles: 80035
[OBSERVER] Preemption gap: 255380 cycles
[CTXSW] Cycles: 9
[CTXSW] Cycles: 7
[CTXSW] Cycles: 36
[CTXSW] Cycles: 22
[CTXSW] Cycles: 13
[CTXSW] Cycles: 11
[OBSERVER] Preemption gap: 24176 cycles
[CTXSW] Cycles: 9
[CTXSW] Cycles: 10
[CTXSW] Cycles: 9
[CTXSW] Cycles: 7
[CTXSW] Cycles: 8
[CTXSW] Cycles: 9
[CRITICAL] Cycles: 160153
[OBSERVER] Preemption gap: 183245 cycles
[CTXSW] Cycles: 9
[CTXSW] Cycles: 6
[CTXSW] Cycles: 21
[CTXSW] Cycles: 9
[CTXSW] Cycles: 7
[CTXSW] Cycles: 8
[CTXSW] Cycles: 6
[CTXSW] Cycles: 9
[CTXSW] Cycles: 6
[CTXSW] Cycles: 8
[CTXSW] Cycles: 7
[CTXSW] Cycles: 8
[CTXSW] Cycles: 7
[CTXSW] Cycles: 8
[CTXSW] Cycles: 6
[CTXSW] Cycles: 7
[CTXSW] Cycles: 7
[CTXSW] Cycles: 8
[CTXSW] Cycles: 7
[CTXSW] Cycles: 9
[CTXSW] Cycles: 7
[CRITICAL] Cycles: 160031
[MEDIUM] Cycles: 80030
[OBSERVER] Preemption gap: 260921 cycles
[CTXSW] Cycles: 7
[CTXSW] Cycles: 7
[CTXSW] Cycles: 17
[CTXSW] Cycles: 10
[CTXSW] Cycles: 7
[CTXSW] Cycles: 7
[CTXSW] Cycles: 7
[CTXSW] Cycles: 7
[CTXSW] Cycles: 8
[CTXSW] Cycles: 7
[CTXSW] Cycles: 8
[CTXSW] Cycles: 6
[CRITICAL] Cycles: 160026
[MEDIUM] Cycles: 83472
[OBSERVER] Preemption gap: 261821 cycles
[CTXSW] Cycles: 8
[CTXSW] Cycles: 7
[CTXSW] Cycles: 10
[CTXSW] Cycles: 25
[CTXSW] Cycles: 10
[CTXSW] Cycles: 41
[CTXSW] Cycles: 11
[CTXSW] Cycles: 7
[CTXSW] Cycles: 8
[CTXSW] Cycles: 7
[CTXSW] Cycles: 8
[CTXSW] Cycles: 8
[CRITICAL] Cycles: 160506
[OBSERVER] Preemption gap: 177912 cycles
[CTXSW] Cycles: 8
[CTXSW] Cycles: 8
[CTXSW] Cycles: 23
[CTXSW] Cycles: 8
[CTXSW] Cycles: 9
[CTXSW] Cycles: 8
[CTXSW] Cycles: 6
[OBSERVER] Preemption gap: 24042 cycles
[CTXSW] Cycles: 8
[CTXSW] Cycles: 13
[CTXSW] Cycles: 9
[CTXSW] Cycles: 7
[CTXSW] Cycles: 8
[CTXSW] Cycles: 7
[CTXSW] Cycles: 9
[CTXSW] Cycles: 7
[CTXSW] Cycles: 8
[CTXSW] Cycles: 7
[CTXSW] Cycles: 8
[CTXSW] Cycles: 7
[CTXSW] Cycles: 8
[CTXSW] Cycles: 7
[CRITICAL] Cycles: 160037
[MEDIUM] Cycles: 82475
[OBSERVER] Preemption gap: 247631 cycles
[CTXSW] Cycles: 7
[CTXSW] Cycles: 6
[CTXSW] Cycles: 31
[CTXSW] Cycles: 21
[CTXSW] Cycles: 10
[CTXSW] Cycles: 14
[CTXSW] Cycles: 11
[CTXSW] Cycles: 6
[CTXSW] Cycles: 7
[CTXSW] Cycles: 15
[OBSERVER] Preemption gap: 24088 cycles
[CTXSW] Cycles: 10
[CTXSW] Cycles: 7
[CRITICAL] Cycles: 160031
[MEDIUM] Cycles: 80027
[OBSERVER] Preemption gap: 251313 cycles
[CTXSW] Cycles: 8
[CTXSW] Cycles: 7
[CTXSW] Cycles: 14
[CTXSW] Cycles: 23
[CTXSW] Cycles: 9
[CTXSW] Cycles: 7
[CTXSW] Cycles: 8
[CTXSW] Cycles: 7
[CTXSW] Cycles: 7
[CTXSW] Cycles: 6
[CTXSW] Cycles: 8
[CTXSW] Cycles: 7
[CRITICAL] Cycles: 160137
[OBSERVER] Preemption gap: 184641 cycles
[CTXSW] Cycles: 8
[CTXSW] Cycles: 7
[CTXSW] Cycles: 19
[CTXSW] Cycles: 8
[CTXSW] Cycles: 8
[CTXSW] Cycles: 7
[CTXSW] Cycles: 9
[CTXSW] Cycles: 8
[CTXSW] Cycles: 24
[CTXSW] Cycles: 13
[CTXSW] Cycles: 17
[CTXSW] Cycles: 11
[CTXSW] Cycles: 18
[CTXSW] Cycles: 11
[CTXSW] Cycles: 182
[CTXSW] Cycles: 8
[CTXSW] Cycles: 7
[CTXSW] Cycles: 18
[CTXSW] Cycles: 6
[CTXSW] Cycles: 8
[CTXSW] Cycles: 6
[CRITICAL] Cycles: 160147
[MEDIUM] Cycles: 80030
[OBSERVER] Preemption gap: 262111 cycles
[CTXSW] Cycles: 8
[CTXSW] Cycles: 6
[CTXSW] Cycles: 24
[CTXSW] Cycles: 16
[CTXSW] Cycles: 8
[CTXSW] Cycles: 20
[CTXSW] Cycles: 12
[CTXSW] Cycles: 152
[CTXSW] Cycles: 10
[CTXSW] Cycles: 23
[CTXSW] Cycles: 10
[CTXSW] Cycles: 7
[CRITICAL] Cycles: 160944
[MEDIUM] Cycles: 80819
[OBSERVER] Preemption gap: 254322 cycles
[CTXSW] Cycles: 7
[CTXSW] Cycles: 7
[CTXSW] Cycles: 21
[CTXSW] Cycles: 21
[CTXSW] Cycles: 10
[CTXSW] Cycles: 17
[CTXSW] Cycles: 8
[CTXSW] Cycles: 7
[CTXSW] Cycles: 8
[CTXSW] Cycles: 7
[CTXSW] Cycles: 8
[CTXSW] Cycles: 7
[CRITICAL] Cycles: 160033
[OBSERVER] Preemption gap: 183116 cycles
[CTXSW] Cycles: 8
[CTXSW] Cycles: 10
[CTXSW] Cycles: 15
[CTXSW] Cycles: 8
[CTXSW] Cycles: 7
[CTXSW] Cycles: 8
[CTXSW] Cycles: 10
[CTXSW] Cycles: 8
[CTXSW] Cycles: 33
[CTXSW] Cycles: 10
[CTXSW] Cycles: 34
[CTXSW] Cycles: 8
[CTXSW] Cycles: 7
[CTXSW] Cycles: 7
[CTXSW] Cycles: 8
[CTXSW] Cycles: 16
[CTXSW] Cycles: 7
[CTXSW] Cycles: 8
[CTXSW] Cycles: 7
[CTXSW] Cycles: 13
[CTXSW] Cycles: 6
[CRITICAL] Cycles: 164397
[MEDIUM] Cycles: 80680
[OBSERVER] Preemption gap: 257311 cycles
[CTXSW] Cycles: 7
[CTXSW] Cycles: 7
[CTXSW] Cycles: 13
[CTXSW] Cycles: 12
[CTXSW] Cycles: 8
[CTXSW] Cycles: 6
[CTXSW] Cycles: 8
[CTXSW] Cycles: 7
[CTXSW] Cycles: 7
[CTXSW] Cycles: 119
[CTXSW] Cycles: 8
[CTXSW] Cycles: 6
[CRITICAL] Cycles: 160027
[MEDIUM] Cycles: 80023
[OBSERVER] Preemption gap: 261742 cycles
[CTXSW] Cycles: 8
[CTXSW] Cycles: 12
[CTXSW] Cycles: 13
[CTXSW] Cycles: 32
[CTXSW] Cycles: 8
[CTXSW] Cycles: 7
[CTXSW] Cycles: 8
[CTXSW] Cycles: 6
[CTXSW] Cycles: 7
[CTXSW] Cycles: 7
[OBSERVER] Preemption gap: 25251 cycles
[CTXSW] Cycles: 8
[CTXSW] Cycles: 6
[CRITICAL] Cycles: 166901
[OBSERVER] Preemption gap: 173182 cycles
[CTXSW] Cycles: 8
[CTXSW] Cycles: 7
[CTXSW] Cycles: 15
[CTXSW] Cycles: 8
[CTXSW] Cycles: 7
[CTXSW] Cycles: 9
[CTXSW] Cycles: 6
[OBSERVER] Preemption gap: 27431 cycles
[CTXSW] Cycles: 8
[CTXSW] Cycles: 11
[CTXSW] Cycles: 8
[CTXSW] Cycles: 6
[CTXSW] Cycles: 8
[CTXSW] Cycles: 7
[CTXSW] Cycles: 7
[CTXSW] Cycles: 7
[CTXSW] Cycles: 8
[CTXSW] Cycles: 7
[CTXSW] Cycles: 8
[CTXSW] Cycles: 7
[CTXSW] Cycles: 7
[CTXSW] Cycles: 6
[CRITICAL] Cycles: 170906
[MEDIUM] Cycles: 80021
[OBSERVER] Preemption gap: 268541 cycles
[CTXSW] Cycles: 8
[CTXSW] Cycles: 6
[CTXSW] Cycles: 15
[CTXSW] Cycles: 10
[CTXSW] Cycles: 8
[CTXSW] Cycles: 6
[CTXSW] Cycles: 8
[CTXSW] Cycles: 7
[CTXSW] Cycles: 8
[CTXSW] Cycles: 6
[CTXSW] Cycles: 8
[CTXSW] Cycles: 33
[CRITICAL] Cycles: 160136
[MEDIUM] Cycles: 80026
[OBSERVER] Preemption gap: 257293 cycles
[CTXSW] Cycles: 8
[CTXSW] Cycles: 7
[CTXSW] Cycles: 11
[CTXSW] Cycles: 18
[CTXSW] Cycles: 10
[CTXSW] Cycles: 18
[CTXSW] Cycles: 12
[CTXSW] Cycles: 7
[OBSERVER] Preemption gap: 27873 cycles
[CTXSW] Cycles: 8
[CTXSW] Cycles: 6
[CRITICAL] Cycles: 167089
[OBSERVER] Preemption gap: 187152 cycles
[CTXSW] Cycles: 7
[CTXSW] Cycles: 7
[CTXSW] Cycles: 32
[CTXSW] Cycles: 12
[CTXSW] Cycles: 13
[CTXSW] Cycles: 8
[CTXSW] Cycles: 36
[CTXSW] Cycles: 8
[CTXSW] Cycles: 10
[CTXSW] Cycles: 8
[CTXSW] Cycles: 8
[CTXSW] Cycles: 10
[CTXSW] Cycles: 22
[CTXSW] Cycles: 15
[CTXSW] Cycles: 9
[CTXSW] Cycles: 9
[CTXSW] Cycles: 7
[CTXSW] Cycles: 8
[CTXSW] Cycles: 17
[CTXSW] Cycles: 12
[CTXSW] Cycles: 7
[CRITICAL] Cycles: 160952
[MEDIUM] Cycles: 80031
[OBSERVER] Preemption gap: 253174 cycles
[CTXSW] Cycles: 9
[CTXSW] Cycles: 6
[CTXSW] Cycles: 28
[CTXSW] Cycles: 19
[CTXSW] Cycles: 11
[CTXSW] Cycles: 8
[CTXSW] Cycles: 8
[CTXSW] Cycles: 142
[CTXSW] Cycles: 12
[CTXSW] Cycles: 7
[CTXSW] Cycles: 8
[CTXSW] Cycles: 7
[CRITICAL] Cycles: 160036
[MEDIUM] Cycles: 80024
[OBSERVER] Preemption gap: 268786 cycles
[CTXSW] Cycles: 7
[CTXSW] Cycles: 7
[CTXSW] Cycles: 32
[CTXSW] Cycles: 20
[CTXSW] Cycles: 10
[CTXSW] Cycles: 125
[CTXSW] Cycles: 9
[CTXSW] Cycles: 7
[CTXSW] Cycles: 7
[CTXSW] Cycles: 7
[CTXSW] Cycles: 8
[CTXSW] Cycles: 9
[CRITICAL] Cycles: 160033
[OBSERVER] Preemption gap: 176349 cycles
[CTXSW] Cycles: 8
[CTXSW] Cycles: 41
[CTXSW] Cycles: 19
[CTXSW] Cycles: 9
[CTXSW] Cycles: 8
[CTXSW] Cycles: 7
[CTXSW] Cycles: 6
[CTXSW] Cycles: 7
[CTXSW] Cycles: 13
[CTXSW] Cycles: 9
[CTXSW] Cycles: 122
[CTXSW] Cycles: 8
[CTXSW] Cycles: 7
[CTXSW] Cycles: 11
[CTXSW] Cycles: 6
[CTXSW] Cycles: 16
[CTXSW] Cycles: 6
[OBSERVER] Preemption gap: 24322 cycles
[CTXSW] Cycles: 7
[CTXSW] Cycles: 18
[CTXSW] Cycles: 8
[CTXSW] Cycles: 34
[CRITICAL] Cycles: 162103
[MEDIUM] Cycles: 80070
[OBSERVER] Preemption gap: 254536 cycles
[CTXSW] Cycles: 8
[CTXSW] Cycles: 6
[CTXSW] Cycles: 9
[CTXSW] Cycles: 19
[CTXSW] Cycles: 9
[CTXSW] Cycles: 12
[CTXSW] Cycles: 10
[CTXSW] Cycles: 6
[CTXSW] Cycles: 9
[CTXSW] Cycles: 7
[CTXSW] Cycles: 8
[CTXSW] Cycles: 33
[CRITICAL] Cycles: 160024
[MEDIUM] Cycles: 80036
[OBSERVER] Preemption gap: 252558 cycles
[CTXSW] Cycles: 8
[CTXSW] Cycles: 7
[CTXSW] Cycles: 16
[CTXSW] Cycles: 29
[CTXSW] Cycles: 8
[CTXSW] Cycles: 7
[CTXSW] Cycles: 7
[CTXSW] Cycles: 6
[CTXSW] Cycles: 9
[CTXSW] Cycles: 7
[CTXSW] Cycles: 10
[CTXSW] Cycles: 8
[CRITICAL] Cycles: 164035
[OBSERVER] Preemption gap: 174662 cycles
[CTXSW] Cycles: 8
[CTXSW] Cycles: 6
[CTXSW] Cycles: 13
[CTXSW] Cycles: 8
[CTXSW] Cycles: 8
[CTXSW] Cycles: 8
[CTXSW] Cycles: 10
[CTXSW] Cycles: 7
[CTXSW] Cycles: 36
[CTXSW] Cycles: 9
[CTXSW] Cycles: 7
[CTXSW] Cycles: 7
[CTXSW] Cycles: 7
[CTXSW] Cycles: 7
[CTXSW] Cycles: 6
[CTXSW] Cycles: 7
[CTXSW] Cycles: 7
[CTXSW] Cycles: 7
[CTXSW] Cycles: 6
[CTXSW] Cycles: 8
[CTXSW] Cycles: 6
[CRITICAL] Cycles: 160036
[MEDIUM] Cycles: 80031
[OBSERVER] Preemption gap: 258686 cycles
[CTXSW] Cycles: 7
[CTXSW] Cycles: 82
[CTXSW] Cycles: 17
[CTXSW] Cycles: 16
[CTXSW] Cycles: 10
[CTXSW] Cycles: 8
[CTXSW] Cycles: 8
[CTXSW] Cycles: 7
[CTXSW] Cycles: 7
[CTXSW] Cycles: 6
[CTXSW] Cycles: 8
[CTXSW] Cycles: 7
[CRITICAL] Cycles: 160036
